numero,numeroDomanda,codiceQuiz,testo,tipo,punteggio
1,1,1,Pericle,Sbagliata,
2,1,1,Tucidide,Sbagliata,
3,1,1,Senofonte,Corretta,1.0
4,1,1,Erodoto,Sbagliata,
1,1,2,-OH,Corretta,1.0
2,1,2,-CHO,Sbagliata,
3,1,2,-NH₂,Sbagliata,
4,1,2,-COOH,Sbagliata,
1,2,2,Metano,Sbagliata,
2,2,2,Butadiene,Sbagliata,
3,2,2,Etilene,Corretta,1.0
4,2,2,Propilene,Sbagliata,
1,1,3,Il prodotto massa per velocità,Corretta,1.0
2,1,3,La forza applicata,Sbagliata,
3,1,3,Il momento angolare,Sbagliata,
4,1,3,L'energia cinetica,Sbagliata,
1,2,3,Seconda legge di Newton,Corretta,1.0
2,2,3,Prima legge di Newton,Sbagliata,
3,2,3,Legge di Hooke,Sbagliata,
4,2,3,Terza legge di Newton,Sbagliata,
1,1,4,America,Sbagliata,
2,1,4,La metamorfosi,Corretta,1.0
3,1,4,Il processo,Sbagliata,
4,1,4,Il castello,Sbagliata,
1,2,4,Naturalismo,Sbagliata,
2,2,4,Simbolismo,Sbagliata,
3,2,4,Modernismo,Corretta,1.0
4,2,4,Espressionismo,Sbagliata,
1,1,5,Il valore nominale,Sbagliata,
2,1,5,La sensibilità del prezzo alle variazioni del tasso,Corretta,1.0
3,1,5,Il rendimento a scadenza,Sbagliata,
4,1,5,Il rating creditizio,Sbagliata,
1,2,5,I = C / r,Sbagliata,
2,2,5,I = C × (1+r)^t,Sbagliata,
3,2,5,I = C × r × t,Corretta,1.0
4,2,5,I = C - r × t,Sbagliata,
1,3,5,Il valore attuale di una rendita,Sbagliata,
2,3,5,L'interesse proporzionale al capitale e al tempo,Corretta,1.0
3,3,5,Il costo del debito,Sbagliata,
4,3,5,L'interesse composto sul tempo,Sbagliata,
1,1,6,DNA circolare,Sbagliata,
2,1,6,Polisaccaridi,Sbagliata,
3,1,6,Proteine fibrose,Sbagliata,
4,1,6,Doppio strato fosfolipidico,Corretta,1.0
1,2,6,Meiosi,Sbagliata,
2,2,6,Fagocitosi,Sbagliata,
3,2,6,Osmosi,Sbagliata,
4,2,6,Mitosi,Corretta,1.0
1,3,6,Ribosoma,Sbagliata,
2,3,6,Mitocondrio,Corretta,1.0
3,3,6,Apparato di Golgi,Sbagliata,
4,3,6,Nucleo,Sbagliata,
1,4,6,I lipidi di membrana,Sbagliata,
2,4,6,Il DNA e il materiale genetico,Corretta,1.0
3,4,6,L'RNA messaggero,Sbagliata,
4,4,6,I ribosomi,Sbagliata,
1,1,7,Bratislava,Sbagliata,
2,1,7,Budapest,Corretta,1.0
3,1,7,Vienna,Sbagliata,
4,1,7,Praga,Sbagliata,
1,2,7,Danzica,Sbagliata,
2,2,7,Cracovia,Sbagliata,
3,2,7,Varsavia,Corretta,1.0
4,2,7,Breslavia,Sbagliata,
1,3,7,Norvegia,Corretta,1.0
2,3,7,Portogallo,Sbagliata,
3,3,7,Austria,Sbagliata,
4,3,7,Belgio,Sbagliata,
1,1,8,Saturno,Corretta,1.0
2,1,8,Nettuno,Sbagliata,
3,1,8,Giove,Sbagliata,
4,1,8,Urano,Sbagliata,
1,2,8,Pianeti gassosi,Sbagliata,
2,2,8,Stelle giovani in formazione,Sbagliata,
3,2,8,Resti ultra-densi di supernovae,Corretta,1.0
4,2,8,Buchi neri in espansione,Sbagliata,
1,3,8,Un satellite artificiale,Sbagliata,
2,3,8,Una galassia lontana,Sbagliata,
3,3,8,Una nube interstellare di gas e polveri,Corretta,1.0
4,3,8,Un buco nero in formazione,Sbagliata,
1,4,8,Poche centinaia,Sbagliata,
2,4,8,Miliardi,Corretta,1.0
3,4,8,Migliaia,Sbagliata,
4,4,8,Milioni,Sbagliata,
1,1,9,Spagnolo,Corretta,1.0
2,1,9,Francese,Sbagliata,
3,1,9,Portoghese,Sbagliata,
4,1,9,Italiano,Sbagliata,
1,2,9,"Italiano, Tedesco, Inglese",Sbagliata,
2,2,9,"Spagnolo, Arabo, Turco",Sbagliata,
3,2,9,"Italiano, Francese, Spagnolo",Corretta,1.0
4,2,9,"Francese, Russo, Polacco",Sbagliata,
1,1,10,Tempera su tavola,Corretta,1.0
2,1,10,Acquerello su carta,Sbagliata,
3,1,10,Fresco su metallo,Sbagliata,
4,1,10,Olio su tela,Sbagliata,
1,2,10,Archi a sesto acuto e vetrate colorate,Corretta,1.0
2,2,10,Arcate semicircolari,Sbagliata,
3,2,10,Colonne doriche e frontoni triangolari,Sbagliata,
4,2,10,Cupole e mosaici dorati,Sbagliata,
1,3,10,Rinascimentale,Sbagliata,
2,3,10,Romanico,Sbagliata,
3,3,10,Gotico,Corretta,1.0
4,3,10,Neoclassico,Sbagliata,
1,1,11,Roberto Rossellini,Sbagliata,
2,1,11,Vittorio De Sica,Sbagliata,
3,1,11,Mario Monicelli,Sbagliata,
4,1,11,Federico Fellini,Corretta,1.0
1,2,11,Cinema americano degli anni '50,Sbagliata,
2,2,11,Cinema tedesco espressionista,Sbagliata,
3,2,11,Cinema italiano neorealista,Sbagliata,
4,2,11,Cinema francese degli anni '60,Corretta,1.0
1,3,11,Sacrificio,Sbagliata,
2,3,11,Solaris,Sbagliata,
3,3,11,Stalker,Corretta,1.0
4,3,11,Andrei Rublev,Sbagliata,
1,4,11,Michelangelo Antonioni,Sbagliata,
2,4,11,Luchino Visconti,Sbagliata,
3,4,11,Pier Paolo Pasolini,Sbagliata,
4,4,11,Federico Fellini,Corretta,1.0
1,1,12,Tartufo,Sbagliata,
2,1,12,Basilico,Sbagliata,
3,1,12,Zafferano,Corretta,1.0
4,1,12,Pepe nero,Sbagliata,
1,2,12,Toscana,Sbagliata,
2,2,12,Lombardia,Sbagliata,
3,2,12,Emilia-Romagna,Corretta,1.0
4,2,12,Piemonte,Sbagliata,
1,3,12,Piemonte,Corretta,1.0
2,3,12,Liguria,Sbagliata,
3,3,12,Trentino,Sbagliata,
4,3,12,Veneto,Sbagliata,
1,4,12,Colomba,Sbagliata,
2,4,12,Panettone,Sbagliata,
3,4,12,Pandoro,Sbagliata,
4,4,12,Struffoli,Corretta,1.0
1,1,13,Computer Processing Unit,Sbagliata,
2,1,13,Core Processing Unit,Sbagliata,
3,1,13,Central Processing Unit,Corretta,1.0
4,1,13,Central Power Unit,Sbagliata,
1,2,13,Traduce codice sorgente in linguaggio macchina,Corretta,1.0
2,2,13,Comprime file,Sbagliata,
3,2,13,Esegue programmi in tempo reale,Sbagliata,
4,2,13,Gestisce la memoria RAM,Sbagliata,
1,3,13,Read Application Mode,Sbagliata,
2,3,13,Random Application Memory,Sbagliata,
3,3,13,Read Access Memory,Sbagliata,
4,3,13,Random Access Memory,Corretta,1.0
1,4,13,Windows,Sbagliata,
2,4,13,macOS,Corretta,1.0
3,4,13,Linux,Sbagliata,
4,4,13,Android,Sbagliata,
1,1,14,21 anni,Sbagliata,
2,1,14,18 anni,Corretta,1.0
3,1,14,25 anni,Sbagliata,
4,1,14,16 anni,Sbagliata,
1,1,15,Costo opportunità,Sbagliata,
2,1,15,Costo marginale,Sbagliata,
3,1,15,Costo variabile,Sbagliata,
4,1,15,Costo fisso,Corretta,1.0
1,2,15,Il punto in cui ricavi e costi totali si eguagliano,Corretta,1.0
2,2,15,Il massimo profitto ottenibile,Sbagliata,
3,2,15,Il punto di minimo costo,Sbagliata,
4,2,15,Il volume di vendita ottimale,Sbagliata,
1,1,16,Wolfgang Amadeus Mozart,Sbagliata,
2,1,16,Johannes Brahms,Sbagliata,
3,1,16,Franz Schubert,Sbagliata,
4,1,16,Ludwig van Beethoven,Corretta,1.0
1,1,17,L'acqua è il principio di tutte le cose,Sbagliata,
2,1,17,Il fuoco è l'elemento primordiale,Sbagliata,
3,1,17,L'aria è la sostanza di base,Sbagliata,
4,1,17,La realtà è composta da atomi indivisibili nel vuoto,Corretta,1.0
1,2,17,La conoscenza e la verità,Sbagliata,
2,2,17,Il comportamento morale e la vita buona,Corretta,1.0
3,2,17,La struttura del cosmo,Sbagliata,
4,2,17,Il linguaggio e la logica,Sbagliata,
1,3,17,Anassimandro,Sbagliata,
2,3,17,Parmenide,Sbagliata,
3,3,17,Zenone,Sbagliata,
4,3,17,Eraclito,Corretta,1.0
1,4,17,Platone,Sbagliata,
2,4,17,Socrate,Sbagliata,
3,4,17,Aristotele,Sbagliata,
4,4,17,Talete di Mileto,Corretta,1.0
1,5,17,La ricerca della felicità,Sbagliata,
2,5,17,La virtù come abitudine,Sbagliata,
3,5,17,La conoscenza della forma,Sbagliata,
4,5,17,Purificazione emotiva attraverso la tragedia,Corretta,1.0
1,1,18,Due,Sbagliata,
2,1,18,Sei,Sbagliata,
3,1,18,Quattro,Corretta,1.0
4,1,18,Tre,Sbagliata,
1,2,18,Tendine,Corretta,1.0
2,2,18,Legamento,Sbagliata,
3,2,18,Cartilagine,Sbagliata,
4,2,18,Periostio,Sbagliata,
1,3,18,Cervelletto,Sbagliata,
2,3,18,Lobo frontale e temporale sinistro,Corretta,1.0
3,3,18,Bulbo rachidiano,Sbagliata,
4,3,18,Corpo calloso,Sbagliata,
1,4,18,Radio,Sbagliata,
2,4,18,Tibia,Sbagliata,
3,4,18,Omero,Sbagliata,
4,4,18,Femore,Corretta,1.0
1,1,19,Trattato di Basilea,Sbagliata,
2,1,19,Protocollo di Kyoto,Sbagliata,
3,1,19,Accordo di Parigi,Corretta,1.0
4,1,19,Convenzione di Vienna,Sbagliata,
1,2,19,La quantità di CO₂ in atmosfera,Sbagliata,
2,2,19,La varietà di forme di vita in un ecosistema,Corretta,1.0
3,2,19,Il numero di piante in una foresta,Sbagliata,
4,2,19,La diversità geologica del suolo,Sbagliata,
1,3,19,Anidride carbonica (CO₂),Corretta,1.0
2,3,19,Azoto (N₂),Sbagliata,
3,3,19,Argon (Ar),Sbagliata,
4,3,19,Ossigeno (O₂),Sbagliata,
1,4,19,La distribuzione delle specie nel territorio,Sbagliata,
2,4,19,Il ciclo dell'acqua in natura,Sbagliata,
3,4,19,La sequenza di organismi che si nutrono l'uno dell'altro,Corretta,1.0
4,4,19,Il processo di fotosintesi,Sbagliata,
1,1,20,Londra,Sbagliata,
2,1,20,Tokyo,Corretta,1.0
3,1,20,Los Angeles,Sbagliata,
4,1,20,Parigi,Sbagliata,
1,2,20,Tuffi,Sbagliata,
2,2,20,Nuoto di fondo,Sbagliata,
3,2,20,Pallanuoto,Sbagliata,
4,2,20,Nuoto artistico (ex sincronizzato),Corretta,1.0
1,3,20,28,Sbagliata,
2,3,20,32,Corretta,1.0
3,3,20,40,Sbagliata,
4,3,20,24,Sbagliata,
1,1,21,Ulric Neisser,Corretta,1.0
2,1,21,Carl Rogers,Sbagliata,
3,1,21,Sigmund Freud,Sbagliata,
4,1,21,B.F. Skinner,Sbagliata,
1,2,21,Un edificio,Sbagliata,
2,2,21,Una rete neurale biologica,Sbagliata,
3,2,21,Un computer,Corretta,1.0
4,2,21,Un fiume,Sbagliata,
1,3,21,L'intelligenza emotiva,Sbagliata,
2,3,21,La creatività nel problem solving,Sbagliata,
3,3,21,La memoria procedurale,Sbagliata,
4,3,21,La capacità di analizzare e valutare le informazioni in modo razionale,Corretta,1.0
1,1,22,La pianificazione del traffico,Sbagliata,
2,1,22,L'architettura degli spazi pubblici,Sbagliata,
3,1,22,La separazione spaziale di gruppi sociali all'interno della città,Corretta,1.0
4,1,22,La gestione dei rifiuti urbani,Sbagliata,
1,2,22,La teoria economica,Sbagliata,
2,2,22,La storia medievale,Sbagliata,
3,2,22,La psicologia comportamentale,Sbagliata,
4,2,22,La sociologia urbana e l'immigrazione nelle città industriali,Corretta,1.0
1,1,23,Il cannocchiale,Sbagliata,
2,1,23,La bussola magnetica,Sbagliata,
3,1,23,Il telescopio,Sbagliata,
4,1,23,La stampa a caratteri mobili,Corretta,1.0
1,2,23,Sforza,Sbagliata,
2,2,23,Visconti,Sbagliata,
3,2,23,Medici,Corretta,1.0
4,2,23,Este,Sbagliata,
1,1,24,Mrs Dalloway,Corretta,1.0
2,1,24,The Waves,Sbagliata,
3,1,24,Orlando,Sbagliata,
4,1,24,To the Lighthouse,Sbagliata,
1,2,24,1930,Sbagliata,
2,2,24,1945,Sbagliata,
3,2,24,1922,Corretta,1.0
4,2,24,1915,Sbagliata,
1,1,25,Strutture matematiche fondamentalmente discrete (non continue),Corretta,1.0
2,1,25,Le equazioni differenziali,Sbagliata,
3,1,25,Il calcolo integrale e differenziale,Sbagliata,
4,1,25,La geometria euclidea,Sbagliata,
1,2,25,n^2,Sbagliata,
2,2,25,2^n,Sbagliata,
3,2,25,n!,Corretta,1.0
4,2,25,n×(n-1),Sbagliata,
1,3,25,Ogni insieme finito ha un sottoinsieme massimale,Sbagliata,
2,3,25,Ogni polinomio ha almeno una radice,Sbagliata,
3,3,25,Ogni mappa planare può essere colorata con al massimo 4 colori senza che regioni adiacenti abbiano lo stesso colore,Corretta,1.0
4,3,25,Ogni grafo è bipartito,Sbagliata,
1,1,26,Un protocollo di sicurezza,Sbagliata,
2,1,26,Un tipo di indirizzo IP,Sbagliata,
3,1,26,Un tipo di cavo di rete,Sbagliata,
4,1,26,Un identificatore univoco assegnato a ogni scheda di rete,Corretta,1.0
1,2,26,Il firewall di rete,Sbagliata,
2,2,26,Il servizio di posta elettronica,Sbagliata,
3,2,26,Il protocollo per trasferire file,Sbagliata,
4,2,26,Il sistema che traduce i nomi di dominio in indirizzi IP,Corretta,1.0
1,3,26,Livello di trasporto,Corretta,1.0
2,3,26,Livello fisico,Sbagliata,
3,3,26,Livello di rete,Sbagliata,
4,3,26,Livello applicazione,Sbagliata,
1,4,26,Non c'è differenza,Sbagliata,
2,4,26,"TCP è orientato alla connessione e affidabile, UDP è senza connessione e non garantisce la consegna",Corretta,1.0
3,4,26,TCP è più veloce di UDP,Sbagliata,
4,4,26,UDP è orientato alla connessione,Sbagliata,
1,1,27,Una lista doppiamente concatenata,Sbagliata,
2,1,27,Un tipo di albero bilanciato,Sbagliata,
3,1,27,Una struttura dati che mappa chiavi a valori tramite una funzione hash,Corretta,1.0
4,1,27,Una matrice di adiacenza,Sbagliata,
1,2,27,Coda (Queue),Corretta,1.0
2,2,27,Lista concatenata,Sbagliata,
3,2,27,Stack (Pila),Sbagliata,
4,2,27,Albero binario,Sbagliata,
1,3,27,Il percorso più breve in un grafo con pesi non negativi,Corretta,1.0
2,3,27,Il flusso massimo in una rete,Sbagliata,
3,3,27,L'ordinamento topologico,Sbagliata,
4,3,27,L'albero di copertura minimo,Sbagliata,
1,1,28,La promozione tramite influencer,Sbagliata,
2,1,28,La creazione di contenuti di valore per attrarre e coinvolgere il pubblico target,Corretta,1.0
3,1,28,Il marketing via SMS,Sbagliata,
4,1,28,La pubblicità a pagamento online,Sbagliata,
1,2,28,Un strumento per la gestione dei social media,Sbagliata,
2,2,28,Un tipo di campagna pubblicitaria,Sbagliata,
3,2,28,Un metodo di analisi dei dati,Sbagliata,
4,2,28,Il percorso del cliente dalla consapevolezza all'acquisto,Corretta,1.0
1,3,28,Mostrare annunci a utenti che hanno già visitato il sito,Corretta,1.0
2,3,28,La segmentazione del mercato,Sbagliata,
3,3,28,L'analisi dei competitor,Sbagliata,
4,3,28,Il primo contatto con un potenziale cliente,Sbagliata,
1,4,28,Sales Execution Online,Sbagliata,
2,4,28,System Engagement Outreach,Sbagliata,
3,4,28,Social Engine Operations,Sbagliata,
4,4,28,Search Engine Optimization,Corretta,1.0
1,1,29,Un sistema di gestione delle scorte,Sbagliata,
2,1,29,Una misura della redditività aziendale,Sbagliata,
3,1,29,Un modello che identifica le attività che creano valore in un'azienda,Corretta,1.0
4,1,29,Un metodo di valutazione del personale,Sbagliata,
1,2,29,Un documento che descrive gli obiettivi e le strategie di un'azienda,Corretta,1.0
2,2,29,Il rendiconto finanziario annuale,Sbagliata,
3,2,29,Il piano di marketing,Sbagliata,
4,2,29,Il contratto con i fornitori,Sbagliata,
1,3,29,"Ricavi, costi, utili e perdite",Sbagliata,
2,3,29,"Punti di forza, debolezze, opportunità e minacce",Corretta,1.0
3,3,29,"Domanda, offerta, prezzo e volume",Sbagliata,
4,3,29,"Clienti, fornitori, concorrenti e regolatori",Sbagliata,
1,4,29,Espandere la produzione interna,Sbagliata,
2,4,29,Affidare a terzi attività non core dell'azienda,Corretta,1.0
3,4,29,Investire in mercati stranieri,Sbagliata,
4,4,29,Formare i dipendenti all'estero,Sbagliata,
1,1,30,Dadaismo,Sbagliata,
2,1,30,Fauvismo,Sbagliata,
3,1,30,Cubismo,Sbagliata,
4,1,30,Post-Impressionismo,Corretta,1.0
1,2,30,Paul Klee,Sbagliata,
2,2,30,Pablo Picasso,Corretta,1.0
3,2,30,Henri Matisse,Sbagliata,
4,2,30,Salvador Dalí,Sbagliata,
1,3,30,Max Ernst,Sbagliata,
2,3,30,René Magritte,Sbagliata,
3,3,30,Joan Miró,Sbagliata,
4,3,30,Salvador Dalí,Corretta,1.0
1,4,30,Robert Rauschenberg,Sbagliata,
2,4,30,Andy Warhol,Corretta,1.0
3,4,30,Jasper Johns,Sbagliata,
4,4,30,Roy Lichtenstein,Sbagliata,
1,1,31,La velocità di tunneling,Sbagliata,
2,1,31,Una correlazione tra due particelle tale che lo stato di una dipende istantaneamente dall'altra,Corretta,1.0
3,1,31,Il principio di esclusione,Sbagliata,
4,1,31,L'energia di un fotone,Sbagliata,
1,2,31,J.J. Thomson,Sbagliata,
2,2,31,Ernest Rutherford,Sbagliata,
3,2,31,Niels Bohr,Corretta,1.0
4,2,31,Max Planck,Sbagliata,
1,1,32,Il trasferimento di elettroni tra atomi che formano ioni di carica opposta,Corretta,1.0
2,1,32,Un legame tra molecole polari,Sbagliata,
3,1,32,Un tipo di legame metallico,Sbagliata,
4,1,32,La condivisione di elettroni tra atomi,Sbagliata,
1,2,32,Ag,Sbagliata,
2,2,32,Au,Corretta,1.0
3,2,32,Go,Sbagliata,
4,2,32,Or,Sbagliata,
1,3,32,Mercurio,Corretta,1.0
2,3,32,Sodio,Sbagliata,
3,3,32,Gallio,Sbagliata,
4,3,32,Cesio,Sbagliata,
1,1,33,Respirazione cellulare,Sbagliata,
2,1,33,Bioluminescenza,Sbagliata,
3,1,33,Chemiosintesi,Sbagliata,
4,1,33,Fotosintesi,Corretta,1.0
1,2,33,Tra 50 e 200 metri,Sbagliata,
2,2,33,Nei primi 50 metri,Sbagliata,
3,2,33,Tra 200 e 500 metri,Sbagliata,
4,2,33,Oltre i 2000 metri,Corretta,1.0
1,3,33,Balena franca,Sbagliata,
2,3,33,Balenottera azzurra,Corretta,1.0
3,3,33,Orca,Sbagliata,
4,3,33,Capodoglio,Sbagliata,
1,4,33,Il merluzzo,Sbagliata,
2,4,33,Il pesce pagliaccio,Corretta,1.0
3,4,33,La trota,Sbagliata,
4,4,33,Il tonno,Sbagliata,
1,1,34,Il magma all'interno della Terra,Sbagliata,
2,1,34,Il magma fuoriuscito dal vulcano,Corretta,1.0
3,1,34,I detriti solidi del vulcano,Sbagliata,
4,1,34,Il gas vulcanico,Sbagliata,
1,2,34,Etna,Corretta,1.0
2,2,34,Campi Flegrei,Sbagliata,
3,2,34,Stromboli,Sbagliata,
4,2,34,Vesuvio,Sbagliata,
1,3,34,Con la scala Mercalli,Sbagliata,
2,3,34,Con il sismografo in gradi,Sbagliata,
3,3,34,Con la scala Richter o la scala momento (Mw),Corretta,1.0
4,3,34,Con il barometro,Sbagliata,
1,4,34,Il punto sulla superficie terrestre direttamente sopra l'ipocentro,Corretta,1.0
2,4,34,Il punto più profondo del sisma,Sbagliata,
3,4,34,Il centro del terremoto nella crosta,Sbagliata,
4,4,34,La zona più colpita dal terremoto,Sbagliata,
1,1,35,Una zona di alta pressione,Sbagliata,
2,1,35,Un vento di origine siberiana,Sbagliata,
3,1,35,Un tipo di nube temporalesca,Sbagliata,
4,1,35,Una zona di bassa pressione con venti che ruotano in senso antiorario nell'emisfero nord,Corretta,1.0
1,2,35,La deflessione dei venti causata dalla rotazione terrestre,Corretta,1.0
2,2,35,La formazione delle nubi temporalesche,Sbagliata,
3,2,35,L'evaporazione degli oceani,Sbagliata,
4,2,35,Il riscaldamento dell'atmosfera per irraggiamento,Sbagliata,
1,1,36,La più piccola unità linguistica dotata di significato,Corretta,1.0
2,1,36,Un tipo di sintagma,Sbagliata,
3,1,36,Un'unità fonetica senza significato,Sbagliata,
4,1,36,Una categoria grammaticale,Sbagliata,
1,2,36,Il fiorentino toscano,Corretta,1.0
2,2,36,Il veneziano,Sbagliata,
3,2,36,Il napoletano,Sbagliata,
4,2,36,Il siciliano,Sbagliata,
1,3,36,Circa 10,Sbagliata,
2,3,36,Circa 30,Sbagliata,
3,3,36,Circa 15,Sbagliata,
4,3,36,Circa 23,Corretta,1.0
1,4,36,Neologismo,Sbagliata,
2,4,36,Slittamento semantico,Corretta,1.0
3,4,36,Calco linguistico,Sbagliata,
4,4,36,Prestito lessicale,Sbagliata,
1,1,37,Un codice a blocchi,Sbagliata,
2,1,37,Un algoritmo a chiave pubblica/privata basato sui numeri primi,Corretta,1.0
3,1,37,Un protocollo di autenticazione,Sbagliata,
4,1,37,Un cifrario a sostituzione,Sbagliata,
1,2,37,Un tipo di firma digitale,Sbagliata,
2,2,37,Una funzione che mappa dati di qualsiasi dimensione in un valore di dimensione fissa,Corretta,1.0
3,2,37,Un protocollo di scambio chiavi,Sbagliata,
4,2,37,Una chiave crittografica,Sbagliata,
1,3,37,16,Sbagliata,
2,3,37,2,Corretta,1.0
3,3,37,8,Sbagliata,
4,3,37,10,Sbagliata,
1,4,37,Un numero con infinite cifre decimali,Sbagliata,
2,4,37,Un numero divisibile solo per 1 e per se stesso,Corretta,1.0
3,4,37,Un numero pari,Sbagliata,
4,4,37,Un numero negativo,Sbagliata,
1,1,38,Mercurio,Sbagliata,
2,1,38,Giunone,Sbagliata,
3,1,38,Marte,Corretta,1.0
4,1,38,Vulcano,Sbagliata,
1,2,38,Erebo,Sbagliata,
2,2,38,Stige,Corretta,1.0
3,2,38,Acheronte,Sbagliata,
4,2,38,Lete,Sbagliata,
1,1,39,Federico Barbarossa,Sbagliata,
2,1,39,Luigi il Pio,Sbagliata,
3,1,39,Ottone I,Sbagliata,
4,1,39,Carlo Magno,Corretta,1.0
1,2,39,Una guerra tra le città medievali,Sbagliata,
2,2,39,Una carestia del XII secolo,Sbagliata,
3,2,39,Un'epidemia di peste bubbonica che uccise un terzo della popolazione europea nel XIV secolo,Corretta,1.0
4,2,39,Un'invasione dei Vichinghi,Sbagliata,
1,1,40,Pechino,Corretta,1.0
2,1,40,Hong Kong,Sbagliata,
3,1,40,Shanghai,Sbagliata,
4,1,40,Nanchino,Sbagliata,
1,2,40,La festa indù della luce,Corretta,1.0
2,2,40,Il capodanno cinese,Sbagliata,
3,2,40,Il festival giapponese dei ciliegi,Sbagliata,
4,2,40,La celebrazione islamica del Ramadan,Sbagliata,
1,3,40,Cina,Sbagliata,
2,3,40,Corea del Sud,Sbagliata,
3,3,40,Giappone,Corretta,1.0
4,3,40,Vietnam,Sbagliata,
1,1,41,Resurrezione,Sbagliata,
2,1,41,Anna Karenina,Sbagliata,
3,1,41,Guerra e Pace,Corretta,1.0
4,1,41,La morte di Ivan Il'ič,Sbagliata,
1,1,42,La riduzione delle importazioni,Sbagliata,
2,1,42,La politica protezionistica nazionale,Sbagliata,
3,1,42,"L'integrazione crescente delle economie mondiali attraverso commercio, investimenti e tecnologia",Corretta,1.0
4,1,42,La nazionalizzazione delle imprese,Sbagliata,
1,2,42,I paesi con la maggiore inflazione,Sbagliata,
2,2,42,"Un gruppo di economie emergenti: Brasile, Russia, India, Cina, Sudafrica",Corretta,1.0
3,2,42,Le nazioni debitrici del FMI,Sbagliata,
4,2,42,I paesi produttori di petrolio,Sbagliata,
1,1,43,Estivazione,Sbagliata,
2,1,43,Migrazione,Sbagliata,
3,1,43,Mimetizzazione,Sbagliata,
4,1,43,Ibernazione,Corretta,1.0
1,2,43,Carnivora,Sbagliata,
2,2,43,Chiroptera,Corretta,1.0
3,2,43,Primates,Sbagliata,
4,2,43,Rodentia,Sbagliata,
1,1,44,Cellula meristematica,Sbagliata,
2,1,44,Cellula clorofiliana,Sbagliata,
3,1,44,Spora o gamete,Corretta,1.0
4,1,44,Cellula del floema,Sbagliata,
1,2,44,Commensalismo,Sbagliata,
2,2,44,Micorriza,Corretta,1.0
3,2,44,Lichene,Sbagliata,
4,2,44,Parassitismo,Sbagliata,
1,3,44,Piante acquatiche,Sbagliata,
2,3,44,Piante con fiori colorati,Sbagliata,
3,3,44,"Piante con semi non protetti da frutto, come le conifere",Corretta,1.0
4,3,44,Funghi e licheni,Sbagliata,
1,1,45,L'eliminazione renale del farmaco,Sbagliata,
2,1,45,L'assorbimento intestinale del farmaco,Sbagliata,
3,1,45,La riduzione della biodisponibilità di un farmaco orale a causa del metabolismo epatico prima di raggiungere il circolo sistemico,Corretta,1.0
4,1,45,L'inattivazione del farmaco per ossidazione,Sbagliata,
1,2,45,Farmaci da banco senza ricetta,Sbagliata,
2,2,45,Farmaci per uso veterinario,Sbagliata,
3,2,45,Farmaci con lo stesso principio attivo del medicinale originale ma prodotti da altre aziende,Corretta,1.0
4,2,45,Farmaci senza principio attivo,Sbagliata,
1,3,45,Una sostanza che si lega a un recettore e lo attiva,Corretta,1.0
2,3,45,Una sostanza che blocca il recettore,Sbagliata,
3,3,45,Un anticorpo monoclonale,Sbagliata,
4,3,45,Un farmaco che accelera il metabolismo,Sbagliata,
1,1,46,L'autorità suprema di uno stato sul proprio territorio e popolazione,Corretta,1.0
2,1,46,L'immunità diplomatica,Sbagliata,
3,1,46,Il riconoscimento internazionale di uno stato,Sbagliata,
4,1,46,Il diritto di veto nel Consiglio di Sicurezza ONU,Sbagliata,
1,2,46,Convenzione di Vienna,Sbagliata,
2,2,46,Carta delle Nazioni Unite,Sbagliata,
3,2,46,Trattato di Westfalia,Sbagliata,
4,2,46,Dichiarazione Universale dei Diritti dell'Uomo,Corretta,1.0
1,3,46,Un trattato sulla proliferazione nucleare,Sbagliata,
2,3,46,Un patto di non aggressione,Sbagliata,
3,3,46,Un accordo commerciale internazionale,Sbagliata,
4,3,46,Un insieme di trattati internazionali che proteggono le vittime dei conflitti armati,Corretta,1.0
1,4,46,Il rispetto dei diritti umani,Sbagliata,
2,4,46,La cooperazione militare tra stati,Sbagliata,
3,4,46,Il divieto per gli stati di intervenire negli affari interni di altri stati,Corretta,1.0
4,4,46,Il diritto di intervento umanitario,Sbagliata,
1,5,46,Un tribunale arbitrale commerciale,Sbagliata,
2,5,46,La Corte Internazionale di Giustizia tra stati,Sbagliata,
3,5,46,"Un tribunale permanente che giudica individui per crimini di guerra, genocidio e crimini contro l'umanità",Corretta,1.0
4,5,46,Un organo consultivo dell'ONU,Sbagliata,
1,1,47,James Watt,Corretta,1.0
2,1,47,Richard Arkwright,Sbagliata,
3,1,47,George Stephenson,Sbagliata,
4,1,47,Isambard Kingdom Brunel,Sbagliata,
1,2,47,"1969, con ARPANET",Sbagliata,
2,2,47,"1984, da Steve Jobs",Sbagliata,
3,2,47,"1975, da Bill Gates",Sbagliata,
4,2,47,"1989-1991, da Tim Berners-Lee al CERN",Corretta,1.0
1,1,48,Il calcolo dei movimenti articolari per raggiungere una posizione finale desiderata,Corretta,1.0
2,1,48,La calibrazione dei sensori,Sbagliata,
3,1,48,Il controllo della velocità del robot,Sbagliata,
4,1,48,La programmazione del percorso,Sbagliata,
1,2,48,Un robot militare,Sbagliata,
2,2,48,Un robot progettato per lavorare accanto agli esseri umani in modo sicuro,Corretta,1.0
3,2,48,Un robot per esplorazione spaziale,Sbagliata,
4,2,48,Un robot sottomarino,Sbagliata,
1,3,48,Un drone militare,Sbagliata,
2,3,48,Un robot umanoide,Sbagliata,
3,3,48,Un veicolo autonomo,Sbagliata,
4,3,48,Una macchina automatizzata programmabile per eseguire compiti in ambiente manifatturiero,Corretta,1.0
1,1,49,Un traduttore automatico,Sbagliata,
2,1,49,Un database di linguaggi di programmazione,Sbagliata,
3,1,49,Un sistema AI addestrato su enormi quantità di testo per comprendere e generare linguaggio,Corretta,1.0
4,1,49,Un sistema di riconoscimento vocale,Sbagliata,
1,2,49,Un ramo dell'AI in cui i sistemi imparano dai dati senza essere esplicitamente programmati,Corretta,1.0
2,2,49,Un sistema di regole fisse,Sbagliata,
3,2,49,Un linguaggio di programmazione,Sbagliata,
4,2,49,Un tipo di algoritmo deterministico,Sbagliata,
1,1,50,Un metodo di pulizia dei dati,Sbagliata,
2,1,50,Una tecnica per valutare la generalizzazione di un modello dividendo i dati in più fold,Corretta,1.0
3,1,50,Una tecnica di feature engineering,Sbagliata,
4,1,50,Un algoritmo di ordinamento,Sbagliata,
1,2,50,Un tipo di funzione di attivazione,Sbagliata,
2,2,50,Un algoritmo di ottimizzazione che minimizza la funzione di perdita aggiornando i parametri nella direzione del gradiente negativo,Corretta,1.0
3,2,50,Un metodo di campionamento dei dati,Sbagliata,
4,2,50,Un algoritmo di classificazione,Sbagliata,
1,1,51,Un test statistico per confrontare le medie di tre o più gruppi,Corretta,1.0
2,1,51,La correlazione tra variabili,Sbagliata,
3,1,51,La regressione logistica,Sbagliata,
4,1,51,Un test per due campioni,Sbagliata,
1,2,51,Un test di indipendenza,Sbagliata,
2,2,51,La regressione multivariata,Sbagliata,
3,2,51,La covarianza non standardizzata,Sbagliata,
4,2,51,"Una misura della relazione lineare tra due variabili, compresa tra -1 e +1",Corretta,1.0
1,3,51,La somma dei valori divisa per il numero di osservazioni,Corretta,1.0
2,3,51,La differenza tra massimo e minimo,Sbagliata,
3,3,51,Il valore più frequente,Sbagliata,
4,3,51,Il valore centrale in un insieme ordinato,Sbagliata,
1,4,51,Il margine di errore del campionamento,Sbagliata,
2,4,51,Un range di valori che con probabilità 95% contiene il parametro vero della popolazione,Corretta,1.0
3,4,51,La varianza del campione,Sbagliata,
4,4,51,Il 95% dei dati osservati,Sbagliata,
1,1,52,Metodo di Gauss,Sbagliata,
2,1,52,Metodo di Eulero,Sbagliata,
3,1,52,Metodo di Simpson,Sbagliata,
4,1,52,Metodo dei trapezi,Corretta,1.0
1,2,52,x^n · ln(x) + C,Sbagliata,
2,2,52,n·x^(n-1),Sbagliata,
3,2,52,x^(n-1)/(n-1) + C,Sbagliata,
4,2,52,x^(n+1)/(n+1) + C,Corretta,1.0
1,3,52,La derivata della curva,Sbagliata,
2,3,52,L'integrale della radice di (1 + (f'(x))²) sull'intervallo,Corretta,1.0
3,3,52,Il valore medio della funzione,Sbagliata,
4,3,52,L'area sotto la curva,Sbagliata,
1,1,53,Uno spazio in cui ogni ricoprimento aperto ammette un sottoricoprimento finito,Corretta,1.0
2,1,53,Uno spazio collegato,Sbagliata,
3,1,53,Uno spazio con numero finito di punti,Sbagliata,
4,1,53,Uno spazio con distanza finita,Sbagliata,
1,2,53,Del calcolo delle aree e volumi,Sbagliata,
2,2,53,Della misurazione delle distanze,Sbagliata,
3,2,53,Della geometria euclidea,Sbagliata,
4,2,53,Delle proprietà degli spazi che si conservano per trasformazioni continue,Corretta,1.0
1,3,53,Una funzione derivabile,Sbagliata,
2,3,53,Una funzione lineare,Sbagliata,
3,3,53,Una trasformazione che conserva le distanze,Sbagliata,
4,3,53,Una funzione biiettiva e bicontinua tra due spazi topologici,Corretta,1.0
1,1,54,Un gioco in cui tutti vincono,Sbagliata,
2,1,54,Un gioco senza strategie dominanti,Sbagliata,
3,1,54,Un gioco in cui il guadagno di un giocatore corrisponde esattamente alla perdita dell'altro,Corretta,1.0
4,1,54,Un gioco cooperativo,Sbagliata,
1,2,54,Milton Friedman,Sbagliata,
2,2,54,Kenneth Arrow,Sbagliata,
3,2,54,John Nash,Sbagliata,
4,2,54,John von Neumann (con Oskar Morgenstern),Corretta,1.0
1,3,54,Il punto di Pareto,Sbagliata,
2,3,54,La strategia dominante,Sbagliata,
3,3,54,"Una situazione in cui nessun giocatore ha interesse a cambiare strategia, dato il comportamento degli altri",Corretta,1.0
4,3,54,Il massimo risultato collettivo,Sbagliata,
1,1,55,La priorità della materia sul pensiero,Sbagliata,
2,1,55,L'impossibilità di conoscere la realtà,Sbagliata,
3,1,55,L'identità tra essere e pensiero,Sbagliata,
4,1,55,"'Cogito ergo sum' - penso quindi esisto, come fondamento certo della conoscenza",Corretta,1.0
1,2,55,Friedrich Nietzsche,Corretta,1.0
2,2,55,Martin Heidegger,Sbagliata,
3,2,55,Jean-Paul Sartre,Sbagliata,
4,2,55,Arthur Schopenhauer,Sbagliata,
1,3,55,L'analisi del linguaggio ordinario,Sbagliata,
2,3,55,La teoria e il metodo dell'interpretazione dei testi e delle azioni umane,Corretta,1.0
3,3,55,La filosofia della mente,Sbagliata,
4,3,55,Lo studio della logica formale,Sbagliata,
1,1,56,La fiducia nella conoscenza scientifica,Sbagliata,
2,1,56,L'empirismo radicale,Sbagliata,
3,1,56,La posizione che mette in dubbio la possibilità di conoscenza certa,Corretta,1.0
4,1,56,Il relativismo culturale,Sbagliata,
1,1,57,La teoria etica che valuta le azioni in base alla massimizzazione del benessere totale,Corretta,1.0
2,1,57,Il contrattualismo sociale,Sbagliata,
3,1,57,Una teoria dei doveri morali assoluti,Sbagliata,
4,1,57,L'etica della virtù aristotelica,Sbagliata,
1,2,57,Il realismo morale,Sbagliata,
2,2,57,Il cognitivismo etico,Sbagliata,
3,2,57,La posizione che i valori morali variano tra culture e non esistono standard morali universali,Corretta,1.0
4,2,57,L'universalismo etico,Sbagliata,
1,3,57,Il deontologismo kantiano,Sbagliata,
2,3,57,L'etica consequenzialista,Sbagliata,
3,3,57,Il contrattualismo di Rawls,Sbagliata,
4,3,57,Un approccio etico che enfatizza il carattere virtuoso dell'agente più che le regole o le conseguenze,Corretta,1.0
1,1,58,Il monoteismo,Sbagliata,
2,1,58,L'ateismo,Sbagliata,
3,1,58,La concezione che identifica Dio con l'universo intero,Corretta,1.0
4,1,58,Il politeismo,Sbagliata,
1,2,58,Il Vangelo,Sbagliata,
2,2,58,La Torah (i cinque libri di Mosè),Corretta,1.0
3,2,58,Il Corano,Sbagliata,
4,2,58,I Veda,Sbagliata,
1,3,58,"Tre: Ebraismo, Cristianesimo, Islam",Corretta,1.0
2,3,58,Due,Sbagliata,
3,3,58,Cinque,Sbagliata,
4,3,58,Quattro,Sbagliata,
1,1,59,Paleomagnetismo per ceramiche,Sbagliata,
2,1,59,Datazione al radiocarbonio (C-14),Corretta,1.0
3,1,59,Dendrocronologia per oggetti inorganici,Sbagliata,
4,1,59,Termoluminescenza per metalli,Sbagliata,
1,2,59,Pompei,Corretta,1.0
2,2,59,Ercolano,Sbagliata,
3,2,59,Oplontis,Sbagliata,
4,2,59,Stabiae,Sbagliata,
1,3,59,Museo dell'Acropoli di Atene,Sbagliata,
2,3,59,Esistono copie romane in vari musei del mondo; l'originale (Mirone) è perduto,Corretta,1.0
3,3,59,"Museo Nazionale di Napoli, originale",Sbagliata,
4,3,59,"Musei Vaticani, originale intatto",Sbagliata,
1,4,59,Uno strumento musicale,Sbagliata,
2,4,59,Un tipo di arma,Sbagliata,
3,4,59,Un recipiente in terracotta a due anse usato per conservare e trasportare liquidi,Corretta,1.0
4,4,59,Un elemento architettonico,Sbagliata,
1,1,60,Una moneta straniera,Sbagliata,
2,1,60,Una moneta commemorativa,Sbagliata,
3,1,60,Una moneta offerta in voto in luoghi sacri,Corretta,1.0
4,1,60,Una moneta rara da collezione,Sbagliata,
1,2,60,"La disciplina che studia monete, medaglie e banconote",Corretta,1.0
2,2,60,La zecca delle monete,Sbagliata,
3,2,60,La storia della banca,Sbagliata,
4,2,60,L'economia monetaria medievale,Sbagliata,
1,3,60,Il luogo dove vengono prodotte le monete,Corretta,1.0
2,3,60,Il registro dei valori monetari,Sbagliata,
3,3,60,Il museo delle monete,Sbagliata,
4,3,60,La banca centrale,Sbagliata,
1,4,60,Contraffazione,Sbagliata,
2,4,60,Tosatura,Sbagliata,
3,4,60,Clippatura,Sbagliata,
4,4,60,Adulterazione,Corretta,1.0
1,1,61,Le Rime di Guittone d'Arezzo,Sbagliata,
2,1,61,La Vita Nova di Dante,Corretta,1.0
3,1,61,Il Cantico delle Creature di Francesco d'Assisi,Sbagliata,
4,1,61,I Sonetti di Guinizzelli,Sbagliata,
1,2,61,La Sequenza di Santa Eulalia (IX secolo),Corretta,1.0
2,2,61,La Chanson de Roland,Sbagliata,
3,2,61,Il Perceval,Sbagliata,
4,2,61,Il Roman de la Rose,Sbagliata,
1,3,61,Una tecnica narrativa,Sbagliata,
2,3,61,Un dialetto toscano medievale,Sbagliata,
3,3,61,Un movimento poetico italiano del XIII secolo che esaltava la donna angelo e l'amore elevato,Corretta,1.0
4,3,61,Un tipo di scrittura calligrafica,Sbagliata,
1,1,62,264 a.C.,Sbagliata,
2,1,62,44 a.C.,Sbagliata,
3,1,62,509 a.C.,Sbagliata,
4,1,62,753 a.C.,Corretta,1.0
1,2,62,Traiano,Sbagliata,
2,2,62,Marco Aurelio,Sbagliata,
3,2,62,Settimio Severo,Sbagliata,
4,2,62,Adriano,Corretta,1.0
1,3,62,Un console repubblicano,Sbagliata,
2,3,62,Il primo imperatore di Roma,Sbagliata,
3,3,62,Il fondatore del Senato romano,Sbagliata,
4,3,62,Un generale e politico romano che fu dictator perpetuo e fu assassinato alle Idi di Marzo del 44 a.C.,Corretta,1.0
1,4,62,476 d.C.,Corretta,1.0
2,4,62,395 d.C.,Sbagliata,
3,4,62,455 d.C.,Sbagliata,
4,4,62,410 d.C.,Sbagliata,
1,1,63,Una battaglia sulle Alpi svizzere,Sbagliata,
2,1,63,Un attacco navale britannico,Sbagliata,
3,1,63,Un'offensiva tedesca in Francia,Sbagliata,
4,1,63,Un'offensiva austro-ungarica contro l'Italia sull'Altopiano di Asiago,Corretta,1.0
1,2,63,Una strategia di attacco rapido,Sbagliata,
2,2,63,Una forma di combattimento in cui i soldati combattono da trincee scavate nel terreno,Corretta,1.0
3,2,63,Un tipo di assedio medievale,Sbagliata,
4,2,63,Una battaglia navale,Sbagliata,
1,3,63,1912,Sbagliata,
2,3,63,1914,Corretta,1.0
3,3,63,1918,Sbagliata,
4,3,63,1916,Sbagliata,
1,1,64,25 aprile 1945,Sbagliata,
2,1,64,6 agosto 1944,Sbagliata,
3,1,64,6 giugno 1944,Corretta,1.0
4,1,64,8 settembre 1943,Sbagliata,
1,2,64,La Marina Militare italiana,Sbagliata,
2,2,64,Il movimento partigiano che combatté contro l'occupazione nazifascista durante la WWII,Corretta,1.0
3,2,64,Un accordo diplomatico,Sbagliata,
4,2,64,L'esercito regolare italiano,Sbagliata,
1,3,64,"Germania, Austria e Ungheria",Sbagliata,
2,3,64,"Germania, Turchia e Ungheria",Sbagliata,
3,3,64,"Germania, Italia e Giappone",Corretta,1.0
4,3,64,"Italia, Giappone e Spagna",Sbagliata,
1,1,65,La diplomazia multilaterale,Sbagliata,
2,1,65,L'economia globale,Sbagliata,
3,1,65,La storia delle civiltà,Sbagliata,
4,1,65,Lo studio dell'influenza della geografia sulle relazioni politiche internazionali,Corretta,1.0
1,2,65,La diplomazia multilaterale,Sbagliata,
2,2,65,La cooperazione allo sviluppo,Sbagliata,
3,2,65,L'uso della forza militare per ottenere concessioni diplomatiche,Corretta,1.0
4,2,65,La politica di non allineamento,Sbagliata,
1,3,65,Un accordo commerciale,Sbagliata,
2,3,65,Un'organizzazione economica,Sbagliata,
3,3,65,Un'agenzia dell'ONU,Sbagliata,
4,3,65,"Un'alleanza militare fondata nel 1949 tra USA, Canada e nazioni europee",Corretta,1.0
1,1,66,Il costruttivismo,Sbagliata,
2,1,66,Una teoria che enfatizza il ruolo delle istituzioni internazionali nel promuovere la cooperazione,Corretta,1.0
3,1,66,Il realismo politico,Sbagliata,
4,1,66,La teoria della dipendenza,Sbagliata,
1,2,66,Il riconoscimento reciproco tra stati,Sbagliata,
2,2,66,L'immunità diplomatica,Sbagliata,
3,2,66,Il diritto esclusivo di uno stato di governare il proprio territorio senza interferenze esterne,Corretta,1.0
4,2,66,Il diritto di veto nell'ONU,Sbagliata,
1,3,66,La diffusione della democrazia,Sbagliata,
2,3,66,La formazione di blocchi regionali,Sbagliata,
3,3,66,"L'intensificazione delle interdipendenze economiche, culturali e politiche tra paesi",Corretta,1.0
4,3,66,L'imperialismo occidentale,Sbagliata,
1,4,66,Un sistema di difesa missilistica,Sbagliata,
2,4,66,Un trattato di non proliferazione,Sbagliata,
3,4,66,La strategia di prevenire un attacco nucleare attraverso la minaccia di una risposta nucleare devastante,Corretta,1.0
4,4,66,Un accordo di disarmo,Sbagliata,
1,1,67,Liu Bang,Sbagliata,
2,1,67,Zhu Yuanzhang,Sbagliata,
3,1,67,Kublai Khan,Sbagliata,
4,1,67,Qin Shi Huang (Primo Imperatore della Cina),Corretta,1.0
1,2,67,La Guerra di Corea (1950-1953),Corretta,1.0
2,2,67,La Guerra del Vietnam,Sbagliata,
3,2,67,La Guerra del Pacifico,Sbagliata,
4,2,67,La Guerra Sino-Giapponese,Sbagliata,
1,3,67,Gengis Khan,Corretta,1.0
2,3,67,Tamerlano,Sbagliata,
3,3,67,Attila,Sbagliata,
4,3,67,Kublai Khan,Sbagliata,
1,4,67,Il periodo feudale dei samurai,Sbagliata,
2,4,67,L'era dell'isolamento giapponese,Sbagliata,
3,4,67,Il periodo di modernizzazione e occidentalizzazione del Giappone (1868-1912),Corretta,1.0
4,4,67,Il periodo dell'espansione coloniale,Sbagliata,
1,1,68,Un capo tribale,Sbagliata,
2,1,68,Un sacerdote tradizionale,Sbagliata,
3,1,68,Un cantastorie e custode della memoria storica orale delle comunità,Corretta,1.0
4,1,68,Un guerriero,Sbagliata,
1,2,68,Il regno di Kush,Sbagliata,
2,2,68,L'antico Egitto,Corretta,1.0
3,2,68,La civiltà di Axum,Sbagliata,
4,2,68,L'Impero Mali,Sbagliata,
1,1,69,Un tipo di blues,Sbagliata,
2,1,69,Una forma di opera jazz,Sbagliata,
3,1,69,Un genere di gospel,Sbagliata,
4,1,69,Una tecnica vocale jazz in cui si usano sillabe senza senso invece di parole,Corretta,1.0
1,2,69,La ripetizione di temi,Sbagliata,
2,2,69,La creazione spontanea di melodie e armonie durante l'esecuzione,Corretta,1.0
3,2,69,La composizione scritta,Sbagliata,
4,2,69,La notazione musicale,Sbagliata,
1,3,69,Un genere musicale afroamericano con struttura a 12 battute e valore espressivo delle blue notes,Corretta,1.0
2,3,69,Un tipo di opera lirica,Sbagliata,
3,3,69,Un genere classico,Sbagliata,
4,3,69,Un tipo di danza,Sbagliata,
1,1,70,Giuseppe Verdi,Corretta,1.0
2,1,70,Giacomo Puccini,Sbagliata,
3,1,70,Gioachino Rossini,Sbagliata,
4,1,70,Gaetano Donizetti,Sbagliata,
1,2,70,Il duetto tra due personaggi,Sbagliata,
2,2,70,Un brano solistico in cui un personaggio esprime i propri sentimenti,Corretta,1.0
3,2,70,Il finale corale,Sbagliata,
4,2,70,Il preludio orchestrale,Sbagliata,
1,3,70,Una forma di recitativo,Sbagliata,
2,3,70,Il canto corale,Sbagliata,
3,3,70,Un tipo di opera comica,Sbagliata,
4,3,70,Uno stile vocale che privilegia l'eleganza melodica e la tecnica vocale virtuosistica,Corretta,1.0
1,1,71,Il glam rock,Sbagliata,
2,1,71,Il folk rock,Sbagliata,
3,1,71,Il progressive rock,Sbagliata,
4,1,71,"Un genere musicale degli anni '70 caratterizzato da energia grezza, semplicità e atteggiamento anti-establishment",Corretta,1.0
1,2,71,Festival di Woodstock,Corretta,1.0
2,2,71,Live Aid,Sbagliata,
3,2,71,Concert for Bangladesh,Sbagliata,
4,2,71,Festival di Glastonbury,Sbagliata,
1,1,72,Una delle poche donne pittrice del movimento impressionista francese,Corretta,1.0
2,1,72,La moglie di Monet,Sbagliata,
3,1,72,Una critica d'arte,Sbagliata,
4,1,72,Una gallerista parigina,Sbagliata,
1,2,72,Pennellate brevi e visibili che catturano la luce e il colore in modo immediato,Corretta,1.0
2,2,72,La prospettiva geometrica,Sbagliata,
3,2,72,La pittura su tela con colori uniformi,Sbagliata,
4,2,72,Il chiaroscuro rinascimentale,Sbagliata,
1,1,73,La postura frontale rigida,Sbagliata,
2,1,73,Un tipo di bassorilievo,Sbagliata,
3,1,73,"Una posizione in cui il peso del corpo è spostato su una gamba, creando un bilanciamento naturale",Corretta,1.0
4,1,73,Una tecnica di incisione su marmo,Sbagliata,
1,2,73,Una scultura in cui le figure sporgono leggermente da uno sfondo piatto,Corretta,1.0
2,2,73,Un tipo di pittura murale,Sbagliata,
3,2,73,Una scultura a tutto tondo,Sbagliata,
4,2,73,Una tecnica di incisione,Sbagliata,
1,3,73,Il Laocoonte,Sbagliata,
2,3,73,La Venere di Milo,Sbagliata,
3,3,73,Il Discobolo di Mirone (o il Doriforo di Policleto),Corretta,1.0
4,3,73,La Nike di Samotracia,Sbagliata,
1,1,74,Un muro portante in mattoni,Sbagliata,
2,1,74,Una tecnica di isolamento termico,Sbagliata,
3,1,74,Una facciata non portante in vetro e metallo applicata alla struttura portante dell'edificio,Corretta,1.0
4,1,74,Un tipo di arco strutturale,Sbagliata,
1,2,74,Frank Lloyd Wright,Corretta,1.0
2,2,74,Walter Gropius,Sbagliata,
3,2,74,Mies van der Rohe,Sbagliata,
4,2,74,Le Corbusier,Sbagliata,
1,3,74,La decorazione storicista,Sbagliata,
2,3,74,L'ornamento è crimine,Sbagliata,
3,3,74,L'integrazione con la natura,Sbagliata,
4,3,74,"'La casa è una macchina per abitare', con tetto giardino, pilotis, pianta libera e facciata libera",Corretta,1.0
1,4,74,Un'associazione di architetti,Sbagliata,
2,4,74,Un movimento artistico francese,Sbagliata,
3,4,74,Una scuola di design e architettura tedesca (1919-1933) che univa arte e artigianato con la produzione industriale,Corretta,1.0
4,4,74,Un tipo di costruzione in acciaio,Sbagliata,
1,5,74,Renzo Piano,Sbagliata,
2,5,74,Frank Gehry,Corretta,1.0
3,5,74,Zaha Hadid,Sbagliata,
4,5,74,Norman Foster,Sbagliata,
1,1,75,La scelta dei materiali,Sbagliata,
2,1,75,Lo studio dell'adattamento degli oggetti alle caratteristiche fisiche e cognitive degli esseri umani,Corretta,1.0
3,1,75,La produzione in serie,Sbagliata,
4,1,75,Il design estetico,Sbagliata,
1,2,75,Il progettista della sedia Eames,Sbagliata,
2,2,75,Il creatore del logo Apple,Sbagliata,
3,2,75,Il fondatore del Bauhaus,Sbagliata,
4,2,75,Un pioniere del design industriale americano che ridisegnò la Coca-Cola e la locomotiva a vapore,Corretta,1.0
1,3,75,Il progettista della Vespa,Sbagliata,
2,3,75,Il direttore artistico Fiat,Sbagliata,
3,3,75,Un designer tedesco di Braun noto per i suoi principi del buon design,Corretta,1.0
4,3,75,Il fondatore di Apple,Sbagliata,
1,1,76,Nicéphore Niépce,Sbagliata,
2,1,76,George Eastman,Sbagliata,
3,1,76,Louis Daguerre,Corretta,1.0
4,1,76,William Fox Talbot,Sbagliata,
1,2,76,L'elemento che mette a fuoco l'immagine,Sbagliata,
2,2,76,Il meccanismo che regola la quantità di luce che entra nell'obiettivo,Corretta,1.0
3,2,76,Il meccanismo dell'otturatore,Sbagliata,
4,2,76,Il sensore fotografico,Sbagliata,
1,1,77,Solo la Francia,Sbagliata,
2,1,77,Solo l'Italia,Sbagliata,
3,1,77,Germania e Austria,Sbagliata,
4,1,77,"Francia (Nouvelle Vague), Italia (Neorealismo/Auteurs), Svezia (Bergman)",Corretta,1.0
1,2,77,I fondatori di Hollywood,Sbagliata,
2,2,77,I creatori dei film sonori,Sbagliata,
3,2,77,Gli inventori del cinematografo (1895) e considerati i padri del cinema,Corretta,1.0
4,2,77,I pionieri del cinema a colori,Sbagliata,
1,1,78,Octavio Paz,Sbagliata,
2,1,78,José Revueltas,Sbagliata,
3,1,78,Carlos Fuentes,Sbagliata,
4,1,78,Juan Rulfo,Corretta,1.0
1,2,78,Uno scrittore argentino noto per i suoi racconti labirintici e metafisici,Corretta,1.0
2,2,78,Un drammaturgo colombiano,Sbagliata,
3,2,78,Un romanziere messicano,Sbagliata,
4,2,78,Un poeta cileno,Sbagliata,
1,3,78,Julio Cortázar,Sbagliata,
2,3,78,Gabriel García Márquez,Corretta,1.0
3,3,78,Jorge Luis Borges,Sbagliata,
4,3,78,Pablo Neruda,Sbagliata,
1,1,79,Un movimento che esplora l'inconscio e il sogno attraverso immagini irrazionali e automatismo,Corretta,1.0
2,1,79,Il simbolismo francese,Sbagliata,
3,1,79,L'immaginismo americano,Sbagliata,
4,1,79,Il futurismo italiano,Sbagliata,
1,2,79,Giuseppe Ungaretti,Sbagliata,
2,2,79,Salvatore Quasimodo,Sbagliata,
3,2,79,Eugenio Montale,Corretta,1.0
4,2,79,Sandro Penna,Sbagliata,
1,1,80,"Una corrente che mette in discussione le grandi narrazioni, usa l'ironia e la metafiction",Corretta,1.0
2,1,80,Il neo-romanticismo,Sbagliata,
3,1,80,Il realismo magico,Sbagliata,
4,1,80,Il modernismo tardivo,Sbagliata,
1,2,80,Il realismo storico,Sbagliata,
2,2,80,Il naturalismo sociale,Sbagliata,
3,2,80,Una narrativa che riflette consapevolmente sulla propria natura di finzione,Corretta,1.0
4,2,80,Il racconto autobiografico,Sbagliata,
1,3,80,Gustave Flaubert,Sbagliata,
2,3,80,Marcel Proust,Corretta,1.0
3,3,80,André Gide,Sbagliata,
4,3,80,Louis-Ferdinand Céline,Sbagliata,
1,4,80,Virginia Woolf,Sbagliata,
2,4,80,Marcel Proust,Sbagliata,
3,4,80,James Joyce,Corretta,1.0
4,4,80,William Faulkner,Sbagliata,
1,1,81,Una scrittrice americana nota per 'Il segretario di Dio' e 'Il cardellino',Corretta,1.0
2,1,81,Una poetessa inglese,Sbagliata,
3,1,81,Una romanziera francese,Sbagliata,
4,1,81,Una sceneggiatrice,Sbagliata,
1,2,81,Umberto Eco,Corretta,1.0
2,2,81,Italo Calvino,Sbagliata,
3,2,81,Leonardo Sciascia,Sbagliata,
4,2,81,Pier Paolo Pasolini,Sbagliata,
1,1,82,Alan Moore (testi) e Dave Gibbons (disegni),Corretta,1.0
2,1,82,Grant Morrison,Sbagliata,
3,1,82,Frank Miller,Sbagliata,
4,1,82,Neil Gaiman,Sbagliata,
1,2,82,L'autore di 'Dylan Dog',Sbagliata,
2,2,82,Il padre del fumetto europeo,Sbagliata,
3,2,82,Un fumettista americano noto per 'Jimmy Corrigan' e 'Building Stories' dall'architettura grafica complessa,Corretta,1.0
4,2,82,Il creatore di Corto Maltese,Sbagliata,
1,1,83,Un fumettista italiano noto per 'Appunti per una storia di guerra' e opere autoriali,Corretta,1.0
2,1,83,Il creatore di Lupo Alberto,Sbagliata,
3,1,83,Un disegnatore Disney,Sbagliata,
4,1,83,Il fondatore di Bonelli,Sbagliata,
1,2,83,Roberto Raviola,Sbagliata,
2,2,83,Magnus e Bunker,Sbagliata,
3,2,83,Angela e Luciana Giussani,Corretta,1.0
4,2,83,Guido Crepax,Sbagliata,
1,3,83,Magnus,Sbagliata,
2,3,83,Hugo Pratt,Corretta,1.0
3,3,83,Guido Crepax,Sbagliata,
4,3,83,Sergio Bonelli,Sbagliata,
1,1,84,"Il personaggio mascotte di Nintendo, idraulico italiano protagonista di numerosi giochi",Corretta,1.0
2,1,84,Un personaggio Sony,Sbagliata,
3,1,84,Il protagonista di Halo,Sbagliata,
4,1,84,Un personaggio della Marvel,Sbagliata,
1,2,84,FPS (sparatutto in prima persona),Sbagliata,
2,2,84,RTS (strategia in tempo reale),Sbagliata,
3,2,84,Survival/Sandbox (come Minecraft),Corretta,1.0
4,2,84,RPG (gioco di ruolo),Sbagliata,
1,3,84,Minecraft,Corretta,1.0
2,3,84,Wii Sports,Sbagliata,
3,3,84,Grand Theft Auto V,Sbagliata,
4,3,84,Tetris,Sbagliata,
1,1,85,"Un processo biologico che trasforma gli alimenti tramite microrganismi (kimchi, miso, kombucha)",Corretta,1.0
2,1,85,Una tecnica di conservazione tramite sale,Sbagliata,
3,1,85,Un metodo di essiccazione,Sbagliata,
4,1,85,Un tipo di cottura ad alte temperature,Sbagliata,
1,2,85,Spagna,Sbagliata,
2,2,85,Francia,Corretta,1.0
3,2,85,Giappone,Sbagliata,
4,2,85,Italia,Sbagliata,
1,3,85,Un metodo di affumicatura,Sbagliata,
2,3,85,Una tecnica di fermentazione,Sbagliata,
3,3,85,Un tipo di frittura,Sbagliata,
4,3,85,Una tecnica di cottura in cui gli alimenti vengono cotti sottovuoto in acqua a temperatura controllata,Corretta,1.0
1,4,85,Una spezia asiatica,Sbagliata,
2,4,85,Un metodo di cottura,Sbagliata,
3,4,85,"Il quinto gusto di base, percepito come saporito e ricco (presente in carne, formaggi stagionati, funghi)",Corretta,1.0
4,4,85,Un tipo di cucina giapponese,Sbagliata,
1,1,86,Veneto,Sbagliata,
2,1,86,Sicilia,Sbagliata,
3,1,86,Piemonte (Langhe),Corretta,1.0
4,1,86,Toscana,Sbagliata,
1,2,86,Montepulciano,Sbagliata,
2,2,86,Sangiovese grosso (Brunello),Corretta,1.0
3,2,86,Barbera,Sbagliata,
4,2,86,Nebbiolo,Sbagliata,
1,1,87,Un vino bianco siciliano,Sbagliata,
2,1,87,Un grappa veneta,Sbagliata,
3,1,87,Un vino fermo rosso piemontese,Sbagliata,
4,1,87,Un vino spumante veneto prodotto con uve Glera con il metodo Charmat,Corretta,1.0
1,2,87,Morellino di Scansano,Sbagliata,
2,2,87,Vino Nobile di Montepulciano,Sbagliata,
3,2,87,Chianti Classico,Sbagliata,
4,2,87,Brunello di Montalcino DOCG,Corretta,1.0
1,3,87,Metodo Charmat,Sbagliata,
2,3,87,Metodo ancestrale,Sbagliata,
3,3,87,Metodo classico (seconda fermentazione in bottiglia),Corretta,1.0
4,3,87,Fermentazione naturale senza aggiunta,Sbagliata,
1,4,87,Nebbiolo,Corretta,1.0
2,4,87,Sangiovese,Sbagliata,
3,4,87,Barbera,Sbagliata,
4,4,87,Dolcetto,Sbagliata,
1,1,88,Un caffè decaffeinato,Sbagliata,
2,1,88,Un caffè aromatizzato,Sbagliata,
3,1,88,"Un caffè di alta qualità con punteggio superiore a 80/100 secondo gli standard SCA, tracciabile e coltivato con cura",Corretta,1.0
4,1,88,Un caffè industriale,Sbagliata,
1,2,88,"Lo strato dorato e cremoso sulla superficie dell'espresso, segno di una buona estrazione",Corretta,1.0
2,2,88,Lo zucchero sciolto,Sbagliata,
3,2,88,Il latte montato,Sbagliata,
4,2,88,Il deposito di caffè,Sbagliata,
1,3,88,Il latte macchiato contiene cioccolato,Sbagliata,
2,3,88,Il cappuccino è freddo,Sbagliata,
3,3,88,"Il cappuccino ha uguale proporzione di espresso, latte e schiuma; il latte macchiato ha più latte e meno schiuma",Corretta,1.0
4,3,88,Non c'è differenza,Sbagliata,
1,1,89,La degustazione di vini dello stesso vitigno da produttori diversi,Sbagliata,
2,1,89,La degustazione di più annate dello stesso vino per valutarne l'evoluzione,Corretta,1.0
3,1,89,Il confronto tra vini bianchi e rossi,Sbagliata,
4,1,89,La valutazione dell'acidità,Sbagliata,
1,2,89,Un tipo di bicchiere da degustazione,Sbagliata,
2,2,89,Uno strumento per misurare il grado alcolico,Sbagliata,
3,2,89,Un termometro per vini,Sbagliata,
4,2,89,Un recipiente di vetro usato per separare il vino dai sedimenti e ossigenarlo,Corretta,1.0
1,3,89,Il sapore del vino,Sbagliata,
2,3,89,"Colore, limpidezza e consistenza (lacrime/archetti) del vino nel bicchiere",Corretta,1.0
3,3,89,La temperatura di servizio,Sbagliata,
4,3,89,L'aroma del vino,Sbagliata,
1,4,89,"I profumi complessi che si sviluppano con l'invecchiamento, distinti dagli aromi primari dell'uva",Corretta,1.0
2,4,89,Il corpo del vino,Sbagliata,
3,4,89,La struttura tannica,Sbagliata,
4,4,89,Il colore del vino,Sbagliata,
1,5,89,20-22°C,Sbagliata,
2,5,89,16-18°C,Corretta,1.0
3,5,89,4-6°C,Sbagliata,
4,5,89,8-10°C,Sbagliata,
1,1,90,Lo halfpipe,Sbagliata,
2,1,90,Una gara su una pista con dossi di neve (bolle) in cui si eseguono salti,Corretta,1.0
3,1,90,Il salto acrobatico,Sbagliata,
4,1,90,Lo sci di fondo a stile libero,Sbagliata,
1,2,90,1924 (Chamonix),Sbagliata,
2,2,90,1960 (Squaw Valley),Sbagliata,
3,2,90,1936 (Garmisch-Partenkirchen),Corretta,1.0
4,2,90,1948 (St. Moritz),Sbagliata,
1,1,91,Una surfista professionista,Sbagliata,
2,1,91,Una canoista campionessa mondiale,Sbagliata,
3,1,91,Una nuotatrice olimpionica,Sbagliata,
4,1,91,Una velista britannica che nel 2005 stabilì il record mondiale di circumnavigazione del globo in solitaria,Corretta,1.0
1,2,91,Un tipo di surf,Sbagliata,
2,2,91,Uno sport di canottaggio,Sbagliata,
3,2,91,Uno sport in cui imbarcazioni a vela gareggiano sfruttando il vento,Corretta,1.0
4,2,91,Una disciplina di nuoto,Sbagliata,
1,3,91,"Una combinazione di nuoto, ciclismo e corsa in sequenza senza pause tra le discipline",Corretta,1.0
2,3,91,"Nuoto, sci nautico e motonautica",Sbagliata,
3,3,91,"Nuoto, vela e kayak",Sbagliata,
4,3,91,"Ciclismo, nuoto e surf",Sbagliata,
1,1,92,Un mezzofondista etiope,Sbagliata,
2,1,92,Un discobolo olimpionico,Sbagliata,
3,1,92,Un velocista jamaicano,Sbagliata,
4,1,92,Un maratoneta keniota che nel 2019 ha corso la maratona sotto le 2 ore,Corretta,1.0
1,2,92,Una corsa di 10.000 m in pista,Sbagliata,
2,2,92,"Una corsa su strada di 42,195 km",Corretta,1.0
3,2,92,Una corsa a ostacoli,Sbagliata,
4,2,92,Una corsa campestre,Sbagliata,
1,1,93,1920 (Belgio),Sbagliata,
2,1,93,1934 (Italia),Sbagliata,
3,1,93,1926 (non si tenne),Sbagliata,
4,1,93,1930 (Uruguay),Corretta,1.0
1,2,93,Johan Cruyff,Sbagliata,
2,2,93,"Pelé, Maradona o Lionel Messi (dibattito aperto)",Corretta,1.0
3,2,93,Ronaldo Fenomeno,Sbagliata,
4,2,93,Cristiano Ronaldo,Sbagliata,
1,3,93,1982 (Spagna),Sbagliata,
2,3,93,1934 (Italia),Sbagliata,
3,3,93,1938 (Francia),Sbagliata,
4,3,93,2006 (Germania),Corretta,1.0
1,1,94,Un tiro da tre punti,Sbagliata,
2,1,94,"Un lancio senza opposizione dalla linea dei tiri liberi, vale 1 punto",Corretta,1.0
3,1,94,Un tiro in corsa,Sbagliata,
4,1,94,Un tiro da sotto canestro,Sbagliata,
1,2,94,Un tipo di difesa,Sbagliata,
2,2,94,Un'infrazione in cui un giocatore muove i piedi senza palleggiare dopo aver preso il controllo del pallone,Corretta,1.0
3,2,94,Una tecnica di palleggio,Sbagliata,
4,2,94,Un tipo di tiro,Sbagliata,
1,3,94,Il fondatore della NBA,Sbagliata,
2,3,94,Il primogiocatore europeo in NBA,Sbagliata,
3,3,94,"Il leggendario cestista americano dei Chicago Bulls, considerato il più forte di tutti i tempi",Corretta,1.0
4,3,94,Un allenatore dei Lakers,Sbagliata,
1,1,95,Cemento indoor,Sbagliata,
2,1,95,Erba,Corretta,1.0
3,1,95,Terra rossa,Sbagliata,
4,1,95,Cemento,Sbagliata,
1,2,95,Cinque set sempre,Sbagliata,
2,2,95,Al meglio dei tre set,Sbagliata,
3,2,95,Solo tre set,Sbagliata,
4,2,95,Si giocano al meglio dei cinque set (chi ne vince 3 vince il match),Corretta,1.0
1,3,95,Roger Federer,Sbagliata,
2,3,95,Novak Djokovic,Sbagliata,
3,3,95,Rafael Nadal (14 titoli al Roland Garros),Corretta,1.0
4,3,95,Andre Agassi,Sbagliata,
1,4,95,Un colpo di rovescio vincente,Sbagliata,
2,4,95,Un servizio sbagliato,Sbagliata,
3,4,95,Un servizio non toccato dall'avversario che vale punto diretto,Corretta,1.0
4,4,95,Un punto vincente al volo,Sbagliata,
1,1,96,Ayrton Senna,Sbagliata,
2,1,96,Alain Prost,Sbagliata,
3,1,96,Lewis Hamilton e Michael Schumacher (7 titoli a testa),Corretta,1.0
4,1,96,Sebastian Vettel,Sbagliata,
1,2,96,Monza,Sbagliata,
2,2,96,Silverstone,Sbagliata,
3,2,96,Spa-Francorchamps,Sbagliata,
4,2,96,Il circuito cittadino di Monte-Carlo,Corretta,1.0
1,3,96,Un ingegnere Ferrari,Sbagliata,
2,3,96,Il primo campione del mondo di F1,Sbagliata,
3,3,96,"Un pilota brasiliano di F1 tre volte campione del mondo, tragicamente scomparso a Imola nel 1994",Corretta,1.0
4,3,96,Un pilota tedesco degli anni '90,Sbagliata,
1,1,97,Imola,Sbagliata,
2,1,97,Monza,Sbagliata,
3,1,97,Mugello,Corretta,1.0
4,1,97,Misano,Sbagliata,
1,2,97,"Dipende dal circuito, tipicamente 2-3 per fila con circa 22-24 piloti",Corretta,1.0
2,2,97,Sempre 24 in 3 file,Sbagliata,
3,2,97,12 piloti in 6 file,Sbagliata,
4,2,97,Sempre 20 piloti,Sbagliata,
1,3,97,Una bandiera di penalizzazione,Sbagliata,
2,3,97,Un tempo di penalità ai box,Sbagliata,
3,3,97,Una penalità in gara in cui il pilota deve percorrere un tracciato aggiuntivo rallentando,Corretta,1.0
4,3,97,Una retrocessione in griglia,Sbagliata,
1,1,98,21 tappe in circa 23 giorni,Corretta,1.0
2,1,98,25 tappe,Sbagliata,
3,1,98,16 tappe,Sbagliata,
4,1,98,30 tappe,Sbagliata,
1,2,98,Miguel Indurain,Sbagliata,
2,2,98,"Lance Armstrong (7, poi revocati) / Eddy Merckx (5, record legittimo)",Corretta,1.0
3,2,98,Jacques Anquetil,Sbagliata,
4,2,98,Bernard Hinault,Sbagliata,
1,1,99,81,Sbagliata,
2,1,99,64 (8x8),Corretta,1.0
3,1,99,100,Sbagliata,
4,1,99,36,Sbagliata,
1,2,99,La Federazione Internazionale degli Scacchi che organizza campionati mondiali e assegna i titoli,Corretta,1.0
2,2,99,Un tipo di apertura degli scacchi,Sbagliata,
3,2,99,Un sistema di valutazione dei giocatori,Sbagliata,
4,2,99,Un torneo annuale,Sbagliata,
1,3,99,Una mossa di apertura,Sbagliata,
2,3,99,"La posizione in cui il re è sotto attacco e non può sfuggire, determinando la fine della partita",Corretta,1.0
3,3,99,Una situazione di patta,Sbagliata,
4,3,99,Un tipo di sacrificio,Sbagliata,
1,4,99,Il fondatore della FIDE,Sbagliata,
2,4,99,Il campione del mondo di scacchi norvegese che dominò il gioco nel 2010-2020,Corretta,1.0
3,4,99,Un campione russo degli anni '70,Sbagliata,
4,4,99,Un computer di scacchi,Sbagliata,
1,1,100,Un gioco di carte francese,Sbagliata,
2,1,100,Un gioco con dadi,Sbagliata,
3,1,100,Un tipo di poker,Sbagliata,
4,1,100,Un gioco di carte italiano in cui si stabilisce un seme atout (briscola) e si fanno prese con carta vincente,Corretta,1.0
1,2,100,Una variante del poker,Sbagliata,
2,2,100,Un gioco con jolly,Sbagliata,
3,2,100,"Un gioco di carte italiano per 4 giocatori in 2 coppie, senza atout fisso",Corretta,1.0
4,2,100,Una variante della briscola,Sbagliata,
1,3,100,48,Sbagliata,
2,3,100,54,Sbagliata,
3,3,100,52 (più 2 jolly in alcuni giochi),Corretta,1.0
4,3,100,36,Sbagliata,
1,4,100,Un gioco di carte americano,Sbagliata,
2,4,100,Un gioco di carte per 2 giocatori,Sbagliata,
3,4,100,Un tipo di poker,Sbagliata,
4,4,100,"Un gioco di carte con gare, licite e prese per 4 giocatori in 2 coppie",Corretta,1.0
1,1,101,Una strategia difensiva,Sbagliata,
2,1,101,La mano più forte,Sbagliata,
3,1,101,Il controllo del pot,Sbagliata,
4,1,101,Scommettere o rilanciare con una mano debole per indurre gli avversari a cedere,Corretta,1.0
1,2,101,Puntare tutte le proprie fiches in una sola mossa,Corretta,1.0
2,2,101,Una mano con 5 carte dello stesso seme,Sbagliata,
3,2,101,Il primo rilancio in una mano,Sbagliata,
4,2,101,Il termine della partita,Sbagliata,
1,3,101,"La variante di poker più popolare al mondo, in cui ogni giocatore riceve 2 carte coperte e condivide 5 carte comuni",Corretta,1.0
2,3,101,Un torneo di poker,Sbagliata,
3,3,101,Il poker a 5 carte,Sbagliata,
4,3,101,Una variante con 5 carte coperte,Sbagliata,
1,4,101,Il tipo di mano,Sbagliata,
2,4,101,Il numero di carte in mano,Sbagliata,
3,4,101,La quantità di fiches,Sbagliata,
4,4,101,"La posizione al tavolo rispetto al dealer, che determina l'ordine di azione; una posizione tardiva è vantaggiosa",Corretta,1.0
1,1,102,Un tipo di salto,Sbagliata,
2,1,102,Una posizione delle braccia,Sbagliata,
3,1,102,Un movimento del busto,Sbagliata,
4,1,102,"La tecnica di ballare sull'estremità delle dita dei piedi, sostenuta da speciali scarpette rigide",Corretta,1.0
1,2,102,Il titolo più alto assegnato alle ballerine di eccezionale talento e contributo alla danza classica,Corretta,1.0
2,2,102,La prima ballerina del corpo di ballo,Sbagliata,
3,2,102,Una categoria di gara,Sbagliata,
4,2,102,Il ruolo solista principale,Sbagliata,
1,3,102,Una danzatrice americana (1877-1927) pioniera della danza moderna e libera dai canoni accademici,Corretta,1.0
2,3,102,Una ballerina dell'Opéra di Parigi,Sbagliata,
3,3,102,La creatrice del balletto classico,Sbagliata,
4,3,102,La fondatrice del Bolshoi Ballet,Sbagliata,
1,4,102,Una posizione in cui il corpo è bilanciato su una gamba mentre l'altra è estesa indietro in linea retta,Corretta,1.0
2,4,102,Un salto acrobatico,Sbagliata,
3,4,102,Una pirouette,Sbagliata,
4,4,102,Un tipo di passo di coppia,Sbagliata,
1,5,102,Lo Schiaccianoci,Sbagliata,
2,5,102,La Bella Addormentata,Sbagliata,
3,5,102,La Bayadère,Sbagliata,
4,5,102,Il Lago dei Cigni,Corretta,1.0
1,1,103,Lars Norén,Sbagliata,
2,1,103,August Strindberg,Sbagliata,
3,1,103,Henrik Ibsen,Corretta,1.0
4,1,103,Jon Fosse,Sbagliata,
1,2,103,Il sipario del teatro,Sbagliata,
2,2,103,La parete immaginaria tra il palcoscenico e il pubblico; 'rompere il quarto muro' significa che l'attore si rivolge direttamente agli spettatori,Corretta,1.0
3,2,103,Il fondale dipinto,Sbagliata,
4,2,103,La scenografia del fondo,Sbagliata,
1,1,104,Un festival di street art,Sbagliata,
2,1,104,Il circo classico con animali,Sbagliata,
3,1,104,"Un movimento contemporaneo che rinnova le arti circensi integrando danza, teatro e tecnologia",Corretta,1.0
4,1,104,Un tipo di magia da palcoscenico,Sbagliata,
1,2,104,"Uno stile comico basato sul movimento del corpo, senza o con poco testo (Jacques Lecoq)",Corretta,1.0
2,2,104,Il slapstick cinematografico,Sbagliata,
3,2,104,Un tipo di stand-up comedy,Sbagliata,
4,2,104,Il teatro dell'assurdo,Sbagliata,
1,3,104,Un tipo di magia,Sbagliata,
2,3,104,L'arte di lanciare e riprendere oggetti in aria mantenendone più in volo contemporaneamente,Corretta,1.0
3,3,104,Un numero di equilibrismo,Sbagliata,
4,3,104,Una forma di mimo,Sbagliata,
1,4,104,Un genere di ginnastica ritmica,Sbagliata,
2,4,104,Una disciplina di parkour,Sbagliata,
3,4,104,"Una disciplina circense eseguita in aria su attrezzi come trapezio, tessuto, cerchio o corda",Corretta,1.0
4,4,104,Un tipo di danza contemporanea,Sbagliata,
1,1,105,Erodoto,Sbagliata,
2,1,105,Tucidide,Sbagliata,
3,1,105,Pericle,Sbagliata,
4,1,105,Senofonte,Corretta,1.0
1,2,105,Sparta,Corretta,1.0
2,2,105,Corinto,Sbagliata,
3,2,105,Tebe,Sbagliata,
4,2,105,Atene,Sbagliata,
1,3,105,Oligarchia,Sbagliata,
2,3,105,Tirannia,Sbagliata,
3,3,105,Democrazia,Corretta,1.0
4,3,105,Monarchia,Sbagliata,
1,4,105,Odeo,Sbagliata,
2,4,105,Agorà,Sbagliata,
3,4,105,Erario,Sbagliata,
4,4,105,Partenone,Corretta,1.0
1,1,106,-COOH,Sbagliata,
2,1,106,-CHO,Sbagliata,
3,1,106,-NH₂,Sbagliata,
4,1,106,-OH,Corretta,1.0
1,2,106,Polimeri ciclici,Sbagliata,
2,2,106,Elementi radioattivi,Sbagliata,
3,2,106,Composti con stessa formula ma struttura diversa,Corretta,1.0
4,2,106,Composti identici,Sbagliata,
1,3,106,Propilene,Sbagliata,
2,3,106,Butadiene,Sbagliata,
3,3,106,Metano,Sbagliata,
4,3,106,Etilene,Corretta,1.0
1,1,107,Joule,Sbagliata,
2,1,107,Watt,Sbagliata,
3,1,107,Pascal,Sbagliata,
4,1,107,Newton,Corretta,1.0
1,2,107,Dissipativa,Corretta,1.0
2,2,107,Centripeta,Sbagliata,
3,2,107,Gravitazionale,Sbagliata,
4,2,107,Conservativa,Sbagliata,
1,3,107,L'energia cinetica,Sbagliata,
2,3,107,La forza applicata,Sbagliata,
3,3,107,Il prodotto massa per velocità,Corretta,1.0
4,3,107,Il momento angolare,Sbagliata,
1,4,107,Il quadrato delle masse,Sbagliata,
2,4,107,Il prodotto delle masse diviso il quadrato della distanza,Corretta,1.0
3,4,107,La somma delle masse,Sbagliata,
4,4,107,La differenza delle velocità,Sbagliata,
1,1,108,Agostino,Sbagliata,
2,1,108,Il conformista,Sbagliata,
3,1,108,La ciociara,Sbagliata,
4,1,108,Gli indifferenti,Corretta,1.0
1,2,108,Aldous Huxley,Sbagliata,
2,2,108,Franz Kafka,Sbagliata,
3,2,108,George Orwell,Corretta,1.0
4,2,108,Ernest Hemingway,Sbagliata,
1,1,109,Aggiunti al capitale e producono ulteriori interessi,Corretta,1.0
2,1,109,Pagati periodicamente,Sbagliata,
3,1,109,Ignorati,Sbagliata,
4,1,109,Scontati,Sbagliata,
1,2,109,Il rendimento a scadenza,Sbagliata,
2,2,109,Il rating creditizio,Sbagliata,
3,2,109,Il valore nominale,Sbagliata,
4,2,109,La sensibilità del prezzo alle variazioni del tasso,Corretta,1.0
1,3,109,Uno,Sbagliata,
2,3,109,Cento,Sbagliata,
3,3,109,Zero,Corretta,1.0
4,3,109,Il costo del capitale,Sbagliata,
1,4,109,La rivalutazione del capitale,Sbagliata,
2,4,109,Il calcolo degli interessi,Sbagliata,
3,4,109,L'emissione di obbligazioni,Sbagliata,
4,4,109,Il rimborso graduale di un debito nel tempo,Corretta,1.0
1,1,110,Organelli che sintetizzano le proteine,Corretta,1.0
2,1,110,Strutture per la digestione cellulare,Sbagliata,
3,1,110,Organelli che producono energia,Sbagliata,
4,1,110,Canali per il trasporto ionico,Sbagliata,
1,2,110,Mitosi,Corretta,1.0
2,2,110,Osmosi,Sbagliata,
3,2,110,Meiosi,Sbagliata,
4,2,110,Fagocitosi,Sbagliata,
1,1,111,Germania e Polonia,Sbagliata,
2,1,111,Francia e Spagna,Sbagliata,
3,1,111,Grecia e Bulgaria,Sbagliata,
4,1,111,Italia e Svizzera/Francia/Austria,Corretta,1.0
1,2,111,Cipro,Sbagliata,
2,2,111,Sicilia,Corretta,1.0
3,2,111,Sardegna,Sbagliata,
4,2,111,Creta,Sbagliata,
1,3,111,Belgio,Sbagliata,
2,3,111,Austria,Sbagliata,
3,3,111,Norvegia,Corretta,1.0
4,3,111,Portogallo,Sbagliata,
1,1,112,Una nube interstellare di gas e polveri,Corretta,1.0
2,1,112,Una galassia lontana,Sbagliata,
3,1,112,Un satellite artificiale,Sbagliata,
4,1,112,Un buco nero in formazione,Sbagliata,
1,2,112,Buchi neri in espansione,Sbagliata,
2,2,112,Pianeti gassosi,Sbagliata,
3,2,112,Resti ultra-densi di supernovae,Corretta,1.0
4,2,112,Stelle giovani in formazione,Sbagliata,
1,3,112,Poche centinaia,Sbagliata,
2,3,112,Migliaia,Sbagliata,
3,3,112,Milioni,Sbagliata,
4,3,112,Miliardi,Corretta,1.0
1,4,112,Giove,Sbagliata,
2,4,112,Saturno,Corretta,1.0
3,4,112,Nettuno,Sbagliata,
4,4,112,Urano,Sbagliata,
1,1,113,Aqua,Sbagliata,
2,1,113,Agua,Corretta,1.0
3,1,113,Aigue,Sbagliata,
4,1,113,Água,Sbagliata,
1,2,113,Canzone di Roland,Sbagliata,
2,2,113,Placito Capuano,Corretta,1.0
3,2,113,De Vulgari Eloquentia,Sbagliata,
4,2,113,Cantico delle Creature,Sbagliata,
1,3,113,Caduta della -m finale,Corretta,1.0
2,3,113,Aggiunta della -s finale,Sbagliata,
3,3,113,Cambio delle vocali toniche,Sbagliata,
4,3,113,Perdita delle consonanti iniziali,Sbagliata,
1,1,114,Sculture in marmo,Sbagliata,
2,1,114,Manoscritti decorati con illustrazioni colorate,Corretta,1.0
3,1,114,Mosaici romani,Sbagliata,
4,1,114,Tavole di legno intagliate,Sbagliata,
1,2,114,Fresco su metallo,Sbagliata,
2,2,114,Olio su tela,Sbagliata,
3,2,114,Tempera su tavola,Corretta,1.0
4,2,114,Acquerello su carta,Sbagliata,
1,1,115,Luchino Visconti,Sbagliata,
2,1,115,Roberto Rossellini,Sbagliata,
3,1,115,Federico Fellini,Sbagliata,
4,1,115,Vittorio De Sica,Corretta,1.0
1,2,115,Stalker,Corretta,1.0
2,2,115,Sacrificio,Sbagliata,
3,2,115,Solaris,Sbagliata,
4,2,115,Andrei Rublev,Sbagliata,
1,3,115,Cinema francese degli anni '60,Corretta,1.0
2,3,115,Cinema americano degli anni '50,Sbagliata,
3,3,115,Cinema italiano neorealista,Sbagliata,
4,3,115,Cinema tedesco espressionista,Sbagliata,
1,4,115,Il settimo sigillo,Corretta,1.0
2,4,115,Persona,Sbagliata,
3,4,115,Luci d'inverno,Sbagliata,
4,4,115,Sinfonia d'autunno,Sbagliata,
1,1,116,Pandoro,Sbagliata,
2,1,116,Colomba,Sbagliata,
3,1,116,Panettone,Sbagliata,
4,1,116,Struffoli,Corretta,1.0
1,2,116,Piemonte,Sbagliata,
2,2,116,Toscana,Sbagliata,
3,2,116,Lombardia,Sbagliata,
4,2,116,Emilia-Romagna,Corretta,1.0
1,3,116,Coscia di pollo,Sbagliata,
2,3,116,Coscia di maiale stagionata,Corretta,1.0
3,3,116,Spalla di manzo,Sbagliata,
4,3,116,Lombata di vitello,Sbagliata,
1,4,116,Baccalà,Sbagliata,
2,4,116,Salmone,Sbagliata,
3,4,116,Varie specie di pesce misto,Corretta,1.0
4,4,116,Tonno,Sbagliata,
1,1,117,Java,Sbagliata,
2,1,117,HTML,Corretta,1.0
3,1,117,C++,Sbagliata,
4,1,117,Python,Sbagliata,
1,1,118,Privilegi riservati ai cittadini italiani,Sbagliata,
2,1,118,Diritti fondamentali non eliminabili dallo Stato,Corretta,1.0
3,1,118,Diritti concessi dal Parlamento,Sbagliata,
4,1,118,Diritti acquisiti con la maggiore età,Sbagliata,
1,2,118,100,Sbagliata,
2,2,118,155,Sbagliata,
3,2,118,128,Sbagliata,
4,2,118,139,Corretta,1.0
1,3,118,La libertà di stampa,Sbagliata,
2,3,118,L'uguaglianza dei cittadini,Sbagliata,
3,3,118,La sovranità appartiene al popolo,Corretta,1.0
4,3,118,La separazione dei poteri,Sbagliata,
1,4,118,Dai cittadini con voto diretto,Sbagliata,
2,4,118,Dal Consiglio dei Ministri,Sbagliata,
3,4,118,Dal Parlamento in seduta comune,Corretta,1.0
4,4,118,Dalla Corte Costituzionale,Sbagliata,
1,5,118,Il Parlamento è composto da Camera e Senato con uguali poteri,Corretta,1.0
2,5,118,Solo la Camera può approvare leggi,Sbagliata,
3,5,118,Il Senato ha poteri superiori,Sbagliata,
4,5,118,Il Governo nomina entrambe le camere,Sbagliata,
1,1,119,Il profitto netto,Sbagliata,
2,1,119,Il dividendo distribuito,Sbagliata,
3,1,119,L'investimento in macchinari,Sbagliata,
4,1,119,Il flusso di cassa generato dall'attività caratteristica,Corretta,1.0
1,1,120,Arcangelo Corelli,Sbagliata,
2,1,120,Georg Friedrich Handel,Sbagliata,
3,1,120,Antonio Vivaldi,Corretta,1.0
4,1,120,Johann Sebastian Bach,Sbagliata,
1,2,120,Antonio Vivaldi,Sbagliata,
2,2,120,Claudio Monteverdi,Sbagliata,
3,2,120,Johann Sebastian Bach,Corretta,1.0
4,2,120,Georg Friedrich Handel,Sbagliata,
1,3,120,Wolfgang Amadeus Mozart,Sbagliata,
2,3,120,Johannes Brahms,Sbagliata,
3,3,120,Ludwig van Beethoven,Corretta,1.0
4,3,120,Franz Schubert,Sbagliata,
1,4,120,Madama Butterfly,Corretta,1.0
2,4,120,Tosca,Sbagliata,
3,4,120,La Bohème,Sbagliata,
4,4,120,Turandot,Sbagliata,
1,1,121,La struttura del cosmo,Sbagliata,
2,1,121,Il comportamento morale e la vita buona,Corretta,1.0
3,1,121,La conoscenza e la verità,Sbagliata,
4,1,121,Il linguaggio e la logica,Sbagliata,
1,2,121,Purificazione emotiva attraverso la tragedia,Corretta,1.0
2,2,121,La conoscenza della forma,Sbagliata,
3,2,121,La ricerca della felicità,Sbagliata,
4,2,121,La virtù come abitudine,Sbagliata,
1,3,121,Pitagora,Sbagliata,
2,3,121,Eraclito,Sbagliata,
3,3,121,Socrate,Corretta,1.0
4,3,121,Aristotele,Sbagliata,
1,4,121,L'acqua è il principio di tutte le cose,Sbagliata,
2,4,121,Il fuoco è l'elemento primordiale,Sbagliata,
3,4,121,L'aria è la sostanza di base,Sbagliata,
4,4,121,La realtà è composta da atomi indivisibili nel vuoto,Corretta,1.0
1,1,122,Cartilagine,Sbagliata,
2,1,122,Periostio,Sbagliata,
3,1,122,Tendine,Corretta,1.0
4,1,122,Legamento,Sbagliata,
1,2,122,40,Sbagliata,
2,2,122,28,Sbagliata,
3,2,122,26,Sbagliata,
4,2,122,33-34,Corretta,1.0
1,3,122,Due,Sbagliata,
2,3,122,Sei,Sbagliata,
3,3,122,Tre,Sbagliata,
4,3,122,Quattro,Corretta,1.0
1,4,122,Tibia,Sbagliata,
2,4,122,Radio,Sbagliata,
3,4,122,Omero,Sbagliata,
4,4,122,Femore,Corretta,1.0
1,5,122,Fegato,Sbagliata,
2,5,122,Tiroide,Sbagliata,
3,5,122,Reni,Sbagliata,
4,5,122,Pancreas,Corretta,1.0
1,1,123,Una specie in via di estinzione,Sbagliata,
2,1,123,Una specie introdotta in un nuovo habitat dove causa danni,Corretta,1.0
3,1,123,Una specie adattata agli ambienti freddi,Sbagliata,
4,1,123,Una specie endemica,Sbagliata,
1,2,123,Argon (Ar),Sbagliata,
2,2,123,Anidride carbonica (CO₂),Corretta,1.0
3,2,123,Ossigeno (O₂),Sbagliata,
4,2,123,Azoto (N₂),Sbagliata,
1,1,124,28,Sbagliata,
2,1,124,32,Corretta,1.0
3,1,124,24,Sbagliata,
4,1,124,40,Sbagliata,
1,2,124,Carl Lewis,Sbagliata,
2,2,124,Asafa Powell,Sbagliata,
3,2,124,Usain Bolt,Corretta,1.0
4,2,124,Tyson Gay,Sbagliata,
1,3,124,Parigi,Sbagliata,
2,3,124,Londra,Sbagliata,
3,3,124,Tokyo,Corretta,1.0
4,3,124,Los Angeles,Sbagliata,
1,1,125,Un computer,Corretta,1.0
2,1,125,Un fiume,Sbagliata,
3,1,125,Una rete neurale biologica,Sbagliata,
4,1,125,Un edificio,Sbagliata,
1,2,125,La memoria a lungo termine,Sbagliata,
2,2,125,Il magazzino sensoriale,Sbagliata,
3,2,125,Un sistema a capacità limitata per il mantenimento temporaneo delle informazioni,Corretta,1.0
4,2,125,La memoria emotiva,Sbagliata,
1,1,126,La teoria economica,Sbagliata,
2,1,126,La sociologia urbana e l'immigrazione nelle città industriali,Corretta,1.0
3,1,126,La psicologia comportamentale,Sbagliata,
4,1,126,La storia medievale,Sbagliata,
1,2,126,La pianificazione del traffico,Sbagliata,
2,2,126,L'architettura degli spazi pubblici,Sbagliata,
3,2,126,La gestione dei rifiuti urbani,Sbagliata,
4,2,126,La separazione spaziale di gruppi sociali all'interno della città,Corretta,1.0
1,3,126,La creazione di zone industriali,Sbagliata,
2,3,126,L'espansione delle periferie urbane,Sbagliata,
3,3,126,La costruzione di nuovi grattacieli,Sbagliata,
4,3,126,La trasformazione di quartieri popolari in aree ad alto reddito,Corretta,1.0
1,1,127,Il teocentrismo medievale,Sbagliata,
2,1,127,Il ritorno ai classici greci e latini e la centralità dell'uomo,Corretta,1.0
3,1,127,L'architettura gotica,Sbagliata,
4,1,127,L'arte astratta e non figurativa,Sbagliata,
1,2,127,Firenze,Corretta,1.0
2,2,127,Venezia,Sbagliata,
3,2,127,Roma,Sbagliata,
4,2,127,Milano,Sbagliata,
1,3,127,Leonardo da Vinci,Sbagliata,
2,3,127,Raffaello,Sbagliata,
3,3,127,Sandro Botticelli,Corretta,1.0
4,3,127,Perugino,Sbagliata,
1,1,128,1922,Corretta,1.0
2,1,128,1945,Sbagliata,
3,1,128,1915,Sbagliata,
4,1,128,1930,Sbagliata,
1,2,128,Romanticismo,Sbagliata,
2,2,128,Rinascimento elisabettiano,Corretta,1.0
3,2,128,Vittorianesimo,Sbagliata,
4,2,128,Modernismo,Sbagliata,
1,3,128,Charlotte Brontë,Sbagliata,
2,3,128,Mary Shelley,Sbagliata,
3,3,128,Virginia Woolf,Sbagliata,
4,3,128,Jane Austen,Corretta,1.0
1,1,129,2^n,Sbagliata,
2,1,129,n!,Corretta,1.0
3,1,129,n×(n-1),Sbagliata,
4,1,129,n^2,Sbagliata,
1,2,129,Un algoritmo di ordinamento,Sbagliata,
2,2,129,Un insieme di nodi collegati da archi,Corretta,1.0
3,2,129,Una funzione matematica,Sbagliata,
4,2,129,Un tipo di matrice,Sbagliata,
1,3,129,Il costo dell'accesso diretto,Sbagliata,
2,3,129,Il costo dell'algoritmo della bolla,Sbagliata,
3,3,129,Il costo della ricerca lineare,Sbagliata,
4,3,129,Il costo di algoritmi come Merge Sort,Corretta,1.0
1,4,129,Ogni mappa planare può essere colorata con al massimo 4 colori senza che regioni adiacenti abbiano lo stesso colore,Corretta,1.0
2,4,129,Ogni grafo è bipartito,Sbagliata,
3,4,129,Ogni polinomio ha almeno una radice,Sbagliata,
4,4,129,Ogni insieme finito ha un sottoinsieme massimale,Sbagliata,
1,1,130,Traduce nomi di dominio in indirizzi IP,Sbagliata,
2,1,130,Assegna automaticamente indirizzi IP ai dispositivi in rete,Corretta,1.0
3,1,130,Crea connessioni VPN,Sbagliata,
4,1,130,Gestisce il traffico web,Sbagliata,
1,2,130,TCP è più veloce di UDP,Sbagliata,
2,2,130,UDP è orientato alla connessione,Sbagliata,
3,2,130,Non c'è differenza,Sbagliata,
4,2,130,"TCP è orientato alla connessione e affidabile, UDP è senza connessione e non garantisce la consegna",Corretta,1.0
1,1,131,O(n²),Sbagliata,
2,1,131,O(n),Sbagliata,
3,1,131,O(log n),Corretta,1.0
4,1,131,O(1),Sbagliata,
1,2,131,L'albero di copertura minimo,Sbagliata,
2,2,131,Il percorso più breve in un grafo con pesi non negativi,Corretta,1.0
3,2,131,L'ordinamento topologico,Sbagliata,
4,2,131,Il flusso massimo in una rete,Sbagliata,
1,3,131,Quicksort,Corretta,1.0
2,3,131,Insertion Sort,Sbagliata,
3,3,131,Selection Sort,Sbagliata,
4,3,131,Bubble Sort,Sbagliata,
1,4,131,Una lista doppiamente concatenata,Sbagliata,
2,4,131,Una matrice di adiacenza,Sbagliata,
3,4,131,Un tipo di albero bilanciato,Sbagliata,
4,4,131,Una struttura dati che mappa chiavi a valori tramite una funzione hash,Corretta,1.0
1,5,131,Una lista ordinata,Sbagliata,
2,5,131,Un grafo non orientato,Sbagliata,
3,5,131,Un insieme di nodi senza gerarchia,Sbagliata,
4,5,131,Un albero in cui ogni nodo ha al più 2 figli e i valori sinistri sono minori di quelli destri,Corretta,1.0
1,1,132,Un indicatore chiave di prestazione,Corretta,1.0
2,1,132,Un software di CRM,Sbagliata,
3,1,132,Una piattaforma di advertising,Sbagliata,
4,1,132,Un tipo di contenuto digitale,Sbagliata,
1,2,132,Il marketing via SMS,Sbagliata,
2,2,132,La promozione tramite influencer,Sbagliata,
3,2,132,La pubblicità a pagamento online,Sbagliata,
4,2,132,La creazione di contenuti di valore per attrarre e coinvolgere il pubblico target,Corretta,1.0
1,3,132,Search Engine Optimization,Corretta,1.0
2,3,132,System Engagement Outreach,Sbagliata,
3,3,132,Social Engine Operations,Sbagliata,
4,3,132,Sales Execution Online,Sbagliata,
1,1,133,Una tecnica di marketing,Sbagliata,
2,1,133,Una filosofia gestionale che elimina gli sprechi e ottimizza i processi,Corretta,1.0
3,1,133,Un sistema di incentivazione dei dipendenti,Sbagliata,
4,1,133,Un metodo di contabilità analitica,Sbagliata,
1,2,133,Il controllo qualità dei prodotti,Sbagliata,
2,2,133,La pianificazione strategica a lungo termine,Sbagliata,
3,2,133,La gestione finanziaria aziendale,Sbagliata,
4,2,133,Un sistema in cui si fissano obiettivi condivisi tra manager e dipendenti,Corretta,1.0
1,3,133,Un documento che descrive gli obiettivi e le strategie di un'azienda,Corretta,1.0
2,3,133,Il piano di marketing,Sbagliata,
3,3,133,Il contratto con i fornitori,Sbagliata,
4,3,133,Il rendiconto finanziario annuale,Sbagliata,
1,4,133,"Ricavi, costi, utili e perdite",Sbagliata,
2,4,133,"Clienti, fornitori, concorrenti e regolatori",Sbagliata,
3,4,133,"Domanda, offerta, prezzo e volume",Sbagliata,
4,4,133,"Punti di forza, debolezze, opportunità e minacce",Corretta,1.0
1,1,134,Verismo,Sbagliata,
2,1,134,Metafisica,Sbagliata,
3,1,134,Divisionismo,Sbagliata,
4,1,134,Futurismo,Corretta,1.0
1,2,134,Jasper Johns,Sbagliata,
2,2,134,Roy Lichtenstein,Sbagliata,
3,2,134,Andy Warhol,Corretta,1.0
4,2,134,Robert Rauschenberg,Sbagliata,
1,3,134,Bauhaus,Sbagliata,
2,3,134,De Stijl (Neoplasticismo),Corretta,1.0
3,3,134,Futurismo,Sbagliata,
4,3,134,Arte Povera,Sbagliata,
1,4,134,Arte che ritrae la natura con precisione,Sbagliata,
2,4,134,Arte che non rappresenta oggetti riconoscibili del mondo reale,Corretta,1.0
3,4,134,Arte religiosa del Medioevo,Sbagliata,
4,4,134,Arte fotografica contemporanea,Sbagliata,
1,5,134,Dadaismo,Sbagliata,
2,5,134,Cubismo,Sbagliata,
3,5,134,Fauvismo,Sbagliata,
4,5,134,Post-Impressionismo,Corretta,1.0
1,1,135,Una correlazione tra due particelle tale che lo stato di una dipende istantaneamente dall'altra,Corretta,1.0
2,1,135,Il principio di esclusione,Sbagliata,
3,1,135,La velocità di tunneling,Sbagliata,
4,1,135,L'energia di un fotone,Sbagliata,
1,2,135,Max Planck,Sbagliata,
2,2,135,Werner Heisenberg,Corretta,1.0
3,2,135,Niels Bohr,Sbagliata,
4,2,135,Erwin Schrödinger,Sbagliata,
1,3,135,Uno stato in cui una particella esiste in più stati contemporaneamente fino alla misurazione,Corretta,1.0
2,3,135,Il principio di esclusione di Pauli,Sbagliata,
3,3,135,L'entanglement quantistico,Sbagliata,
4,3,135,L'interferenza tra due onde,Sbagliata,
1,4,135,La costante fondamentale che lega l'energia di un fotone alla sua frequenza,Corretta,1.0
2,4,135,La velocità della luce nel vuoto,Sbagliata,
3,4,135,La massa dell'elettrone,Sbagliata,
4,4,135,La carica dell'elettrone,Sbagliata,
1,1,136,Gallio,Sbagliata,
2,1,136,Cesio,Sbagliata,
3,1,136,Sodio,Sbagliata,
4,1,136,Mercurio,Corretta,1.0
1,2,136,Un tipo di legame metallico,Sbagliata,
2,2,136,Un legame tra molecole polari,Sbagliata,
3,2,136,La condivisione di elettroni tra atomi,Sbagliata,
4,2,136,Il trasferimento di elettroni tra atomi che formano ioni di carica opposta,Corretta,1.0
1,3,136,Au,Corretta,1.0
2,3,136,Go,Sbagliata,
3,3,136,Ag,Sbagliata,
4,3,136,Or,Sbagliata,
1,1,137,Un deposito di sedimenti marini,Sbagliata,
2,1,137,Un tipo di fondale sabbioso,Sbagliata,
3,1,137,Un ecosistema marino costruito da organismi che secernono carbonato di calcio,Corretta,1.0
4,1,137,Una corrente oceanica,Sbagliata,
1,2,137,Bioluminescenza,Sbagliata,
2,2,137,Chemiosintesi,Sbagliata,
3,2,137,Fotosintesi,Corretta,1.0
4,2,137,Respirazione cellulare,Sbagliata,
1,3,137,I coralli giovani,Sbagliata,
2,3,137,Un tipo di alga gigante,Sbagliata,
3,3,137,Organismi microscopici che galleggiano nelle acque e formano la base della catena alimentare marina,Corretta,1.0
4,3,137,I larve dei pesci marini,Sbagliata,
1,1,138,Rocce metamorfiche,Sbagliata,
2,1,138,Rocce vulcaniche,Sbagliata,
3,1,138,Rocce ignee,Sbagliata,
4,1,138,Rocce sedimentarie,Corretta,1.0
1,2,138,Roccia carbonatica,Sbagliata,
2,2,138,Roccia metamorfica,Sbagliata,
3,2,138,Roccia sedimentaria,Sbagliata,
4,2,138,Roccia ignea,Corretta,1.0
1,3,138,Il magma all'interno della Terra,Sbagliata,
2,3,138,Il magma fuoriuscito dal vulcano,Corretta,1.0
3,3,138,I detriti solidi del vulcano,Sbagliata,
4,3,138,Il gas vulcanico,Sbagliata,
1,1,139,Altocumulo,Sbagliata,
2,1,139,Cumulonembo,Corretta,1.0
3,1,139,Strato,Sbagliata,
4,1,139,Cirro,Sbagliata,
1,2,139,Maestrale,Sbagliata,
2,2,139,Bora,Sbagliata,
3,2,139,Scirocco,Corretta,1.0
4,2,139,Tramontana,Sbagliata,
1,3,139,Una corrente d'aria ad alta quota che influenza il tempo meteorologico,Corretta,1.0
2,3,139,Un tipo di precipitazione,Sbagliata,
3,3,139,Un vento locale costiero,Sbagliata,
4,3,139,Un fenomeno di inversione termica,Sbagliata,
1,1,140,Il fiorentino toscano,Corretta,1.0
2,1,140,Il siciliano,Sbagliata,
3,1,140,Il veneziano,Sbagliata,
4,1,140,Il napoletano,Sbagliata,
1,2,140,Lo studio del significato delle parole,Sbagliata,
2,2,140,Lo studio delle regole che governano la combinazione delle parole in frasi,Corretta,1.0
3,2,140,Lo studio dei suoni,Sbagliata,
4,2,140,L'insieme del lessico,Sbagliata,
1,3,140,La più piccola unità linguistica dotata di significato,Corretta,1.0
2,3,140,Un'unità fonetica senza significato,Sbagliata,
3,3,140,Una categoria grammaticale,Sbagliata,
4,3,140,Un tipo di sintagma,Sbagliata,
1,1,141,Un codice a blocchi,Sbagliata,
2,1,141,Un protocollo di autenticazione,Sbagliata,
3,1,141,Un algoritmo a chiave pubblica/privata basato sui numeri primi,Corretta,1.0
4,1,141,Un cifrario a sostituzione,Sbagliata,
1,2,141,10,Sbagliata,
2,2,141,2,Corretta,1.0
3,2,141,8,Sbagliata,
4,2,141,16,Sbagliata,
1,3,141,Una funzione che mappa dati di qualsiasi dimensione in un valore di dimensione fissa,Corretta,1.0
2,3,141,Un protocollo di scambio chiavi,Sbagliata,
3,3,141,Un tipo di firma digitale,Sbagliata,
4,3,141,Una chiave crittografica,Sbagliata,
1,4,141,La compressione dei dati,Sbagliata,
2,4,141,La codifica dei messaggi senza chiave,Sbagliata,
3,4,141,Un sistema a doppia chiave,Sbagliata,
4,4,141,Un sistema in cui si usa la stessa chiave per cifrare e decifrare,Corretta,1.0
1,1,142,Marte,Corretta,1.0
2,1,142,Giunone,Sbagliata,
3,1,142,Mercurio,Sbagliata,
4,1,142,Vulcano,Sbagliata,
1,2,142,Il più forte guerriero greco,Sbagliata,
2,2,142,Il figlio di Achille,Sbagliata,
3,2,142,Il re di Itaca noto per la sua astuzia,Corretta,1.0
4,2,142,Il guardiano del labirinto,Sbagliata,
1,1,143,Goffredo di Buglione,Corretta,1.0
2,1,143,Federico Barbarossa,Sbagliata,
3,1,143,Luigi IX di Francia,Sbagliata,
4,1,143,Riccardo Cuor di Leone,Sbagliata,
1,2,143,313 d.C.,Sbagliata,
2,2,143,800 d.C.,Sbagliata,
3,2,143,476 d.C. (caduta dell'Impero Romano d'Occidente),Corretta,1.0
4,2,143,1000 d.C.,Sbagliata,
1,3,143,La bolla papale che indisse le Crociate,Sbagliata,
2,3,143,Un documento del 1215 che limitava il potere del re inglese,Corretta,1.0
3,3,143,Il codice di leggi di Carlo Magno,Sbagliata,
4,3,143,La Bibbia tradotta in volgare,Sbagliata,
1,4,143,Luigi il Pio,Sbagliata,
2,4,143,Carlo Magno,Corretta,1.0
3,4,143,Ottone I,Sbagliata,
4,4,143,Federico Barbarossa,Sbagliata,
1,1,144,Giappone,Corretta,1.0
2,1,144,Vietnam,Sbagliata,
3,1,144,Corea del Sud,Sbagliata,
4,1,144,Cina,Sbagliata,
1,2,144,Siddhartha Gautama,Corretta,1.0
2,2,144,Mahavira,Sbagliata,
3,2,144,Confucio,Sbagliata,
4,2,144,Lao Tzu,Sbagliata,
1,3,144,Nanchino,Sbagliata,
2,3,144,Hong Kong,Sbagliata,
3,3,144,Shanghai,Sbagliata,
4,3,144,Pechino,Corretta,1.0
1,1,145,Premio Nobel 1965,Sbagliata,
2,1,145,Premio Nobel 1958,Corretta,1.0
3,1,145,Premio Nobel 1987,Sbagliata,
4,1,145,Premio Nobel 1970,Sbagliata,
1,1,146,Il saldo della bilancia commerciale,Sbagliata,
2,1,146,Il debito pubblico nazionale,Sbagliata,
3,1,146,Il valore totale dei beni e servizi prodotti in un paese in un anno,Corretta,1.0
4,1,146,Il tasso di inflazione,Sbagliata,
1,2,146,La diversificazione dei prodotti,Sbagliata,
2,2,146,La riduzione del costo unitario al crescere della produzione,Corretta,1.0
3,2,146,La specializzazione del lavoro,Sbagliata,
4,2,146,L'aumento dei prezzi con la domanda,Sbagliata,
1,3,146,ONU,Sbagliata,
2,3,146,WTO (World Trade Organization),Corretta,1.0
3,3,146,FMI,Sbagliata,
4,3,146,Banca Mondiale,Sbagliata,
1,4,146,La politica protezionistica nazionale,Sbagliata,
2,4,146,La nazionalizzazione delle imprese,Sbagliata,
3,4,146,La riduzione delle importazioni,Sbagliata,
4,4,146,"L'integrazione crescente delle economie mondiali attraverso commercio, investimenti e tecnologia",Corretta,1.0
1,1,147,Elefante africano,Sbagliata,
2,1,147,Squalo balena,Sbagliata,
3,1,147,Balenottera azzurra,Corretta,1.0
4,1,147,Giraffa,Sbagliata,
1,2,147,Il cambiamento di colore del piumaggio,Sbagliata,
2,2,147,La comunicazione tra animali della stessa specie,Sbagliata,
3,2,147,La capacità di confondersi con l'ambiente per sfuggire ai predatori,Corretta,1.0
4,2,147,La migrazione stagionale,Sbagliata,
1,3,147,Rodentia,Sbagliata,
2,3,147,Chiroptera,Corretta,1.0
3,3,147,Carnivora,Sbagliata,
4,3,147,Primates,Sbagliata,
1,1,148,Trasportare l'acqua dalle radici,Sbagliata,
2,1,148,Assorbire la luce solare per la fotosintesi,Corretta,1.0
3,1,148,Immagazzinare nutrienti,Sbagliata,
4,1,148,Proteggere la pianta dagli insetti,Sbagliata,
1,2,148,"Piante con semi non protetti da frutto, come le conifere",Corretta,1.0
2,2,148,Funghi e licheni,Sbagliata,
3,2,148,Piante acquatiche,Sbagliata,
4,2,148,Piante con fiori colorati,Sbagliata,
1,1,149,Una sostanza che si lega a un recettore e lo attiva,Corretta,1.0
2,1,149,Un farmaco che accelera il metabolismo,Sbagliata,
3,1,149,Un anticorpo monoclonale,Sbagliata,
4,1,149,Una sostanza che blocca il recettore,Sbagliata,
1,2,149,Una reazione allergica grave,Sbagliata,
2,2,149,Una controindicazione assoluta,Sbagliata,
3,2,149,L'effetto principale del farmaco,Sbagliata,
4,2,149,Un effetto indesiderato che si manifesta a dosi terapeutiche,Corretta,1.0
1,3,149,La riduzione della biodisponibilità di un farmaco orale a causa del metabolismo epatico prima di raggiungere il circolo sistemico,Corretta,1.0
2,3,149,L'inattivazione del farmaco per ossidazione,Sbagliata,
3,3,149,L'assorbimento intestinale del farmaco,Sbagliata,
4,3,149,L'eliminazione renale del farmaco,Sbagliata,
1,4,149,"Lo studio di come il corpo assorbe, distribuisce, metabolizza ed elimina un farmaco",Corretta,1.0
2,4,149,Lo studio delle interazioni farmacologiche,Sbagliata,
3,4,149,Lo studio degli effetti del farmaco sull'organismo,Sbagliata,
4,4,149,Lo studio della struttura chimica dei farmaci,Sbagliata,
1,1,150,Un trattato sulla proliferazione nucleare,Sbagliata,
2,1,150,Un accordo commerciale internazionale,Sbagliata,
3,1,150,Un patto di non aggressione,Sbagliata,
4,1,150,Un insieme di trattati internazionali che proteggono le vittime dei conflitti armati,Corretta,1.0
1,2,150,Il riconoscimento internazionale di uno stato,Sbagliata,
2,2,150,Il diritto di veto nel Consiglio di Sicurezza ONU,Sbagliata,
3,2,150,L'autorità suprema di uno stato sul proprio territorio e popolazione,Corretta,1.0
4,2,150,L'immunità diplomatica,Sbagliata,
1,3,150,Decisioni della Corte Internazionale di Giustizia,Sbagliata,
2,3,150,Trattati scritti tra stati,Sbagliata,
3,3,150,Risoluzioni dell'Assemblea Generale ONU,Sbagliata,
4,3,150,Norme internazionali derivanti da pratiche statali generalmente accettate come obbligatorie,Corretta,1.0
1,4,150,Un organo consultivo dell'ONU,Sbagliata,
2,4,150,La Corte Internazionale di Giustizia tra stati,Sbagliata,
3,4,150,"Un tribunale permanente che giudica individui per crimini di guerra, genocidio e crimini contro l'umanità",Corretta,1.0
4,4,150,Un tribunale arbitrale commerciale,Sbagliata,
1,1,151,Guglielmo Marconi,Sbagliata,
2,1,151,Alexander Graham Bell,Corretta,1.0
3,1,151,Thomas Edison,Sbagliata,
4,1,151,Nikola Tesla,Sbagliata,
1,2,151,John von Neumann,Sbagliata,
2,2,151,Alan Turing,Corretta,1.0
3,2,151,Ada Lovelace,Sbagliata,
4,2,151,Charles Babbage,Sbagliata,
1,3,151,George Stephenson,Sbagliata,
2,3,151,James Watt,Corretta,1.0
3,3,151,Isambard Kingdom Brunel,Sbagliata,
4,3,151,Richard Arkwright,Sbagliata,
1,1,152,Isaac Asimov,Sbagliata,
2,1,152,Norbert Wiener,Sbagliata,
3,1,152,Joseph Engelberger,Sbagliata,
4,1,152,Karel Čapek,Corretta,1.0
1,2,152,"Muoversi, sentire, agire",Sbagliata,
2,2,152,"Calcolare, comunicare, cooperare",Sbagliata,
3,2,152,"Non nuocere agli umani, obbedire agli umani, proteggere se stessa",Corretta,1.0
4,2,152,"Percepire, ragionare, agire",Sbagliata,
1,3,152,Un robot militare,Sbagliata,
2,3,152,Un robot progettato per lavorare accanto agli esseri umani in modo sicuro,Corretta,1.0
3,3,152,Un robot sottomarino,Sbagliata,
4,3,152,Un robot per esplorazione spaziale,Sbagliata,
1,4,152,Il sensore di prossimità,Sbagliata,
2,4,152,Il software di controllo,Sbagliata,
3,4,152,"Il componente che genera il movimento (motore, servomotore, cilindro pneumatico)",Corretta,1.0
4,4,152,Il processore centrale,Sbagliata,
1,5,152,Un robot umanoide,Sbagliata,
2,5,152,Un drone militare,Sbagliata,
3,5,152,Una macchina automatizzata programmabile per eseguire compiti in ambiente manifatturiero,Corretta,1.0
4,5,152,Un veicolo autonomo,Sbagliata,
1,1,153,Un tipo di machine learning che usa reti neurali con molti strati nascosti,Corretta,1.0
2,1,153,Un sistema di elaborazione del linguaggio naturale,Sbagliata,
3,1,153,Una tecnica di ricerca su dati strutturati,Sbagliata,
4,1,153,Un metodo di compressione dati,Sbagliata,
1,2,153,Un tipo di apprendimento in cui un agente impara tramite ricompense e punizioni,Corretta,1.0
2,2,153,Un metodo di classificazione supervisionata,Sbagliata,
3,2,153,Un algoritmo di clustering,Sbagliata,
4,2,153,Una tecnica di riduzione della dimensionalità,Sbagliata,
1,3,153,Un sistema di regole fisse,Sbagliata,
2,3,153,Un ramo dell'AI in cui i sistemi imparano dai dati senza essere esplicitamente programmati,Corretta,1.0
3,3,153,Un tipo di algoritmo deterministico,Sbagliata,
4,3,153,Un linguaggio di programmazione,Sbagliata,
1,4,153,Un tipo di database,Sbagliata,
2,4,153,"Un modello computazionale ispirato al cervello umano, composto da strati di neuroni artificiali",Corretta,1.0
3,4,153,Un algoritmo di ricerca,Sbagliata,
4,4,153,Un sistema esperto basato su regole,Sbagliata,
1,1,154,Un grafo di dipendenze,Sbagliata,
2,1,154,Un metodo di ensemble,Sbagliata,
3,1,154,Un tipo di rete neurale ricorrente,Sbagliata,
4,1,154,Un modello che fa previsioni attraverso una serie di regole if-then strutturate ad albero,Corretta,1.0
1,2,154,L'analisi dei cluster nei dati,Sbagliata,
2,2,154,La riduzione della dimensionalità,Sbagliata,
3,2,154,Il problema di prevedere un valore numerico continuo,Sbagliata,
4,2,154,Il problema di assegnare etichette categoriche a nuovi esempi,Corretta,1.0
1,3,154,Un algoritmo di ottimizzazione che minimizza la funzione di perdita aggiornando i parametri nella direzione del gradiente negativo,Corretta,1.0
2,3,154,Un metodo di campionamento dei dati,Sbagliata,
3,3,154,Un algoritmo di classificazione,Sbagliata,
4,3,154,Un tipo di funzione di attivazione,Sbagliata,
1,1,155,La covarianza non standardizzata,Sbagliata,
2,1,155,"Una misura della relazione lineare tra due variabili, compresa tra -1 e +1",Corretta,1.0
3,1,155,Un test di indipendenza,Sbagliata,
4,1,155,La regressione multivariata,Sbagliata,
1,2,155,Un test per due campioni,Sbagliata,
2,2,155,La correlazione tra variabili,Sbagliata,
3,2,155,Un test statistico per confrontare le medie di tre o più gruppi,Corretta,1.0
4,2,155,La regressione logistica,Sbagliata,
1,1,156,Il collegamento tra derivazione e integrazione: la derivata dell'integrale di f è f stessa,Corretta,1.0
2,1,156,L'integrale di una costante è zero,Sbagliata,
3,1,156,La regola della catena per le derivate,Sbagliata,
4,1,156,Il teorema di Rolle,Sbagliata,
1,2,156,Metodo dei trapezi,Corretta,1.0
2,2,156,Metodo di Gauss,Sbagliata,
3,2,156,Metodo di Eulero,Sbagliata,
4,2,156,Metodo di Simpson,Sbagliata,
1,1,157,Uno spazio a tre dimensioni,Sbagliata,
2,1,157,Uno spazio vettoriale normato,Sbagliata,
3,1,157,Un gruppo topologico,Sbagliata,
4,1,157,Uno spazio dotato di una funzione distanza che soddisfa alcune proprietà,Corretta,1.0
1,2,157,La struttura degli spazi vettoriali,Sbagliata,
2,2,157,Le proprietà matematiche delle curve chiuse nello spazio tridimensionale,Corretta,1.0
3,2,157,Le trasformazioni delle superfici,Sbagliata,
4,2,157,I grafi planari,Sbagliata,
1,3,157,Una funzione lineare,Sbagliata,
2,3,157,Una trasformazione che conserva le distanze,Sbagliata,
3,3,157,Una funzione biiettiva e bicontinua tra due spazi topologici,Corretta,1.0
4,3,157,Una funzione derivabile,Sbagliata,
1,1,158,Il punto di Pareto,Sbagliata,
2,1,158,Il massimo risultato collettivo,Sbagliata,
3,1,158,"Una situazione in cui nessun giocatore ha interesse a cambiare strategia, dato il comportamento degli altri",Corretta,1.0
4,1,158,La strategia dominante,Sbagliata,
1,2,158,Un gioco in cui il guadagno di un giocatore corrisponde esattamente alla perdita dell'altro,Corretta,1.0
2,2,158,Un gioco cooperativo,Sbagliata,
3,2,158,Un gioco senza strategie dominanti,Sbagliata,
4,2,158,Un gioco in cui tutti vincono,Sbagliata,
1,3,158,La strategia mista ottimale,Sbagliata,
2,3,158,La strategia di Nash,Sbagliata,
3,3,158,Una strategia che è la migliore indipendentemente dalle scelte degli altri giocatori,Corretta,1.0
4,3,158,La strategia più rischiosa,Sbagliata,
1,1,159,Georg Wilhelm Friedrich Hegel,Sbagliata,
2,1,159,Immanuel Kant,Corretta,1.0
3,1,159,René Descartes,Sbagliata,
4,1,159,John Locke,Sbagliata,
1,2,159,La credenza in un unico dio,Sbagliata,
2,2,159,"La negazione di valori morali, verità e significato assoluti",Corretta,1.0
3,2,159,La ricerca del piacere come fine,Sbagliata,
4,2,159,L'affermazione della libertà assoluta,Sbagliata,
1,1,160,Karl Popper,Corretta,1.0
2,1,160,Imre Lakatos,Sbagliata,
3,1,160,Paul Feyerabend,Sbagliata,
4,1,160,Thomas Kuhn,Sbagliata,
1,2,160,Il linguaggio e il significato,Sbagliata,
2,2,160,"La natura, l'origine e i limiti della conoscenza",Corretta,1.0
3,2,160,Le basi dell'etica,Sbagliata,
4,2,160,La struttura della realtà,Sbagliata,
1,1,161,Agisci solo secondo quella massima che puoi volere sia una legge universale,Corretta,1.0
2,1,161,La regola d'oro della reciprocità,Sbagliata,
3,1,161,Il principio di utilità,Sbagliata,
4,1,161,Il principio del piacere,Sbagliata,
1,2,161,La posizione che i valori morali variano tra culture e non esistono standard morali universali,Corretta,1.0
2,2,161,Il realismo morale,Sbagliata,
3,2,161,L'universalismo etico,Sbagliata,
4,2,161,Il cognitivismo etico,Sbagliata,
1,3,161,La teoria etica che valuta le azioni in base alla massimizzazione del benessere totale,Corretta,1.0
2,3,161,Il contrattualismo sociale,Sbagliata,
3,3,161,L'etica della virtù aristotelica,Sbagliata,
4,3,161,Una teoria dei doveri morali assoluti,Sbagliata,
1,1,162,Il monoteismo,Sbagliata,
2,1,162,Il politeismo,Sbagliata,
3,1,162,La concezione che identifica Dio con l'universo intero,Corretta,1.0
4,1,162,L'ateismo,Sbagliata,
1,2,162,La credenza in più dei,Sbagliata,
2,2,162,La credenza in forze naturali divine,Sbagliata,
3,2,162,La credenza in un solo Dio,Corretta,1.0
4,2,162,La credenza nell'assenza di dei,Sbagliata,
1,1,163,I Troiani (civiltà anatolica dell'età del bronzo),Corretta,1.0
2,1,163,I Fenici,Sbagliata,
3,1,163,I Greci micenei,Sbagliata,
4,1,163,Gli Ittiti,Sbagliata,
1,2,163,Esistono copie romane in vari musei del mondo; l'originale (Mirone) è perduto,Corretta,1.0
2,2,163,"Musei Vaticani, originale intatto",Sbagliata,
3,2,163,Museo dell'Acropoli di Atene,Sbagliata,
4,2,163,"Museo Nazionale di Napoli, originale",Sbagliata,
1,3,163,Uno stile con capitelli semplici e squadrati,Sbagliata,
2,3,163,Uno stile caratterizzato da capitelli decorati con foglie di acanto,Corretta,1.0
3,3,163,Uno stile con scanalature verticali senza ornamenti,Sbagliata,
4,3,163,Uno stile romano tardivo,Sbagliata,
1,1,164,Il bordo della moneta,Sbagliata,
2,1,164,Il valore nominale,Sbagliata,
3,1,164,Il rovescio della moneta,Sbagliata,
4,1,164,"La faccia principale della moneta, di solito con il ritratto",Corretta,1.0
1,2,164,Il registro dei valori monetari,Sbagliata,
2,2,164,Il luogo dove vengono prodotte le monete,Corretta,1.0
3,2,164,La banca centrale,Sbagliata,
4,2,164,Il museo delle monete,Sbagliata,
1,1,165,Un trovatore provenzale,Sbagliata,
2,1,165,Un romanziere francese del XII secolo autore dei romanzi arturiani,Corretta,1.0
3,1,165,Un cronista medievale,Sbagliata,
4,1,165,Un filosofo scolastico,Sbagliata,
1,2,165,Le Rime di Guittone d'Arezzo,Sbagliata,
2,2,165,Il Cantico delle Creature di Francesco d'Assisi,Sbagliata,
3,2,165,I Sonetti di Guinizzelli,Sbagliata,
4,2,165,La Vita Nova di Dante,Corretta,1.0
1,3,165,La storia di Roma antica,Sbagliata,
2,3,165,Le lingue e le letterature derivate dal Latino nelle tradizioni romanze,Corretta,1.0
3,3,165,La grammatica del Greco classico,Sbagliata,
4,3,165,Le iscrizioni latine medievali,Sbagliata,
1,1,166,Un tipo di cerimoniale funerario,Sbagliata,
2,1,166,Il percorso stradale principale dell'Impero,Sbagliata,
3,1,166,La sequenza di cariche politiche e militari da percorrere nella carriera pubblica romana,Corretta,1.0
4,1,166,Il calendario delle festività romane,Sbagliata,
1,1,167,1918,Sbagliata,
2,1,167,1914,Corretta,1.0
3,1,167,1916,Sbagliata,
4,1,167,1912,Sbagliata,
1,2,167,Armistizio di Compiègne,Sbagliata,
2,2,167,Trattato di Versailles (1919),Corretta,1.0
3,2,167,Patto di Londra,Sbagliata,
4,2,167,Trattato di Brest-Litovsk,Sbagliata,
1,3,167,Un tipo di assedio medievale,Sbagliata,
2,3,167,Una forma di combattimento in cui i soldati combattono da trincee scavate nel terreno,Corretta,1.0
3,3,167,Una battaglia navale,Sbagliata,
4,3,167,Una strategia di attacco rapido,Sbagliata,
1,4,167,Un attacco navale britannico,Sbagliata,
2,4,167,Un'offensiva austro-ungarica contro l'Italia sull'Altopiano di Asiago,Corretta,1.0
3,4,167,Un'offensiva tedesca in Francia,Sbagliata,
4,4,167,Una battaglia sulle Alpi svizzere,Sbagliata,
1,1,168,L'entrata in guerra dell'Italia,Sbagliata,
2,1,168,L'attacco giapponese a Pearl Harbor (7 dicembre 1941),Corretta,1.0
3,1,168,L'invasione della Polonia,Sbagliata,
4,1,168,La caduta della Francia,Sbagliata,
1,2,168,6 agosto 1944,Sbagliata,
2,2,168,25 aprile 1945,Sbagliata,
3,2,168,8 settembre 1943,Sbagliata,
4,2,168,6 giugno 1944,Corretta,1.0
1,3,168,Il movimento partigiano che combatté contro l'occupazione nazifascista durante la WWII,Corretta,1.0
2,3,168,Un accordo diplomatico,Sbagliata,
3,3,168,L'esercito regolare italiano,Sbagliata,
4,3,168,La Marina Militare italiana,Sbagliata,
1,4,168,1940,Sbagliata,
2,4,168,1941,Sbagliata,
3,4,168,1939,Corretta,1.0
4,4,168,1938,Sbagliata,
1,1,169,Un forum internazionale delle venti principali economie mondiali,Corretta,1.0
2,1,169,Un'alleanza militare,Sbagliata,
3,1,169,Un gruppo di paesi in via di sviluppo,Sbagliata,
4,1,169,L'organizzazione dei paesi produttori di petrolio,Sbagliata,
1,2,169,Uno stato in bancarotta,Sbagliata,
2,2,169,Uno stato che non riesce a esercitare autorità e fornire servizi di base ai propri cittadini,Corretta,1.0
3,2,169,Uno stato colonizzato,Sbagliata,
4,2,169,Uno stato governato da una giunta militare,Sbagliata,
1,3,169,La diplomazia segreta,Sbagliata,
2,3,169,"La capacità di influenzare altri paesi tramite cultura, valori e diplomazia anziché forza militare",Corretta,1.0
3,3,169,Il potere militare convenzionale,Sbagliata,
4,3,169,La potenza economica,Sbagliata,
1,4,169,L'uso della forza militare per ottenere concessioni diplomatiche,Corretta,1.0
2,4,169,La cooperazione allo sviluppo,Sbagliata,
3,4,169,La diplomazia multilaterale,Sbagliata,
4,4,169,La politica di non allineamento,Sbagliata,
1,1,170,Un trattato di non proliferazione,Sbagliata,
2,1,170,Un accordo di disarmo,Sbagliata,
3,1,170,Un sistema di difesa missilistica,Sbagliata,
4,1,170,La strategia di prevenire un attacco nucleare attraverso la minaccia di una risposta nucleare devastante,Corretta,1.0
1,2,170,L'imperialismo occidentale,Sbagliata,
2,2,170,La formazione di blocchi regionali,Sbagliata,
3,2,170,"L'intensificazione delle interdipendenze economiche, culturali e politiche tra paesi",Corretta,1.0
4,2,170,La diffusione della democrazia,Sbagliata,
1,3,170,La parità nei diritti internazionali,Sbagliata,
2,3,170,L'uguaglianza economica tra nazioni,Sbagliata,
3,3,170,La distribuzione equa delle risorse naturali,Sbagliata,
4,3,170,L'equilibrio delle potenze che impedisce a un singolo stato di dominare il sistema internazionale,Corretta,1.0
1,1,171,Qin Shi Huang (Primo Imperatore della Cina),Corretta,1.0
2,1,171,Liu Bang,Sbagliata,
3,1,171,Zhu Yuanzhang,Sbagliata,
4,1,171,Kublai Khan,Sbagliata,
1,2,171,Corea,Sbagliata,
2,2,171,India,Sbagliata,
3,2,171,Cina,Sbagliata,
4,2,171,Giappone,Corretta,1.0
1,3,171,Kublai Khan,Sbagliata,
2,3,171,Tamerlano,Sbagliata,
3,3,171,Gengis Khan,Corretta,1.0
4,3,171,Attila,Sbagliata,
1,1,172,Nelson Mandela,Sbagliata,
2,1,172,Kwame Nkrumah,Sbagliata,
3,1,172,Julius Nyerere,Sbagliata,
4,1,172,Sam Nujoma,Corretta,1.0
1,2,172,Il portoghese,Sbagliata,
2,2,172,Lo swahili (come lingua franca) / Hausa / Yoruba (come lingua madre),Corretta,1.0
3,2,172,Il francese,Sbagliata,
4,2,172,L'arabo,Sbagliata,
1,3,172,La civiltà di Axum,Sbagliata,
2,3,172,L'Impero Mali,Sbagliata,
3,3,172,L'antico Egitto,Corretta,1.0
4,3,172,Il regno di Kush,Sbagliata,
1,4,172,Un guerriero,Sbagliata,
2,4,172,Un capo tribale,Sbagliata,
3,4,172,Un cantastorie e custode della memoria storica orale delle comunità,Corretta,1.0
4,4,172,Un sacerdote tradizionale,Sbagliata,
1,1,173,Chicago,Sbagliata,
2,1,173,Kansas City,Sbagliata,
3,1,173,New Orleans,Corretta,1.0
4,1,173,New York,Sbagliata,
1,2,173,Una tecnica vocale jazz in cui si usano sillabe senza senso invece di parole,Corretta,1.0
2,2,173,Un tipo di blues,Sbagliata,
3,2,173,Una forma di opera jazz,Sbagliata,
4,2,173,Un genere di gospel,Sbagliata,
1,1,174,Il finale corale,Sbagliata,
2,1,174,Il preludio orchestrale,Sbagliata,
3,1,174,Un brano solistico in cui un personaggio esprime i propri sentimenti,Corretta,1.0
4,1,174,Il duetto tra due personaggi,Sbagliata,
1,2,174,Giovanni Paisiello,Sbagliata,
2,2,174,Gioachino Rossini,Corretta,1.0
3,2,174,Vincenzo Bellini,Sbagliata,
4,2,174,Gaetano Donizetti,Sbagliata,
1,1,175,1966,Sbagliata,
2,1,175,1970,Corretta,1.0
3,1,175,1968,Sbagliata,
4,1,175,1972,Sbagliata,
1,2,175,Un chitarrista rock americano considerato uno dei più grandi di tutti i tempi,Corretta,1.0
2,2,175,Un batterista dei Led Zeppelin,Sbagliata,
3,2,175,Un pianista jazz,Sbagliata,
4,2,175,Un cantante dei Rolling Stones,Sbagliata,
1,1,176,Edgar Degas,Sbagliata,
2,1,176,Pierre-Auguste Renoir,Sbagliata,
3,1,176,Camille Pissarro,Sbagliata,
4,1,176,Claude Monet,Corretta,1.0
1,2,176,Inghilterra,Sbagliata,
2,2,176,Francia,Corretta,1.0
3,2,176,Germania,Sbagliata,
4,2,176,Italia,Sbagliata,
1,1,177,Un tipo di pittura murale,Sbagliata,
2,1,177,Una tecnica di incisione,Sbagliata,
3,1,177,Una scultura a tutto tondo,Sbagliata,
4,1,177,Una scultura in cui le figure sporgono leggermente da uno sfondo piatto,Corretta,1.0
1,2,177,La Nike di Samotracia,Sbagliata,
2,2,177,La Venere di Milo,Sbagliata,
3,2,177,Il Laocoonte,Sbagliata,
4,2,177,Il Discobolo di Mirone (o il Doriforo di Policleto),Corretta,1.0
1,3,177,L'uso di diversi materiali,Sbagliata,
2,3,177,La pratica di dipingere le sculture con colori vivaci,Corretta,1.0
3,3,177,La lavorazione a più mani,Sbagliata,
4,3,177,La fusione a cera persa,Sbagliata,
1,4,177,Il classicismo augusteo,Sbagliata,
2,4,177,Lo stile ellenistico,Sbagliata,
3,4,177,Il ritratto verista romano,Corretta,1.0
4,4,177,Il tardo antico,Sbagliata,
1,1,178,Una facciata non portante in vetro e metallo applicata alla struttura portante dell'edificio,Corretta,1.0
2,1,178,Un tipo di arco strutturale,Sbagliata,
3,1,178,Una tecnica di isolamento termico,Sbagliata,
4,1,178,Un muro portante in mattoni,Sbagliata,
1,2,178,La decorazione storicista,Sbagliata,
2,2,178,L'integrazione con la natura,Sbagliata,
3,2,178,"'La casa è una macchina per abitare', con tetto giardino, pilotis, pianta libera e facciata libera",Corretta,1.0
4,2,178,L'ornamento è crimine,Sbagliata,
1,3,178,Un movimento artistico francese,Sbagliata,
2,3,178,Una scuola di design e architettura tedesca (1919-1933) che univa arte e artigianato con la produzione industriale,Corretta,1.0
3,3,178,Un tipo di costruzione in acciaio,Sbagliata,
4,3,178,Un'associazione di architetti,Sbagliata,
1,4,178,Lo stile neoclassico del XIX secolo,Sbagliata,
2,4,178,Il barocco internazionale,Sbagliata,
3,4,178,L'architettura gotica,Sbagliata,
4,4,178,Un movimento del XX secolo che rifiuta lo storicismo e abbraccia funzionalismo e nuovi materiali,Corretta,1.0
1,5,178,Le Corbusier,Sbagliata,
2,5,178,Walter Gropius,Sbagliata,
3,5,178,Mies van der Rohe,Sbagliata,
4,5,178,Frank Lloyd Wright,Corretta,1.0
1,1,179,Il prodotto finale,Sbagliata,
2,1,179,Il manuale d'uso,Sbagliata,
3,1,179,Un modello fisico o virtuale di un prodotto usato per testare e perfezionare il design prima della produzione,Corretta,1.0
4,1,179,Il brevetto del prodotto,Sbagliata,
1,2,179,Il principio che la forma di un oggetto deve essere determinata dalla sua funzione,Corretta,1.0
2,2,179,Il design puramente decorativo,Sbagliata,
3,2,179,Il design organico,Sbagliata,
4,2,179,Il neo-classicismo,Sbagliata,
1,3,179,Un designer tedesco di Braun noto per i suoi principi del buon design,Corretta,1.0
2,3,179,Il fondatore di Apple,Sbagliata,
3,3,179,Il progettista della Vespa,Sbagliata,
4,3,179,Il direttore artistico Fiat,Sbagliata,
1,1,180,"Non esiste, ma la fotografia in B&N è il processo di registrare solo le sfumature di grigio senza crominanza",Corretta,1.0
2,1,180,Un tipo di fotografia a infrarossi,Sbagliata,
3,1,180,La fotografia a pellicola,Sbagliata,
4,1,180,La fotografia con filtri colorati,Sbagliata,
1,2,180,Una linea guida che divide l'immagine in nove parti uguali e posiziona i soggetti sui punti di intersezione,Corretta,1.0
2,2,180,Il rapporto ideale tra larghezza e altezza,Sbagliata,
3,2,180,Una tecnica di illuminazione,Sbagliata,
4,2,180,Una regola sulla velocità dell'otturatore,Sbagliata,
1,3,180,La sensibilità del sensore alla luce: valori alti permettono foto in condizioni di scarsa luce,Corretta,1.0
2,3,180,Il diaframma dell'obiettivo,Sbagliata,
3,3,180,La risoluzione dell'immagine,Sbagliata,
4,3,180,La velocità dell'otturatore,Sbagliata,
1,1,181,Billy Wilder,Sbagliata,
2,1,181,Orson Welles,Corretta,1.0
3,1,181,Alfred Hitchcock,Sbagliata,
4,1,181,John Ford,Sbagliata,
1,2,181,Un tipo di cinema muto,Sbagliata,
2,2,181,Uno stile cinematografico documentaristico che usa telecamere a mano e situazioni reali,Corretta,1.0
3,2,181,Il cinema commerciale,Sbagliata,
4,2,181,Un genere di horror,Sbagliata,
1,3,181,La scenografia del film,Sbagliata,
2,3,181,La ripresa delle scene,Sbagliata,
3,3,181,La colonna sonora,Sbagliata,
4,3,181,La selezione e l'unione di riprese per creare il film finale,Corretta,1.0
1,1,182,Octavio Paz,Sbagliata,
2,1,182,Juan Rulfo,Corretta,1.0
3,1,182,José Revueltas,Sbagliata,
4,1,182,Carlos Fuentes,Sbagliata,
1,2,182,Un romanziere messicano,Sbagliata,
2,2,182,Un poeta cileno,Sbagliata,
3,2,182,Un drammaturgo colombiano,Sbagliata,
4,2,182,Uno scrittore argentino noto per i suoi racconti labirintici e metafisici,Corretta,1.0
1,3,182,La letteratura coloniale,Sbagliata,
2,3,182,Il modernismo di fine '800,Sbagliata,
3,3,182,Un movimento letterario degli anni '60-'70 che portò la letteratura latinoamericana alla ribalta mondiale,Corretta,1.0
4,3,182,La letteratura indigena,Sbagliata,
1,4,182,Pablo Neruda,Sbagliata,
2,4,182,Jorge Luis Borges,Sbagliata,
3,4,182,Gabriel García Márquez,Corretta,1.0
4,4,182,Julio Cortázar,Sbagliata,
1,1,183,Eugenio Montale,Sbagliata,
2,1,183,Giuseppe Ungaretti,Corretta,1.0
3,1,183,Cesare Pavese,Sbagliata,
4,1,183,Umberto Saba,Sbagliata,
1,2,183,Un movimento culturale americano degli anni '50 che incluse Allen Ginsberg e Jack Kerouac,Corretta,1.0
2,2,183,Il modernismo inglese,Sbagliata,
3,2,183,Il neoromanticismo europeo,Sbagliata,
4,2,183,Il simbolismo francese,Sbagliata,
1,3,183,La poesia tradizionale a rima,Sbagliata,
2,3,183,La poesia epica,Sbagliata,
3,3,183,Una forma poetica che usa visivamente le parole sulla pagina come elemento estetico,Corretta,1.0
4,3,183,La lirica romantica,Sbagliata,
1,1,184,Il realismo storico,Sbagliata,
2,1,184,Il racconto autobiografico,Sbagliata,
3,1,184,Una narrativa che riflette consapevolmente sulla propria natura di finzione,Corretta,1.0
4,1,184,Il naturalismo sociale,Sbagliata,
1,2,184,Gustave Flaubert,Sbagliata,
2,2,184,Marcel Proust,Corretta,1.0
3,2,184,Louis-Ferdinand Céline,Sbagliata,
4,2,184,André Gide,Sbagliata,
1,3,184,Il modernismo tardivo,Sbagliata,
2,3,184,Il neo-romanticismo,Sbagliata,
3,3,184,Il realismo magico,Sbagliata,
4,3,184,"Una corrente che mette in discussione le grandi narrazioni, usa l'ironia e la metafiction",Corretta,1.0
1,1,185,Umberto Eco,Corretta,1.0
2,1,185,Pier Paolo Pasolini,Sbagliata,
3,1,185,Italo Calvino,Sbagliata,
4,1,185,Leonardo Sciascia,Sbagliata,
1,1,186,Il fumetto popolare per bambini,Sbagliata,
2,1,186,Fumetti autoediti degli anni '60-'70 con contenuti adulti e anticonformisti (Robert Crumb),Corretta,1.0
3,1,186,Il manga giapponese,Sbagliata,
4,1,186,Il fumetto di supereroi,Sbagliata,
1,1,187,Magnus,Sbagliata,
2,1,187,Sergio Bonelli,Sbagliata,
3,1,187,Guido Crepax,Sbagliata,
4,1,187,Hugo Pratt,Corretta,1.0
1,1,188,Un obiettivo opzionale che premia il giocatore per aver compiuto azioni specifiche,Corretta,1.0
2,1,188,Il contenuto scaricabile,Sbagliata,
3,1,188,La schermata finale del gioco,Sbagliata,
4,1,188,Il punteggio massimo,Sbagliata,
1,2,188,RTS (strategia in tempo reale),Sbagliata,
2,2,188,Survival/Sandbox (come Minecraft),Corretta,1.0
3,2,188,RPG (gioco di ruolo),Sbagliata,
4,2,188,FPS (sparatutto in prima persona),Sbagliata,
1,3,188,Pac-Man (1980),Sbagliata,
2,3,188,Pong (1972) di Atari,Corretta,1.0
3,3,188,Space Invaders (1978),Sbagliata,
4,3,188,Donkey Kong (1981),Sbagliata,
1,1,189,Giappone,Sbagliata,
2,1,189,Francia,Corretta,1.0
3,1,189,Italia,Sbagliata,
4,1,189,Spagna,Sbagliata,
1,2,189,"Un processo biologico che trasforma gli alimenti tramite microrganismi (kimchi, miso, kombucha)",Corretta,1.0
2,2,189,Un tipo di cottura ad alte temperature,Sbagliata,
3,2,189,Un metodo di essiccazione,Sbagliata,
4,2,189,Una tecnica di conservazione tramite sale,Sbagliata,
1,3,189,Zafferano,Corretta,1.0
2,3,189,Vaniglia,Sbagliata,
3,3,189,Pepe nero,Sbagliata,
4,3,189,Cardamomo,Sbagliata,
1,1,190,Un vino dolce residuo,Sbagliata,
2,1,190,"Un vino con alto contenuto di tannini, sostanze che conferiscono astringenza e struttura",Corretta,1.0
3,1,190,Un vino con bassa acidità,Sbagliata,
4,1,190,Un vino aromatico e profumato,Sbagliata,
1,2,190,Un vino straniero importato,Sbagliata,
2,2,190,Un semplice vino da tavola,Sbagliata,
3,2,190,"La massima certificazione italiana di qualità per i vini, con produzione e caratteristiche regolamentate",Corretta,1.0
4,2,190,Una certificazione biologica,Sbagliata,
1,3,190,Montepulciano,Sbagliata,
2,3,190,Barbera,Sbagliata,
3,3,190,Nebbiolo,Sbagliata,
4,3,190,Sangiovese grosso (Brunello),Corretta,1.0
1,4,190,"L'annata, ovvero l'anno di raccolta dell'uva",Corretta,1.0
2,4,190,Il nome del produttore,Sbagliata,
3,4,190,Il metodo di invecchiamento,Sbagliata,
4,4,190,Il grado alcolico,Sbagliata,
1,1,191,Morellino di Scansano,Sbagliata,
2,1,191,Chianti Classico,Sbagliata,
3,1,191,Brunello di Montalcino DOCG,Corretta,1.0
4,1,191,Vino Nobile di Montepulciano,Sbagliata,
1,2,191,Un bianco siciliano,Sbagliata,
2,2,191,Un rosato sardo,Sbagliata,
3,2,191,"Un vino rosso pugliese ottenuto dall'uva Primitivo, ricco e potente",Corretta,1.0
4,2,191,Un vino campano,Sbagliata,
1,3,191,Nebbiolo,Corretta,1.0
2,3,191,Barbera,Sbagliata,
3,3,191,Sangiovese,Sbagliata,
4,3,191,Dolcetto,Sbagliata,
1,4,191,Un vino spumante veneto prodotto con uve Glera con il metodo Charmat,Corretta,1.0
2,4,191,Un vino bianco siciliano,Sbagliata,
3,4,191,Un grappa veneta,Sbagliata,
4,4,191,Un vino fermo rosso piemontese,Sbagliata,
1,1,192,Non c'è differenza,Sbagliata,
2,1,192,"Il cappuccino ha uguale proporzione di espresso, latte e schiuma; il latte macchiato ha più latte e meno schiuma",Corretta,1.0
3,1,192,Il cappuccino è freddo,Sbagliata,
4,1,192,Il latte macchiato contiene cioccolato,Sbagliata,
1,2,192,Un caffè aromatizzato,Sbagliata,
2,2,192,"Un caffè di alta qualità con punteggio superiore a 80/100 secondo gli standard SCA, tracciabile e coltivato con cura",Corretta,1.0
3,2,192,Un caffè industriale,Sbagliata,
4,2,192,Un caffè decaffeinato,Sbagliata,
1,3,192,100°C,Sbagliata,
2,3,192,60°C,Sbagliata,
3,3,192,88-96°C,Corretta,1.0
4,3,192,70-75°C,Sbagliata,
1,1,193,Un termometro per vini,Sbagliata,
2,1,193,Un tipo di bicchiere da degustazione,Sbagliata,
3,1,193,Uno strumento per misurare il grado alcolico,Sbagliata,
4,1,193,Un recipiente di vetro usato per separare il vino dai sedimenti e ossigenarlo,Corretta,1.0
1,2,193,8-10°C,Sbagliata,
2,2,193,16-18°C,Corretta,1.0
3,2,193,4-6°C,Sbagliata,
4,2,193,20-22°C,Sbagliata,
1,3,193,La struttura tannica,Sbagliata,
2,3,193,Il corpo del vino,Sbagliata,
3,3,193,Il colore del vino,Sbagliata,
4,3,193,"I profumi complessi che si sviluppano con l'invecchiamento, distinti dagli aromi primari dell'uva",Corretta,1.0
1,1,194,Uno sport simile all'hockey su ghiaccio,Sbagliata,
2,1,194,Un tipo di pattinaggio artistico,Sbagliata,
3,1,194,Uno sport olimpico su ghiaccio in cui si lanciano pietre verso un bersaglio circolare,Corretta,1.0
4,1,194,Una danza su ghiaccio,Sbagliata,
1,2,194,La gara tecnica con molte porte,Sbagliata,
2,2,194,Lo slalom speciale,Sbagliata,
3,2,194,"La gara più veloce dello sci alpino, su una pista lunga con minimo di porte",Corretta,1.0
4,2,194,Il super-G,Sbagliata,
1,3,194,Una saltatrice con gli sci,Sbagliata,
2,3,194,Una pattinatrice artistica olimpionica,Sbagliata,
3,3,194,Una fondista norvegese,Sbagliata,
4,3,194,Una sciatrice americana vincitrice di 4 Coppe del Mondo di discesa libera,Corretta,1.0
1,4,194,1924 (Chamonix),Sbagliata,
2,4,194,1936 (Garmisch-Partenkirchen),Corretta,1.0
3,4,194,1948 (St. Moritz),Sbagliata,
4,4,194,1960 (Squaw Valley),Sbagliata,
1,1,195,"Nuoto, sci nautico e motonautica",Sbagliata,
2,1,195,"Nuoto, vela e kayak",Sbagliata,
3,1,195,"Una combinazione di nuoto, ciclismo e corsa in sequenza senza pause tra le discipline",Corretta,1.0
4,1,195,"Ciclismo, nuoto e surf",Sbagliata,
1,2,195,Un campionato europeo di canoa,Sbagliata,
2,2,195,"La più antica competizione sportiva internazionale (1851), una regata a vela tra yacht",Corretta,1.0
3,2,195,Una gara di motonautica,Sbagliata,
4,2,195,Un torneo di windsurf,Sbagliata,
1,1,196,Carl Lewis,Sbagliata,
2,1,196,Usain Bolt (9.58 secondi),Corretta,1.0
3,1,196,Asafa Powell,Sbagliata,
4,1,196,Justin Gatlin,Sbagliata,
1,2,196,Dalla linea di lancio al punto di prima caduta dell'attrezzo,Corretta,1.0
2,2,196,Dalla posizione dell'atleta al punto di atterraggio,Sbagliata,
3,2,196,Dal baricentro dell'atleta,Sbagliata,
4,2,196,Dal centro del cerchio di lancio,Sbagliata,
1,3,196,Una combinazione di 10 discipline di atletica leggera praticata dagli uomini su due giorni,Corretta,1.0
2,3,196,Una competizione di lotta,Sbagliata,
3,3,196,Dieci gare di nuoto,Sbagliata,
4,3,196,Una gara di corsa campestre,Sbagliata,
1,1,197,Real Madrid (più di 14 titoli),Corretta,1.0
2,1,197,Liverpool,Sbagliata,
3,1,197,Bayern Monaco,Sbagliata,
4,1,197,Milan,Sbagliata,
1,2,197,"Pelé, Maradona o Lionel Messi (dibattito aperto)",Corretta,1.0
2,2,197,Johan Cruyff,Sbagliata,
3,2,197,Ronaldo Fenomeno,Sbagliata,
4,2,197,Cristiano Ronaldo,Sbagliata,
1,3,197,2006 (Germania),Corretta,1.0
2,3,197,1934 (Italia),Sbagliata,
3,3,197,1982 (Spagna),Sbagliata,
4,3,197,1938 (Francia),Sbagliata,
1,1,198,20 secondi,Sbagliata,
2,1,198,15 secondi,Sbagliata,
3,1,198,24 secondi (shot clock),Corretta,1.0
4,1,198,30 secondi,Sbagliata,
1,2,198,3 punti,Corretta,1.0
2,2,198,4 punti,Sbagliata,
3,2,198,1 punto,Sbagliata,
4,2,198,2 punti,Sbagliata,
1,3,198,Un tipo di difesa,Sbagliata,
2,3,198,Una tecnica di palleggio,Sbagliata,
3,3,198,Un'infrazione in cui un giocatore muove i piedi senza palleggiare dopo aver preso il controllo del pallone,Corretta,1.0
4,3,198,Un tipo di tiro,Sbagliata,
1,4,198,Il primogiocatore europeo in NBA,Sbagliata,
2,4,198,"Il leggendario cestista americano dei Chicago Bulls, considerato il più forte di tutti i tempi",Corretta,1.0
3,4,198,Un allenatore dei Lakers,Sbagliata,
4,4,198,Il fondatore della NBA,Sbagliata,
1,1,199,Un gioco supplementare per risolvere la parità a 6-6 in un set,Corretta,1.0
2,1,199,Il quinto set a Wimbledon,Sbagliata,
3,1,199,Un punto aggiuntivo,Sbagliata,
4,1,199,Un turno di servizio,Sbagliata,
1,2,199,Margaret Court,Sbagliata,
2,2,199,Martina Navratilova,Sbagliata,
3,2,199,Steffi Graf,Sbagliata,
4,2,199,Serena Williams (23),Corretta,1.0
1,3,199,Andre Agassi,Sbagliata,
2,3,199,Novak Djokovic,Sbagliata,
3,3,199,Rafael Nadal (14 titoli al Roland Garros),Corretta,1.0
4,3,199,Roger Federer,Sbagliata,
1,4,199,Un colpo di rovescio vincente,Sbagliata,
2,4,199,Un servizio non toccato dall'avversario che vale punto diretto,Corretta,1.0
3,4,199,Un servizio sbagliato,Sbagliata,
4,4,199,Un punto vincente al volo,Sbagliata,
1,1,200,Drag Reduction System: un alettone posteriore apribile per ridurre la resistenza aerodinamica e aumentare la velocità in rettilineo,Corretta,1.0
2,1,200,Il sistema di sicurezza del pilota,Sbagliata,
3,1,200,Un sistema di frenata automatica,Sbagliata,
4,1,200,Un dispositivo per misurare la temperatura delle gomme,Sbagliata,
1,2,200,Misano,Sbagliata,
2,2,200,Imola,Sbagliata,
3,2,200,Autodromo Nazionale di Monza,Corretta,1.0
4,2,200,Mugello,Sbagliata,
1,3,200,Silverstone,Sbagliata,
2,3,200,Spa-Francorchamps,Sbagliata,
3,3,200,Monza,Sbagliata,
4,3,200,Il circuito cittadino di Monte-Carlo,Corretta,1.0
1,4,200,"Un pilota brasiliano di F1 tre volte campione del mondo, tragicamente scomparso a Imola nel 1994",Corretta,1.0
2,4,200,Un pilota tedesco degli anni '90,Sbagliata,
3,4,200,Un ingegnere Ferrari,Sbagliata,
4,4,200,Il primo campione del mondo di F1,Sbagliata,
1,1,201,Sempre 24 in 3 file,Sbagliata,
2,1,201,Sempre 20 piloti,Sbagliata,
3,1,201,"Dipende dal circuito, tipicamente 2-3 per fila con circa 22-24 piloti",Corretta,1.0
4,1,201,12 piloti in 6 file,Sbagliata,
1,2,201,Una bandiera di penalizzazione,Sbagliata,
2,2,201,Una penalità in gara in cui il pilota deve percorrere un tracciato aggiuntivo rallentando,Corretta,1.0
3,2,201,Un tempo di penalità ai box,Sbagliata,
4,2,201,Una retrocessione in griglia,Sbagliata,
1,1,202,Una classifica di ciclismo su pista,Sbagliata,
2,1,202,Una tappa del Tour de France,Sbagliata,
3,1,202,Una gara non agonistica su lunga distanza aperta agli amatori,Corretta,1.0
4,1,202,Un record di velocità,Sbagliata,
1,2,202,Il leader della classifica a punti,Sbagliata,
2,2,202,Il leader della classifica generale a tempo,Corretta,1.0
3,2,202,Il vincitore della tappa,Sbagliata,
4,2,202,Il miglior scalatore,Sbagliata,
1,3,202,"Lance Armstrong (7, poi revocati) / Eddy Merckx (5, record legittimo)",Corretta,1.0
2,3,202,Jacques Anquetil,Sbagliata,
3,3,202,Bernard Hinault,Sbagliata,
4,3,202,Miguel Indurain,Sbagliata,
1,4,202,Una breve ma ripida salita che mette alla prova gli scalatori durante una tappa,Corretta,1.0
2,4,202,Una tecnica di pedalata,Sbagliata,
3,4,202,Un sprint finale,Sbagliata,
4,4,202,Un tipo di fuga in gruppo,Sbagliata,
1,1,203,Un sistema di valutazione dei giocatori,Sbagliata,
2,1,203,La Federazione Internazionale degli Scacchi che organizza campionati mondiali e assegna i titoli,Corretta,1.0
3,1,203,Un tipo di apertura degli scacchi,Sbagliata,
4,1,203,Un torneo annuale,Sbagliata,
1,2,203,Un tipo di sacrificio,Sbagliata,
2,2,203,Una situazione di patta,Sbagliata,
3,2,203,"La posizione in cui il re è sotto attacco e non può sfuggire, determinando la fine della partita",Corretta,1.0
4,2,203,Una mossa di apertura,Sbagliata,
1,3,203,Una mossa speciale in cui il re si sposta di due caselle verso una torre e la torre salta dall'altro lato del re,Corretta,1.0
2,3,203,Un'apertura di gioco,Sbagliata,
3,3,203,Un tipo di attacco al re,Sbagliata,
4,3,203,Una mossa del cavallo,Sbagliata,
1,1,204,Un gioco con jolly,Sbagliata,
2,1,204,"Un gioco di carte italiano per 4 giocatori in 2 coppie, senza atout fisso",Corretta,1.0
3,1,204,Una variante del poker,Sbagliata,
4,1,204,Una variante della briscola,Sbagliata,
1,2,204,Tre carte dello stesso valore,Sbagliata,
2,2,204,Quattro carte dello stesso valore,Sbagliata,
3,2,204,Cinque carte dello stesso seme,Sbagliata,
4,2,204,"Cinque carte dello stesso seme in sequenza con asso in cima, la mano più alta possibile",Corretta,1.0
1,3,204,48,Sbagliata,
2,3,204,36,Sbagliata,
3,3,204,54,Sbagliata,
4,3,204,52 (più 2 jolly in alcuni giochi),Corretta,1.0
1,4,204,Un tipo di poker,Sbagliata,
2,4,204,Un gioco di carte per 2 giocatori,Sbagliata,
3,4,204,Un gioco di carte americano,Sbagliata,
4,4,204,"Un gioco di carte con gare, licite e prese per 4 giocatori in 2 coppie",Corretta,1.0
1,1,205,"Il rapporto tra le puntate nel pot e il costo della chiamata, usato per valutare la convenienza di una mossa",Corretta,1.0
2,1,205,Il valore atteso di una scommessa,Sbagliata,
3,1,205,La probabilità di vincere un mano,Sbagliata,
4,1,205,Il vantaggio di posizione,Sbagliata,
1,2,205,Un torneo di poker,Sbagliata,
2,2,205,"La variante di poker più popolare al mondo, in cui ogni giocatore riceve 2 carte coperte e condivide 5 carte comuni",Corretta,1.0
3,2,205,Una variante con 5 carte coperte,Sbagliata,
4,2,205,Il poker a 5 carte,Sbagliata,
1,3,205,Il controllo del pot,Sbagliata,
2,3,205,Scommettere o rilanciare con una mano debole per indurre gli avversari a cedere,Corretta,1.0
3,3,205,Una strategia difensiva,Sbagliata,
4,3,205,La mano più forte,Sbagliata,
1,1,206,"La tecnica di ballare sull'estremità delle dita dei piedi, sostenuta da speciali scarpette rigide",Corretta,1.0
2,1,206,Un movimento del busto,Sbagliata,
3,1,206,Un tipo di salto,Sbagliata,
4,1,206,Una posizione delle braccia,Sbagliata,
1,2,206,Un danzatore russo che disertò l'URSS nel 1961 e divenne uno dei più grandi ballerini del XX secolo,Corretta,1.0
2,2,206,Il direttore del Bolshoi,Sbagliata,
3,2,206,Il fondatore del balletto moderno,Sbagliata,
4,2,206,Il coreografo di 'Lo Schiaccianoci',Sbagliata,
1,3,206,La Bayadère,Sbagliata,
2,3,206,Il Lago dei Cigni,Corretta,1.0
3,3,206,Lo Schiaccianoci,Sbagliata,
4,3,206,La Bella Addormentata,Sbagliata,
1,1,207,Henrik Ibsen,Corretta,1.0
2,1,207,August Strindberg,Sbagliata,
3,1,207,Lars Norén,Sbagliata,
4,1,207,Jon Fosse,Sbagliata,
1,2,207,Il fondale dipinto,Sbagliata,
2,2,207,La parete immaginaria tra il palcoscenico e il pubblico; 'rompere il quarto muro' significa che l'attore si rivolge direttamente agli spettatori,Corretta,1.0
3,2,207,Il sipario del teatro,Sbagliata,
4,2,207,La scenografia del fondo,Sbagliata,
1,1,208,Un artista francese che nel 1974 camminò su un filo teso tra le Torri Gemelle di New York,Corretta,1.0
2,1,208,Un acrobata del Bolshoi,Sbagliata,
3,1,208,Il fondatore del Cirque du Soleil,Sbagliata,
4,1,208,Un giocoliere olimpionico,Sbagliata,
1,2,208,Un tipo di magia da palcoscenico,Sbagliata,
2,2,208,"Un movimento contemporaneo che rinnova le arti circensi integrando danza, teatro e tecnologia",Corretta,1.0
3,2,208,Il circo classico con animali,Sbagliata,
4,2,208,Un festival di street art,Sbagliata,
1,1,209,Pericle,Sbagliata,
2,1,209,Senofonte,Corretta,1.0
3,1,209,Tucidide,Sbagliata,
4,1,209,Erodoto,Sbagliata,
1,2,209,Maratona,Corretta,1.0
2,2,209,Termopili,Sbagliata,
3,2,209,Salamina,Sbagliata,
4,2,209,Platea,Sbagliata,
1,3,209,Tebe,Sbagliata,
2,3,209,Corinto,Sbagliata,
3,3,209,Atene,Sbagliata,
4,3,209,Sparta,Corretta,1.0
1,1,210,Polimeri ciclici,Sbagliata,
2,1,210,Composti identici,Sbagliata,
3,1,210,Composti con stessa formula ma struttura diversa,Corretta,1.0
4,1,210,Elementi radioattivi,Sbagliata,
1,2,210,-CHO,Sbagliata,
2,2,210,-OH,Corretta,1.0
3,2,210,-COOH,Sbagliata,
4,2,210,-NH₂,Sbagliata,
1,3,210,CH₄,Corretta,1.0
2,3,210,C₂H₄,Sbagliata,
3,3,210,CH₂O,Sbagliata,
4,3,210,C₂H₆,Sbagliata,
1,1,211,Seconda legge di Newton,Corretta,1.0
2,1,211,Legge di Hooke,Sbagliata,
3,1,211,Prima legge di Newton,Sbagliata,
4,1,211,Terza legge di Newton,Sbagliata,
1,2,211,La forza applicata,Sbagliata,
2,2,211,L'energia cinetica,Sbagliata,
3,2,211,Il prodotto massa per velocità,Corretta,1.0
4,2,211,Il momento angolare,Sbagliata,
1,3,211,Variabile,Sbagliata,
2,3,211,Negativa,Sbagliata,
3,3,211,Zero,Corretta,1.0
4,3,211,Costante,Sbagliata,
1,1,212,Italo Svevo,Corretta,1.0
2,1,212,Luigi Pirandello,Sbagliata,
3,1,212,Gabriele D'Annunzio,Sbagliata,
4,1,212,Giuseppe Ungaretti,Sbagliata,
1,2,212,Dario Fo,Corretta,1.0
2,2,212,Luigi Pirandello,Sbagliata,
3,2,212,Grazia Deledda,Sbagliata,
4,2,212,Eugenio Montale,Sbagliata,
1,1,213,Il valore attuale di una rendita,Sbagliata,
2,1,213,Il costo del debito,Sbagliata,
3,1,213,L'interesse proporzionale al capitale e al tempo,Corretta,1.0
4,1,213,L'interesse composto sul tempo,Sbagliata,
1,2,213,L'emissione di obbligazioni,Sbagliata,
2,2,213,Il calcolo degli interessi,Sbagliata,
3,2,213,Il rimborso graduale di un debito nel tempo,Corretta,1.0
4,2,213,La rivalutazione del capitale,Sbagliata,
1,3,213,Il rendimento a scadenza,Sbagliata,
2,3,213,Il valore nominale,Sbagliata,
3,3,213,Il rating creditizio,Sbagliata,
4,3,213,La sensibilità del prezzo alle variazioni del tasso,Corretta,1.0
1,1,214,Il DNA e il materiale genetico,Corretta,1.0
2,1,214,I ribosomi,Sbagliata,
3,1,214,I lipidi di membrana,Sbagliata,
4,1,214,L'RNA messaggero,Sbagliata,
1,2,214,Mitocondrio,Corretta,1.0
2,2,214,Apparato di Golgi,Sbagliata,
3,2,214,Nucleo,Sbagliata,
4,2,214,Ribosoma,Sbagliata,
1,3,214,Proteine fibrose,Sbagliata,
2,3,214,Doppio strato fosfolipidico,Corretta,1.0
3,3,214,Polisaccaridi,Sbagliata,
4,3,214,DNA circolare,Sbagliata,
1,1,215,Spagna,Sbagliata,
2,1,215,Russia,Corretta,1.0
3,1,215,Ucraina,Sbagliata,
4,1,215,Francia,Sbagliata,
1,2,215,Cracovia,Sbagliata,
2,2,215,Danzica,Sbagliata,
3,2,215,Varsavia,Corretta,1.0
4,2,215,Breslavia,Sbagliata,
1,1,216,Miliardi,Corretta,1.0
2,1,216,Milioni,Sbagliata,
3,1,216,Poche centinaia,Sbagliata,
4,1,216,Migliaia,Sbagliata,
1,2,216,Un satellite artificiale,Sbagliata,
2,2,216,Una nube interstellare di gas e polveri,Corretta,1.0
3,2,216,Un buco nero in formazione,Sbagliata,
4,2,216,Una galassia lontana,Sbagliata,
1,3,216,Universo oscillante,Sbagliata,
2,3,216,Big Bang,Corretta,1.0
3,3,216,Creazione continua,Sbagliata,
4,3,216,Stato stazionario,Sbagliata,
1,4,216,Giove,Corretta,1.0
2,4,216,Urano,Sbagliata,
3,4,216,Nettuno,Sbagliata,
4,4,216,Saturno,Sbagliata,
1,5,216,Nettuno,Sbagliata,
2,5,216,Saturno,Corretta,1.0
3,5,216,Giove,Sbagliata,
4,5,216,Urano,Sbagliata,
1,1,217,Sì,Corretta,1.0
2,1,217,È una lingua slava,Sbagliata,
3,1,217,No,Sbagliata,
4,1,217,Solo parzialmente,Sbagliata,
1,2,217,Canzone di Roland,Sbagliata,
2,2,217,Placito Capuano,Corretta,1.0
3,2,217,De Vulgari Eloquentia,Sbagliata,
4,2,217,Cantico delle Creature,Sbagliata,
1,3,217,"Spagnolo, Arabo, Turco",Sbagliata,
2,3,217,"Francese, Russo, Polacco",Sbagliata,
3,3,217,"Italiano, Francese, Spagnolo",Corretta,1.0
4,3,217,"Italiano, Tedesco, Inglese",Sbagliata,
1,1,218,Incisione,Sbagliata,
2,1,218,Affresco,Sbagliata,
3,1,218,Litografia,Sbagliata,
4,1,218,Mosaico,Corretta,1.0
1,2,218,Rinascimentale,Sbagliata,
2,2,218,Neoclassico,Sbagliata,
3,2,218,Romanico,Sbagliata,
4,2,218,Gotico,Corretta,1.0
1,3,218,Acquerello su carta,Sbagliata,
2,3,218,Olio su tela,Sbagliata,
3,3,218,Fresco su metallo,Sbagliata,
4,3,218,Tempera su tavola,Corretta,1.0
1,1,219,Luchino Visconti,Sbagliata,
2,1,219,Vittorio De Sica,Corretta,1.0
3,1,219,Federico Fellini,Sbagliata,
4,1,219,Roberto Rossellini,Sbagliata,
1,2,219,Luchino Visconti,Sbagliata,
2,2,219,Federico Fellini,Corretta,1.0
3,2,219,Pier Paolo Pasolini,Sbagliata,
4,2,219,Michelangelo Antonioni,Sbagliata,
1,3,219,Cinema americano degli anni '50,Sbagliata,
2,3,219,Cinema tedesco espressionista,Sbagliata,
3,3,219,Cinema italiano neorealista,Sbagliata,
4,3,219,Cinema francese degli anni '60,Corretta,1.0
1,1,220,Salmone,Sbagliata,
2,1,220,Tonno,Sbagliata,
3,1,220,Baccalà,Sbagliata,
4,1,220,Varie specie di pesce misto,Corretta,1.0
1,2,220,Piemonte,Corretta,1.0
2,2,220,Veneto,Sbagliata,
3,2,220,Trentino,Sbagliata,
4,2,220,Liguria,Sbagliata,
1,1,221,Windows,Sbagliata,
2,1,221,macOS,Corretta,1.0
3,1,221,Android,Sbagliata,
4,1,221,Linux,Sbagliata,
1,2,221,Core Processing Unit,Sbagliata,
2,2,221,Central Power Unit,Sbagliata,
3,2,221,Central Processing Unit,Corretta,1.0
4,2,221,Computer Processing Unit,Sbagliata,
1,3,221,HTML,Corretta,1.0
2,3,221,Python,Sbagliata,
3,3,221,Java,Sbagliata,
4,3,221,C++,Sbagliata,
1,1,222,Solo la Camera può approvare leggi,Sbagliata,
2,1,222,Il Senato ha poteri superiori,Sbagliata,
3,1,222,Il Parlamento è composto da Camera e Senato con uguali poteri,Corretta,1.0
4,1,222,Il Governo nomina entrambe le camere,Sbagliata,
1,2,222,18 anni,Corretta,1.0
2,2,222,25 anni,Sbagliata,
3,2,222,16 anni,Sbagliata,
4,2,222,21 anni,Sbagliata,
1,1,223,Costo variabile,Sbagliata,
2,1,223,Costo opportunità,Sbagliata,
3,1,223,Costo marginale,Sbagliata,
4,1,223,Costo fisso,Corretta,1.0
1,2,223,Il rapporto tra debito e capitale proprio,Corretta,1.0
2,2,223,La capacità di innovazione,Sbagliata,
3,2,223,Il rendimento delle vendite,Sbagliata,
4,2,223,Il costo del lavoro,Sbagliata,
1,3,223,La redditività delle vendite,Sbagliata,
2,3,223,La redditività del capitale proprio,Corretta,1.0
3,3,223,La liquidità aziendale,Sbagliata,
4,3,223,Il grado di indebitamento,Sbagliata,
1,1,224,La Bohème,Sbagliata,
2,1,224,Turandot,Sbagliata,
3,1,224,Madama Butterfly,Corretta,1.0
4,1,224,Tosca,Sbagliata,
1,2,224,Georg Friedrich Handel,Sbagliata,
2,2,224,Antonio Vivaldi,Corretta,1.0
3,2,224,Arcangelo Corelli,Sbagliata,
4,2,224,Johann Sebastian Bach,Sbagliata,
1,3,224,Una tecnica di composizione sinfonica,Sbagliata,
2,3,224,Un genere di musica popolare,Sbagliata,
3,3,224,Uno stile vocale operistico italiano dell'800,Corretta,1.0
4,3,224,Un metodo di improvvisazione jazzistica,Sbagliata,
1,4,224,Frédéric Chopin,Corretta,1.0
2,4,224,Felix Mendelssohn,Sbagliata,
3,4,224,Robert Schumann,Sbagliata,
4,4,224,Franz Liszt,Sbagliata,
1,5,224,Johann Sebastian Bach,Corretta,1.0
2,5,224,Claudio Monteverdi,Sbagliata,
3,5,224,Georg Friedrich Handel,Sbagliata,
4,5,224,Antonio Vivaldi,Sbagliata,
1,1,225,Socrate,Sbagliata,
2,1,225,Platone,Sbagliata,
3,1,225,Aristotele,Sbagliata,
4,1,225,Talete di Mileto,Corretta,1.0
1,2,225,La ricerca della felicità,Sbagliata,
2,2,225,La virtù come abitudine,Sbagliata,
3,2,225,Purificazione emotiva attraverso la tragedia,Corretta,1.0
4,2,225,La conoscenza della forma,Sbagliata,
1,3,225,Eudaimonia,Sbagliata,
2,3,225,Logos,Sbagliata,
3,3,225,Ataraxia,Sbagliata,
4,3,225,Iperuranio,Corretta,1.0
1,4,225,Eraclito,Corretta,1.0
2,4,225,Parmenide,Sbagliata,
3,4,225,Zenone,Sbagliata,
4,4,225,Anassimandro,Sbagliata,
1,1,226,Omero,Sbagliata,
2,1,226,Tibia,Sbagliata,
3,1,226,Radio,Sbagliata,
4,1,226,Femore,Corretta,1.0
1,2,226,Reni,Sbagliata,
2,2,226,Tiroide,Sbagliata,
3,2,226,Fegato,Sbagliata,
4,2,226,Pancreas,Corretta,1.0
1,3,226,33-34,Corretta,1.0
2,3,226,26,Sbagliata,
3,3,226,40,Sbagliata,
4,3,226,28,Sbagliata,
1,4,226,Due,Sbagliata,
2,4,226,Quattro,Corretta,1.0
3,4,226,Sei,Sbagliata,
4,4,226,Tre,Sbagliata,
1,1,227,Il numero di piante in una foresta,Sbagliata,
2,1,227,La diversità geologica del suolo,Sbagliata,
3,1,227,La varietà di forme di vita in un ecosistema,Corretta,1.0
4,1,227,La quantità di CO₂ in atmosfera,Sbagliata,
1,2,227,La biodiversità di un'area,Sbagliata,
2,2,227,L'inquinamento dell'acqua,Sbagliata,
3,2,227,Il numero di specie estinte,Sbagliata,
4,2,227,Le risorse naturali necessarie a sostenere uno stile di vita,Corretta,1.0
1,3,227,Protocollo di Kyoto,Sbagliata,
2,3,227,Convenzione di Vienna,Sbagliata,
3,3,227,Accordo di Parigi,Corretta,1.0
4,3,227,Trattato di Basilea,Sbagliata,
1,1,228,Nuoto di fondo,Sbagliata,
2,1,228,Nuoto artistico (ex sincronizzato),Corretta,1.0
3,1,228,Tuffi,Sbagliata,
4,1,228,Pallanuoto,Sbagliata,
1,2,228,Giochi giovanili olimpici,Sbagliata,
2,2,228,Giochi olimpici per atleti con disabilità,Corretta,1.0
3,2,228,Giochi militari mondiali,Sbagliata,
4,2,228,Giochi universitari,Sbagliata,
1,1,229,La creatività nel problem solving,Sbagliata,
2,1,229,L'intelligenza emotiva,Sbagliata,
3,1,229,La memoria procedurale,Sbagliata,
4,1,229,La capacità di analizzare e valutare le informazioni in modo razionale,Corretta,1.0
1,2,229,Un errore sistematico nel ragionamento o nel giudizio,Corretta,1.0
2,2,229,Un disturbo della personalità,Sbagliata,
3,2,229,Un tipo di memoria implicita,Sbagliata,
4,2,229,Una strategia di apprendimento,Sbagliata,
1,3,229,Un computer,Corretta,1.0
2,3,229,Una rete neurale biologica,Sbagliata,
3,3,229,Un fiume,Sbagliata,
4,3,229,Un edificio,Sbagliata,
1,1,230,Agglomerazioni urbane di dimensioni enormi che connettono più metropoli,Corretta,1.0
2,1,230,Reti di città virtuali,Sbagliata,
3,1,230,Grandi isole abitate,Sbagliata,
4,1,230,Città sottomarine,Sbagliata,
1,2,230,La disuguaglianza nella distribuzione del reddito,Corretta,1.0
2,2,230,La densità di popolazione,Sbagliata,
3,2,230,Il tasso di criminalità,Sbagliata,
4,2,230,Il numero di edifici storici,Sbagliata,
1,1,231,Michelangelo Buonarroti,Corretta,1.0
2,1,231,Sandro Botticelli,Sbagliata,
3,1,231,Leonardo da Vinci,Sbagliata,
4,1,231,Raffaello Sanzio,Sbagliata,
1,2,231,Visconti,Sbagliata,
2,2,231,Medici,Corretta,1.0
3,2,231,Sforza,Sbagliata,
4,2,231,Este,Sbagliata,
1,1,232,William Wordsworth,Sbagliata,
2,1,232,Samuel Taylor Coleridge,Corretta,1.0
3,1,232,Percy Bysshe Shelley,Sbagliata,
4,1,232,John Keats,Sbagliata,
1,2,232,Mary Shelley,Sbagliata,
2,2,232,Jane Austen,Corretta,1.0
3,2,232,Virginia Woolf,Sbagliata,
4,2,232,Charlotte Brontë,Sbagliata,
1,1,233,Coda (queue),Sbagliata,
2,1,233,Stack (pila),Corretta,1.0
3,1,233,Tabella hash,Sbagliata,
4,1,233,Albero binario,Sbagliata,
1,2,233,Un tipo di matrice,Sbagliata,
2,2,233,Una funzione matematica,Sbagliata,
3,2,233,Un algoritmo di ordinamento,Sbagliata,
4,2,233,Un insieme di nodi collegati da archi,Corretta,1.0
1,3,233,Il calcolo integrale e differenziale,Sbagliata,
2,3,233,Le equazioni differenziali,Sbagliata,
3,3,233,Strutture matematiche fondamentalmente discrete (non continue),Corretta,1.0
4,3,233,La geometria euclidea,Sbagliata,
1,1,234,Un dispositivo che instrada i pacchetti tra reti diverse,Corretta,1.0
2,1,234,Un server web,Sbagliata,
3,1,234,Un firewall hardware,Sbagliata,
4,1,234,Un dispositivo per amplificare il segnale Wi-Fi,Sbagliata,
1,2,234,Il firewall di rete,Sbagliata,
2,2,234,Il protocollo per trasferire file,Sbagliata,
3,2,234,Il servizio di posta elettronica,Sbagliata,
4,2,234,Il sistema che traduce i nomi di dominio in indirizzi IP,Corretta,1.0
1,3,234,Un tipo di cavo di rete,Sbagliata,
2,3,234,Un identificatore univoco assegnato a ogni scheda di rete,Corretta,1.0
3,3,234,Un protocollo di sicurezza,Sbagliata,
4,3,234,Un tipo di indirizzo IP,Sbagliata,
1,4,234,Livello applicazione,Sbagliata,
2,4,234,Livello di trasporto,Corretta,1.0
3,4,234,Livello di rete,Sbagliata,
4,4,234,Livello fisico,Sbagliata,
1,1,235,Una lista doppiamente concatenata,Sbagliata,
2,1,235,Un tipo di albero bilanciato,Sbagliata,
3,1,235,Una matrice di adiacenza,Sbagliata,
4,1,235,Una struttura dati che mappa chiavi a valori tramite una funzione hash,Corretta,1.0
1,1,236,Social Engine Operations,Sbagliata,
2,1,236,System Engagement Outreach,Sbagliata,
3,1,236,Search Engine Optimization,Corretta,1.0
4,1,236,Sales Execution Online,Sbagliata,
1,2,236,Un indicatore chiave di prestazione,Corretta,1.0
2,2,236,Un software di CRM,Sbagliata,
3,2,236,Un tipo di contenuto digitale,Sbagliata,
4,2,236,Una piattaforma di advertising,Sbagliata,
1,3,236,La creazione di siti web,Sbagliata,
2,3,236,Il posizionamento sui motori di ricerca,Sbagliata,
3,3,236,L'uso dei social network per promuovere prodotti e servizi,Corretta,1.0
4,3,236,La gestione delle email aziendali,Sbagliata,
1,1,237,La pianificazione strategica a lungo termine,Sbagliata,
2,1,237,Il controllo qualità dei prodotti,Sbagliata,
3,1,237,La gestione finanziaria aziendale,Sbagliata,
4,1,237,Un sistema in cui si fissano obiettivi condivisi tra manager e dipendenti,Corretta,1.0
1,2,237,Il rendiconto finanziario annuale,Sbagliata,
2,2,237,Un documento che descrive gli obiettivi e le strategie di un'azienda,Corretta,1.0
3,2,237,Il contratto con i fornitori,Sbagliata,
4,2,237,Il piano di marketing,Sbagliata,
1,3,237,Espandere la produzione interna,Sbagliata,
2,3,237,Affidare a terzi attività non core dell'azienda,Corretta,1.0
3,3,237,Investire in mercati stranieri,Sbagliata,
4,3,237,Formare i dipendenti all'estero,Sbagliata,
1,1,238,Paul Klee,Sbagliata,
2,1,238,Henri Matisse,Sbagliata,
3,1,238,Salvador Dalí,Sbagliata,
4,1,238,Pablo Picasso,Corretta,1.0
1,1,239,L'entanglement quantistico,Sbagliata,
2,1,239,Uno stato in cui una particella esiste in più stati contemporaneamente fino alla misurazione,Corretta,1.0
3,1,239,L'interferenza tra due onde,Sbagliata,
4,1,239,Il principio di esclusione di Pauli,Sbagliata,
1,2,239,La velocità di tunneling,Sbagliata,
2,2,239,Una correlazione tra due particelle tale che lo stato di una dipende istantaneamente dall'altra,Corretta,1.0
3,2,239,Il principio di esclusione,Sbagliata,
4,2,239,L'energia di un fotone,Sbagliata,
1,3,239,Niels Bohr,Sbagliata,
2,3,239,Werner Heisenberg,Corretta,1.0
3,3,239,Erwin Schrödinger,Sbagliata,
4,3,239,Max Planck,Sbagliata,
1,4,239,La luce non ha massa,Sbagliata,
2,4,239,Le particelle subatomiche hanno sia proprietà ondulatorie che corpuscolari,Corretta,1.0
3,4,239,L'energia è sempre quantizzata,Sbagliata,
4,4,239,I fotoni si muovono sempre a velocità costante,Sbagliata,
1,5,239,Un esperimento mentale che illustra la sovrapposizione quantistica,Corretta,1.0
2,5,239,Un vero esperimento di laboratorio,Sbagliata,
3,5,239,Un tipo di equazione differenziale,Sbagliata,
4,5,239,Un modello atomico,Sbagliata,
1,1,240,Il numero di elettroni nel guscio esterno,Sbagliata,
2,1,240,La tendenza di un atomo ad attrarre elettroni nel legame chimico,Corretta,1.0
3,1,240,La massa atomica relativa,Sbagliata,
4,1,240,La carica elettrica dell'atomo,Sbagliata,
1,2,240,Sodio,Sbagliata,
2,2,240,Mercurio,Corretta,1.0
3,2,240,Gallio,Sbagliata,
4,2,240,Cesio,Sbagliata,
1,3,240,100,Sbagliata,
2,3,240,110,Sbagliata,
3,3,240,118,Corretta,1.0
4,3,240,92,Sbagliata,
1,1,241,Il merluzzo,Sbagliata,
2,1,241,Il tonno,Sbagliata,
3,1,241,La trota,Sbagliata,
4,1,241,Il pesce pagliaccio,Corretta,1.0
1,2,241,"Molluschi come polpi, seppie e calamari",Corretta,1.0
2,2,241,Pesci cartilaginei,Sbagliata,
3,2,241,Crostacei marini,Sbagliata,
4,2,241,Echinodermi,Sbagliata,
1,3,241,Balenottera azzurra,Corretta,1.0
2,3,241,Orca,Sbagliata,
3,3,241,Balena franca,Sbagliata,
4,3,241,Capodoglio,Sbagliata,
1,1,242,Etna,Corretta,1.0
2,1,242,Stromboli,Sbagliata,
3,1,242,Campi Flegrei,Sbagliata,
4,1,242,Vesuvio,Sbagliata,
1,2,242,Il centro del terremoto nella crosta,Sbagliata,
2,2,242,Il punto sulla superficie terrestre direttamente sopra l'ipocentro,Corretta,1.0
3,2,242,La zona più colpita dal terremoto,Sbagliata,
4,2,242,Il punto più profondo del sisma,Sbagliata,
1,3,242,La classificazione delle rocce,Sbagliata,
2,3,242,Il ciclo dell'acqua,Sbagliata,
3,3,242,La teoria che spiega il movimento delle grandi lastre della crosta terrestre,Corretta,1.0
4,3,242,Lo studio dei vulcani,Sbagliata,
1,4,242,I detriti solidi del vulcano,Sbagliata,
2,4,242,Il magma fuoriuscito dal vulcano,Corretta,1.0
3,4,242,Il magma all'interno della Terra,Sbagliata,
4,4,242,Il gas vulcanico,Sbagliata,
1,1,243,Maestrale,Sbagliata,
2,1,243,Bora,Sbagliata,
3,1,243,Tramontana,Sbagliata,
4,1,243,Scirocco,Corretta,1.0
1,2,243,Una zona di bassa pressione con venti che ruotano in senso antiorario nell'emisfero nord,Corretta,1.0
2,2,243,Un vento di origine siberiana,Sbagliata,
3,2,243,Una zona di alta pressione,Sbagliata,
4,2,243,Un tipo di nube temporalesca,Sbagliata,
1,3,243,La formazione delle nubi temporalesche,Sbagliata,
2,3,243,L'evaporazione degli oceani,Sbagliata,
3,3,243,Il riscaldamento dell'atmosfera per irraggiamento,Sbagliata,
4,3,243,La deflessione dei venti causata dalla rotazione terrestre,Corretta,1.0
1,1,244,Una parola straniera tradotta letteralmente in italiano,Corretta,1.0
2,1,244,Un errore grammaticale,Sbagliata,
3,1,244,Un'invenzione di un poeta,Sbagliata,
4,1,244,Un termine del dialetto locale,Sbagliata,
1,2,244,Lo studio dei suoni,Sbagliata,
2,2,244,Lo studio delle regole che governano la combinazione delle parole in frasi,Corretta,1.0
3,2,244,L'insieme del lessico,Sbagliata,
4,2,244,Lo studio del significato delle parole,Sbagliata,
1,3,244,Un'unità fonetica senza significato,Sbagliata,
2,3,244,Una categoria grammaticale,Sbagliata,
3,3,244,Un tipo di sintagma,Sbagliata,
4,3,244,La più piccola unità linguistica dotata di significato,Corretta,1.0
1,1,245,La compressione dei dati,Sbagliata,
2,1,245,Un sistema a doppia chiave,Sbagliata,
3,1,245,Un sistema in cui si usa la stessa chiave per cifrare e decifrare,Corretta,1.0
4,1,245,La codifica dei messaggi senza chiave,Sbagliata,
1,2,245,16,Sbagliata,
2,2,245,10,Sbagliata,
3,2,245,8,Sbagliata,
4,2,245,2,Corretta,1.0
1,3,245,Una funzione che mappa dati di qualsiasi dimensione in un valore di dimensione fissa,Corretta,1.0
2,3,245,Una chiave crittografica,Sbagliata,
3,3,245,Un protocollo di scambio chiavi,Sbagliata,
4,3,245,Un tipo di firma digitale,Sbagliata,
1,1,246,Il re di Itaca noto per la sua astuzia,Corretta,1.0
2,1,246,Il più forte guerriero greco,Sbagliata,
3,1,246,Il guardiano del labirinto,Sbagliata,
4,1,246,Il figlio di Achille,Sbagliata,
1,2,246,Ares,Sbagliata,
2,2,246,Zeus (Giove),Corretta,1.0
3,2,246,Ermes,Sbagliata,
4,2,246,Poseidone,Sbagliata,
1,3,246,Una profezia su Achille,Sbagliata,
2,3,246,L'unico punto vulnerabile del corpo di Achille,Corretta,1.0
3,3,246,L'arma di Achille,Sbagliata,
4,3,246,Il simbolo della sua forza,Sbagliata,
1,1,247,Una carestia del XII secolo,Sbagliata,
2,1,247,Una guerra tra le città medievali,Sbagliata,
3,1,247,Un'invasione dei Vichinghi,Sbagliata,
4,1,247,Un'epidemia di peste bubbonica che uccise un terzo della popolazione europea nel XIV secolo,Corretta,1.0
1,2,247,1492 (scoperta dell'America),Corretta,1.0
2,2,247,1453 (caduta di Costantinopoli),Sbagliata,
3,2,247,1789 (Rivoluzione Francese),Sbagliata,
4,2,247,1618 (Guerra dei Trent'anni),Sbagliata,
1,3,247,313 d.C.,Sbagliata,
2,3,247,800 d.C.,Sbagliata,
3,3,247,476 d.C. (caduta dell'Impero Romano d'Occidente),Corretta,1.0
4,3,247,1000 d.C.,Sbagliata,
1,1,248,Siddhartha Gautama,Corretta,1.0
2,1,248,Mahavira,Sbagliata,
3,1,248,Confucio,Sbagliata,
4,1,248,Lao Tzu,Sbagliata,
1,2,248,Solo Hiragana,Sbagliata,
2,2,248,Solo Kanji,Sbagliata,
3,2,248,Solo Romaji,Sbagliata,
4,2,248,"Kanji, Hiragana e Katakana",Corretta,1.0
1,3,248,Hong Kong,Sbagliata,
2,3,248,Shanghai,Sbagliata,
3,3,248,Pechino,Corretta,1.0
4,3,248,Nanchino,Sbagliata,
1,4,248,Corea del Sud,Sbagliata,
2,4,248,Vietnam,Sbagliata,
3,4,248,Giappone,Corretta,1.0
4,4,248,Cina,Sbagliata,
1,1,249,Lev Tolstoj,Sbagliata,
2,1,249,Nikolaj Gogol,Sbagliata,
3,1,249,Fëdor Dostoevskij,Corretta,1.0
4,1,249,Ivan Turgenev,Sbagliata,
1,2,249,Premio Nobel 1958,Corretta,1.0
2,2,249,Premio Nobel 1970,Sbagliata,
3,2,249,Premio Nobel 1965,Sbagliata,
4,2,249,Premio Nobel 1987,Sbagliata,
1,3,249,L'idealizzazione della vita rurale,Sbagliata,
2,3,249,La rappresentazione critica della società attraverso personaggi realistici,Corretta,1.0
3,3,249,La glorificazione dello zarismo,Sbagliata,
4,3,249,Il misticismo religioso,Sbagliata,
1,4,249,Resurrezione,Sbagliata,
2,4,249,Guerra e Pace,Corretta,1.0
3,4,249,La morte di Ivan Il'ič,Sbagliata,
4,4,249,Anna Karenina,Sbagliata,
1,1,250,Le nazioni debitrici del FMI,Sbagliata,
2,1,250,I paesi produttori di petrolio,Sbagliata,
3,1,250,"Un gruppo di economie emergenti: Brasile, Russia, India, Cina, Sudafrica",Corretta,1.0
4,1,250,I paesi con la maggiore inflazione,Sbagliata,
1,2,250,Il tasso di inflazione annuo,Sbagliata,
2,2,250,Il prezzo di una valuta espresso in un'altra valuta,Corretta,1.0
3,2,250,Il prezzo delle materie prime,Sbagliata,
4,2,250,Il tasso di interesse della Banca Centrale,Sbagliata,
1,1,251,Depongono uova,Sbagliata,
2,1,251,Sono ectotermici,Sbagliata,
3,1,251,Hanno la pelle liscia e umida,Sbagliata,
4,1,251,"Sono omeotermi, hanno peli e allattano i piccoli",Corretta,1.0
1,2,251,Carnivora,Sbagliata,
2,2,251,Chiroptera,Corretta,1.0
3,2,251,Primates,Sbagliata,
4,2,251,Rodentia,Sbagliata,
1,1,252,Spora o gamete,Corretta,1.0
2,1,252,Cellula meristematica,Sbagliata,
3,1,252,Cellula clorofiliana,Sbagliata,
4,1,252,Cellula del floema,Sbagliata,
1,2,252,Assorbire la luce solare per la fotosintesi,Corretta,1.0
2,2,252,Immagazzinare nutrienti,Sbagliata,
3,2,252,Trasportare l'acqua dalle radici,Sbagliata,
4,2,252,Proteggere la pianta dagli insetti,Sbagliata,
1,1,253,L'effetto principale del farmaco,Sbagliata,
2,1,253,Un effetto indesiderato che si manifesta a dosi terapeutiche,Corretta,1.0
3,1,253,Una controindicazione assoluta,Sbagliata,
4,1,253,Una reazione allergica grave,Sbagliata,
1,2,253,Il volume di distribuzione,Sbagliata,
2,2,253,La concentrazione plasmatica massima,Sbagliata,
3,2,253,La frazione di farmaco somministrato che raggiunge il circolo sistemico in forma attiva,Corretta,1.0
4,2,253,La velocità di assorbimento,Sbagliata,
1,3,253,Lo studio delle interazioni farmacologiche,Sbagliata,
2,3,253,Lo studio degli effetti del farmaco sull'organismo,Sbagliata,
3,3,253,"Lo studio di come il corpo assorbe, distribuisce, metabolizza ed elimina un farmaco",Corretta,1.0
4,3,253,Lo studio della struttura chimica dei farmaci,Sbagliata,
1,1,254,Un patto di non aggressione,Sbagliata,
2,1,254,Un accordo commerciale internazionale,Sbagliata,
3,1,254,Un insieme di trattati internazionali che proteggono le vittime dei conflitti armati,Corretta,1.0
4,1,254,Un trattato sulla proliferazione nucleare,Sbagliata,
1,2,254,Il diritto di veto nel Consiglio di Sicurezza ONU,Sbagliata,
2,2,254,L'autorità suprema di uno stato sul proprio territorio e popolazione,Corretta,1.0
3,2,254,Il riconoscimento internazionale di uno stato,Sbagliata,
4,2,254,L'immunità diplomatica,Sbagliata,
1,3,254,Decisioni della Corte Internazionale di Giustizia,Sbagliata,
2,3,254,Risoluzioni dell'Assemblea Generale ONU,Sbagliata,
3,3,254,Norme internazionali derivanti da pratiche statali generalmente accettate come obbligatorie,Corretta,1.0
4,3,254,Trattati scritti tra stati,Sbagliata,
1,4,254,Un organo consultivo dell'ONU,Sbagliata,
2,4,254,Un tribunale arbitrale commerciale,Sbagliata,
3,4,254,La Corte Internazionale di Giustizia tra stati,Sbagliata,
4,4,254,"Un tribunale permanente che giudica individui per crimini di guerra, genocidio e crimini contro l'umanità",Corretta,1.0
1,1,255,La stampa a caratteri mobili,Corretta,1.0
2,1,255,Il cannocchiale,Sbagliata,
3,1,255,La carta,Sbagliata,
4,1,255,La bussola magnetica,Sbagliata,
1,2,255,"1984, da Steve Jobs",Sbagliata,
2,2,255,"1989-1991, da Tim Berners-Lee al CERN",Corretta,1.0
3,2,255,"1969, con ARPANET",Sbagliata,
4,2,255,"1975, da Bill Gates",Sbagliata,
1,3,255,Il motore a scoppio,Sbagliata,
2,3,255,La macchina a vapore,Corretta,1.0
3,3,255,L'elettricità,Sbagliata,
4,3,255,Il calcolatore meccanico,Sbagliata,
1,4,255,Alan Turing,Corretta,1.0
2,4,255,John von Neumann,Sbagliata,
3,4,255,Charles Babbage,Sbagliata,
4,4,255,Ada Lovelace,Sbagliata,
1,5,255,Thomas Edison,Sbagliata,
2,5,255,Alexander Graham Bell,Corretta,1.0
3,5,255,Guglielmo Marconi,Sbagliata,
4,5,255,Nikola Tesla,Sbagliata,
1,1,256,Un robot sottomarino,Sbagliata,
2,1,256,Un robot progettato per lavorare accanto agli esseri umani in modo sicuro,Corretta,1.0
3,1,256,Un robot militare,Sbagliata,
4,1,256,Un robot per esplorazione spaziale,Sbagliata,
1,2,256,Karel Čapek,Corretta,1.0
2,2,256,Joseph Engelberger,Sbagliata,
3,2,256,Norbert Wiener,Sbagliata,
4,2,256,Isaac Asimov,Sbagliata,
1,1,257,Un test per valutare se una macchina può dimostrare intelligenza indistinguibile da quella umana,Corretta,1.0
2,1,257,Un test di sicurezza informatica,Sbagliata,
3,1,257,Un metodo di validazione degli algoritmi,Sbagliata,
4,1,257,Un test di velocità del processore,Sbagliata,
1,2,257,Un tipo di apprendimento in cui un agente impara tramite ricompense e punizioni,Corretta,1.0
2,2,257,Un algoritmo di clustering,Sbagliata,
3,2,257,Un metodo di classificazione supervisionata,Sbagliata,
4,2,257,Una tecnica di riduzione della dimensionalità,Sbagliata,
1,3,257,Un sistema di regole fisse,Sbagliata,
2,3,257,Un tipo di algoritmo deterministico,Sbagliata,
3,3,257,Un ramo dell'AI in cui i sistemi imparano dai dati senza essere esplicitamente programmati,Corretta,1.0
4,3,257,Un linguaggio di programmazione,Sbagliata,
1,1,258,Una tecnica per valutare la generalizzazione di un modello dividendo i dati in più fold,Corretta,1.0
2,1,258,Un algoritmo di ordinamento,Sbagliata,
3,1,258,Una tecnica di feature engineering,Sbagliata,
4,1,258,Un metodo di pulizia dei dati,Sbagliata,
1,2,258,Un grafo di dipendenze,Sbagliata,
2,2,258,Un metodo di ensemble,Sbagliata,
3,2,258,Un tipo di rete neurale ricorrente,Sbagliata,
4,2,258,Un modello che fa previsioni attraverso una serie di regole if-then strutturate ad albero,Corretta,1.0
1,3,258,La riduzione della dimensionalità,Sbagliata,
2,3,258,Il problema di assegnare etichette categoriche a nuovi esempi,Corretta,1.0
3,3,258,L'analisi dei cluster nei dati,Sbagliata,
4,3,258,Il problema di prevedere un valore numerico continuo,Sbagliata,
1,1,259,Il valore centrale in un insieme ordinato,Sbagliata,
2,1,259,La somma dei valori divisa per il numero di osservazioni,Corretta,1.0
3,1,259,Il valore più frequente,Sbagliata,
4,1,259,La differenza tra massimo e minimo,Sbagliata,
1,2,259,La differenza tra i quartili,Sbagliata,
2,2,259,Il valore più probabile,Sbagliata,
3,2,259,La dispersione dei dati attorno alla media,Corretta,1.0
4,2,259,Il numero di osservazioni estreme,Sbagliata,
1,1,260,n·x^(n-1),Sbagliata,
2,1,260,x^(n-1)/(n-1) + C,Sbagliata,
3,1,260,x^n · ln(x) + C,Sbagliata,
4,1,260,x^(n+1)/(n+1) + C,Corretta,1.0
1,2,260,Metodo di Eulero,Sbagliata,
2,2,260,Metodo di Simpson,Sbagliata,
3,2,260,Metodo dei trapezi,Corretta,1.0
4,2,260,Metodo di Gauss,Sbagliata,
1,3,260,Il collegamento tra derivazione e integrazione: la derivata dell'integrale di f è f stessa,Corretta,1.0
2,3,260,La regola della catena per le derivate,Sbagliata,
3,3,260,Il teorema di Rolle,Sbagliata,
4,3,260,L'integrale di una costante è zero,Sbagliata,
1,4,260,Il valore massimo della funzione,Sbagliata,
2,4,260,La derivata della funzione,Sbagliata,
3,4,260,La pendenza della tangente,Sbagliata,
4,4,260,L'area sottesa dalla curva tra due estremi,Corretta,1.0
1,1,261,Una funzione lineare,Sbagliata,
2,1,261,Una funzione derivabile,Sbagliata,
3,1,261,Una funzione biiettiva e bicontinua tra due spazi topologici,Corretta,1.0
4,1,261,Una trasformazione che conserva le distanze,Sbagliata,
1,2,261,Uno spazio dotato di una funzione distanza che soddisfa alcune proprietà,Corretta,1.0
2,2,261,Uno spazio vettoriale normato,Sbagliata,
3,2,261,Uno spazio a tre dimensioni,Sbagliata,
4,2,261,Un gruppo topologico,Sbagliata,
1,1,262,Una strategia che combina attacco e difesa,Sbagliata,
2,1,262,Una strategia in cui il giocatore sceglie casualmente tra più opzioni con probabilità assegnate,Corretta,1.0
3,1,262,Una strategia dominante,Sbagliata,
4,1,262,Una strategia di cooperazione,Sbagliata,
1,2,262,Un gioco in cui tutti vincono,Sbagliata,
2,2,262,Un gioco senza strategie dominanti,Sbagliata,
3,2,262,Un gioco cooperativo,Sbagliata,
4,2,262,Un gioco in cui il guadagno di un giocatore corrisponde esattamente alla perdita dell'altro,Corretta,1.0
1,1,263,John Locke,Sbagliata,
2,1,263,Georg Wilhelm Friedrich Hegel,Sbagliata,
3,1,263,René Descartes,Sbagliata,
4,1,263,Immanuel Kant,Corretta,1.0
1,2,263,Bertrand Russell,Sbagliata,
2,2,263,Richard Rorty,Sbagliata,
3,2,263,William James (con Charles Sanders Peirce),Corretta,1.0
4,2,263,John Dewey,Sbagliata,
1,3,263,Friedrich Nietzsche,Corretta,1.0
2,3,263,Martin Heidegger,Sbagliata,
3,3,263,Arthur Schopenhauer,Sbagliata,
4,3,263,Jean-Paul Sartre,Sbagliata,
1,4,263,La credenza in un unico dio,Sbagliata,
2,4,263,La ricerca del piacere come fine,Sbagliata,
3,4,263,L'affermazione della libertà assoluta,Sbagliata,
4,4,263,"La negazione di valori morali, verità e significato assoluti",Corretta,1.0
1,5,263,"Un movimento filosofico che pone la mente o lo spirito come fondamento della realtà (Kant, Fichte, Hegel)",Corretta,1.0
2,5,263,Una corrente empirista,Sbagliata,
3,5,263,Una filosofia politica conservatrice,Sbagliata,
4,5,263,Una corrente che enfatizza la materia,Sbagliata,
1,1,264,Le scoperte rivoluzionarie,Sbagliata,
2,1,264,Le teorie falsificate,Sbagliata,
3,1,264,Quadri concettuali condivisi da una comunità scientifica che guidano la ricerca,Corretta,1.0
4,1,264,I metodi sperimentali,Sbagliata,
1,2,264,Lo strumentalismo scientifico,Sbagliata,
2,2,264,Il relativismo cognitivo,Sbagliata,
3,2,264,La posizione che il mondo esterno esiste indipendentemente dal pensiero,Corretta,1.0
4,2,264,L'idealismo filosofico,Sbagliata,
1,3,264,Il paradosso del sorite,Sbagliata,
2,3,264,Il problema della causalità,Sbagliata,
3,3,264,L'argomento ontologico,Sbagliata,
4,3,264,L'impossibilità di giustificare razionalmente il ragionamento induttivo dal particolare al generale,Corretta,1.0
1,1,265,Il principio del piacere,Sbagliata,
2,1,265,La regola d'oro della reciprocità,Sbagliata,
3,1,265,Il principio di utilità,Sbagliata,
4,1,265,Agisci solo secondo quella massima che puoi volere sia una legge universale,Corretta,1.0
1,2,265,La distribuzione uguale di tutte le risorse,Sbagliata,
2,2,265,Il diritto naturale della proprietà privata,Sbagliata,
3,2,265,Le disuguaglianze sono accettabili solo se avvantaggiano i membri meno favoriti della società,Corretta,1.0
4,2,265,Il principio utilitarista,Sbagliata,
1,1,266,Il Corano,Sbagliata,
2,1,266,La Torah (i cinque libri di Mosè),Corretta,1.0
3,1,266,I Veda,Sbagliata,
4,1,266,Il Vangelo,Sbagliata,
1,1,267,I Fenici,Sbagliata,
2,1,267,I Troiani (civiltà anatolica dell'età del bronzo),Corretta,1.0
3,1,267,I Greci micenei,Sbagliata,
4,1,267,Gli Ittiti,Sbagliata,
1,2,267,Ercolano,Sbagliata,
2,2,267,Pompei,Corretta,1.0
3,2,267,Oplontis,Sbagliata,
4,2,267,Stabiae,Sbagliata,
1,3,267,Un elemento architettonico,Sbagliata,
2,3,267,Un recipiente in terracotta a due anse usato per conservare e trasportare liquidi,Corretta,1.0
3,3,267,Uno strumento musicale,Sbagliata,
4,3,267,Un tipo di arma,Sbagliata,
1,4,267,"Museo Nazionale di Napoli, originale",Sbagliata,
2,4,267,Museo dell'Acropoli di Atene,Sbagliata,
3,4,267,"Musei Vaticani, originale intatto",Sbagliata,
4,4,267,Esistono copie romane in vari musei del mondo; l'originale (Mirone) è perduto,Corretta,1.0
1,5,267,Uno stile caratterizzato da capitelli decorati con foglie di acanto,Corretta,1.0
2,5,267,Uno stile con capitelli semplici e squadrati,Sbagliata,
3,5,267,Uno stile romano tardivo,Sbagliata,
4,5,267,Uno stile con scanalature verticali senza ornamenti,Sbagliata,
1,1,268,Una moneta rara da collezione,Sbagliata,
2,1,268,Una moneta commemorativa,Sbagliata,
3,1,268,Una moneta straniera,Sbagliata,
4,1,268,Una moneta offerta in voto in luoghi sacri,Corretta,1.0
1,2,268,"La faccia principale della moneta, di solito con il ritratto",Corretta,1.0
2,2,268,Il rovescio della moneta,Sbagliata,
3,2,268,Il bordo della moneta,Sbagliata,
4,2,268,Il valore nominale,Sbagliata,
1,3,268,Il luogo dove vengono prodotte le monete,Corretta,1.0
2,3,268,Il museo delle monete,Sbagliata,
3,3,268,Il registro dei valori monetari,Sbagliata,
4,3,268,La banca centrale,Sbagliata,
1,1,269,La Vita Nova di Dante,Corretta,1.0
2,1,269,Il Cantico delle Creature di Francesco d'Assisi,Sbagliata,
3,1,269,I Sonetti di Guinizzelli,Sbagliata,
4,1,269,Le Rime di Guittone d'Arezzo,Sbagliata,
1,2,269,Monaci copisti,Sbagliata,
2,2,269,Narratori di epica,Sbagliata,
3,2,269,Poeti-musicisti del sud della Francia che componevano in lingua d'oc,Corretta,1.0
4,2,269,Filosofi scolastici,Sbagliata,
1,3,269,La Chanson de Roland,Sbagliata,
2,3,269,Il Perceval,Sbagliata,
3,3,269,La Sequenza di Santa Eulalia (IX secolo),Corretta,1.0
4,3,269,Il Roman de la Rose,Sbagliata,
1,1,270,753 a.C.,Corretta,1.0
2,1,270,44 a.C.,Sbagliata,
3,1,270,264 a.C.,Sbagliata,
4,1,270,509 a.C.,Sbagliata,
1,2,270,Un console repubblicano,Sbagliata,
2,2,270,Il primo imperatore di Roma,Sbagliata,
3,2,270,Un generale e politico romano che fu dictator perpetuo e fu assassinato alle Idi di Marzo del 44 a.C.,Corretta,1.0
4,2,270,Il fondatore del Senato romano,Sbagliata,
1,3,270,Traiano,Sbagliata,
2,3,270,Adriano,Corretta,1.0
3,3,270,Settimio Severo,Sbagliata,
4,3,270,Marco Aurelio,Sbagliata,
1,4,270,395 d.C.,Sbagliata,
2,4,270,455 d.C.,Sbagliata,
3,4,270,410 d.C.,Sbagliata,
4,4,270,476 d.C.,Corretta,1.0
1,1,271,1912,Sbagliata,
2,1,271,1918,Sbagliata,
3,1,271,1914,Corretta,1.0
4,1,271,1916,Sbagliata,
1,2,271,Una forma di combattimento in cui i soldati combattono da trincee scavate nel terreno,Corretta,1.0
2,2,271,Un tipo di assedio medievale,Sbagliata,
3,2,271,Una strategia di attacco rapido,Sbagliata,
4,2,271,Una battaglia navale,Sbagliata,
1,3,271,Il Giappone,Sbagliata,
2,3,271,La Cina,Sbagliata,
3,3,271,Il Messico,Sbagliata,
4,3,271,Gli Stati Uniti d'America,Corretta,1.0
1,1,272,Una battaglia della WWII,Sbagliata,
2,1,272,Il genocidio sistematico degli ebrei e altre minoranze operato dai nazisti durante la WWII,Corretta,1.0
3,1,272,Un campo di prigionia,Sbagliata,
4,1,272,Un accordo di pace,Sbagliata,
1,2,272,La Marina Militare italiana,Sbagliata,
2,2,272,Il movimento partigiano che combatté contro l'occupazione nazifascista durante la WWII,Corretta,1.0
3,2,272,Un accordo diplomatico,Sbagliata,
4,2,272,L'esercito regolare italiano,Sbagliata,
1,1,273,Uno stato governato da una giunta militare,Sbagliata,
2,1,273,Uno stato che non riesce a esercitare autorità e fornire servizi di base ai propri cittadini,Corretta,1.0
3,1,273,Uno stato in bancarotta,Sbagliata,
4,1,273,Uno stato colonizzato,Sbagliata,
1,2,273,"La capacità di influenzare altri paesi tramite cultura, valori e diplomazia anziché forza militare",Corretta,1.0
2,2,273,Il potere militare convenzionale,Sbagliata,
3,2,273,La diplomazia segreta,Sbagliata,
4,2,273,La potenza economica,Sbagliata,
1,1,274,La distribuzione equa delle risorse naturali,Sbagliata,
2,1,274,L'uguaglianza economica tra nazioni,Sbagliata,
3,1,274,La parità nei diritti internazionali,Sbagliata,
4,1,274,L'equilibrio delle potenze che impedisce a un singolo stato di dominare il sistema internazionale,Corretta,1.0
1,1,275,Zhu Yuanzhang,Sbagliata,
2,1,275,Liu Bang,Sbagliata,
3,1,275,Kublai Khan,Sbagliata,
4,1,275,Qin Shi Huang (Primo Imperatore della Cina),Corretta,1.0
1,2,275,Gengis Khan,Corretta,1.0
2,2,275,Attila,Sbagliata,
3,2,275,Tamerlano,Sbagliata,
4,2,275,Kublai Khan,Sbagliata,
1,3,275,Una rotta marittima,Sbagliata,
2,3,275,Una rete di rotte commerciali che collegava la Cina all'Europa attraverso l'Asia Centrale,Corretta,1.0
3,3,275,Una muraglia difensiva,Sbagliata,
4,3,275,Un canale artificiale cinese,Sbagliata,
1,4,275,La Guerra di Corea (1950-1953),Corretta,1.0
2,4,275,La Guerra del Vietnam,Sbagliata,
3,4,275,La Guerra del Pacifico,Sbagliata,
4,4,275,La Guerra Sino-Giapponese,Sbagliata,
1,1,276,Julius Nyerere,Sbagliata,
2,1,276,Kwame Nkrumah,Sbagliata,
3,1,276,Nelson Mandela,Sbagliata,
4,1,276,Sam Nujoma,Corretta,1.0
1,1,277,Un tipo di danza,Sbagliata,
2,1,277,Un tipo di opera lirica,Sbagliata,
3,1,277,Un genere musicale afroamericano con struttura a 12 battute e valore espressivo delle blue notes,Corretta,1.0
4,1,277,Un genere classico,Sbagliata,
1,2,277,La composizione scritta,Sbagliata,
2,2,277,La notazione musicale,Sbagliata,
3,2,277,La creazione spontanea di melodie e armonie durante l'esecuzione,Corretta,1.0
4,2,277,La ripetizione di temi,Sbagliata,
1,3,277,Sassofono,Sbagliata,
2,3,277,Contrabbasso,Sbagliata,
3,3,277,Tromba,Sbagliata,
4,3,277,Pianoforte,Corretta,1.0
1,4,277,Louis Armstrong,Sbagliata,
2,4,277,Charlie Parker,Corretta,1.0
3,4,277,Miles Davis,Sbagliata,
4,4,277,Duke Ellington,Sbagliata,
1,5,277,Un trombettista jazz che rivoluzionò il genere con album come 'Kind of Blue',Corretta,1.0
2,5,277,Un pianista classico,Sbagliata,
3,5,277,Un batterista rock,Sbagliata,
4,5,277,Un chitarrista blues,Sbagliata,
1,1,278,Controtenore,Sbagliata,
2,1,278,Basso,Sbagliata,
3,1,278,Tenore,Corretta,1.0
4,1,278,Baritono,Sbagliata,
1,2,278,Il contratto del tenore,Sbagliata,
2,2,278,"Il testo scritto dell'opera, comprensivo dei dialoghi e delle arie",Corretta,1.0
3,2,278,Il programma di sala,Sbagliata,
4,2,278,La partitura musicale,Sbagliata,
1,3,278,Madama Butterfly,Sbagliata,
2,3,278,La Bohème,Corretta,1.0
3,3,278,Tosca,Sbagliata,
4,3,278,Turandot,Sbagliata,
1,4,278,Il finale corale,Sbagliata,
2,4,278,Il preludio orchestrale,Sbagliata,
3,4,278,Il duetto tra due personaggi,Sbagliata,
4,4,278,Un brano solistico in cui un personaggio esprime i propri sentimenti,Corretta,1.0
1,1,279,Chuck Berry,Sbagliata,
2,1,279,Little Richard,Sbagliata,
3,1,279,Elvis Presley,Corretta,1.0
4,1,279,Jerry Lee Lewis,Sbagliata,
1,2,279,Un genere punk californiano,Sbagliata,
2,2,279,Un tipo di heavy metal,Sbagliata,
3,2,279,"Un sottogenere del rock alternativo degli anni '90 nato a Seattle, con band come Nirvana",Corretta,1.0
4,2,279,Un genere musicale inglese degli anni '70,Sbagliata,
1,1,280,Al Louvre,Sbagliata,
2,1,280,A Giverny,Sbagliata,
3,1,280,Nello studio del fotografo Nadar a Parigi,Corretta,1.0
4,1,280,All'Académie des Beaux-Arts,Sbagliata,
1,2,280,Claude Monet,Corretta,1.0
2,2,280,Camille Pissarro,Sbagliata,
3,2,280,Pierre-Auguste Renoir,Sbagliata,
4,2,280,Edgar Degas,Sbagliata,
1,1,281,Terracotta e argilla,Sbagliata,
2,1,281,Granito e basalto,Sbagliata,
3,1,281,Marmo e bronzo,Corretta,1.0
4,1,281,Avorio e osso,Sbagliata,
1,2,281,Un tipo di bassorilievo,Sbagliata,
2,2,281,Una tecnica di incisione su marmo,Sbagliata,
3,2,281,La postura frontale rigida,Sbagliata,
4,2,281,"Una posizione in cui il peso del corpo è spostato su una gamba, creando un bilanciamento naturale",Corretta,1.0
1,3,281,Il tardo antico,Sbagliata,
2,3,281,Il ritratto verista romano,Corretta,1.0
3,3,281,Lo stile ellenistico,Sbagliata,
4,3,281,Il classicismo augusteo,Sbagliata,
1,1,282,Renzo Piano,Sbagliata,
2,1,282,Norman Foster,Sbagliata,
3,1,282,Frank Gehry,Corretta,1.0
4,1,282,Zaha Hadid,Sbagliata,
1,2,282,Una scuola di design e architettura tedesca (1919-1933) che univa arte e artigianato con la produzione industriale,Corretta,1.0
2,2,282,Un tipo di costruzione in acciaio,Sbagliata,
3,2,282,Un'associazione di architetti,Sbagliata,
4,2,282,Un movimento artistico francese,Sbagliata,
1,1,283,Il progettista della sedia Eames,Sbagliata,
2,1,283,Il creatore del logo Apple,Sbagliata,
3,1,283,Il fondatore del Bauhaus,Sbagliata,
4,1,283,Un pioniere del design industriale americano che ridisegnò la Coca-Cola e la locomotiva a vapore,Corretta,1.0
1,2,283,Il progettista della Vespa,Sbagliata,
2,2,283,Il direttore artistico Fiat,Sbagliata,
3,2,283,Il fondatore di Apple,Sbagliata,
4,2,283,Un designer tedesco di Braun noto per i suoi principi del buon design,Corretta,1.0
1,3,283,Un modello fisico o virtuale di un prodotto usato per testare e perfezionare il design prima della produzione,Corretta,1.0
2,3,283,Il manuale d'uso,Sbagliata,
3,3,283,Il brevetto del prodotto,Sbagliata,
4,3,283,Il prodotto finale,Sbagliata,
1,1,284,Un tipo di fotografia a infrarossi,Sbagliata,
2,1,284,La fotografia a pellicola,Sbagliata,
3,1,284,"Non esiste, ma la fotografia in B&N è il processo di registrare solo le sfumature di grigio senza crominanza",Corretta,1.0
4,1,284,La fotografia con filtri colorati,Sbagliata,
1,2,284,Una regola sulla velocità dell'otturatore,Sbagliata,
2,2,284,Una linea guida che divide l'immagine in nove parti uguali e posiziona i soggetti sui punti di intersezione,Corretta,1.0
3,2,284,Il rapporto ideale tra larghezza e altezza,Sbagliata,
4,2,284,Una tecnica di illuminazione,Sbagliata,
1,3,284,Il creatore della Leica,Sbagliata,
2,3,284,Il fondatore della National Geographic,Sbagliata,
3,3,284,Un pittore impressionista,Sbagliata,
4,3,284,Un fotografo francese fondatore della fotografia di strada e del 'momento decisivo',Corretta,1.0
1,1,285,Il cinema commerciale,Sbagliata,
2,1,285,Un tipo di cinema muto,Sbagliata,
3,1,285,Uno stile cinematografico documentaristico che usa telecamere a mano e situazioni reali,Corretta,1.0
4,1,285,Un genere di horror,Sbagliata,
1,2,285,"Francia (Nouvelle Vague), Italia (Neorealismo/Auteurs), Svezia (Bergman)",Corretta,1.0
2,2,285,Germania e Austria,Sbagliata,
3,2,285,Solo la Francia,Sbagliata,
4,2,285,Solo l'Italia,Sbagliata,
1,3,285,La selezione e l'unione di riprese per creare il film finale,Corretta,1.0
2,3,285,La colonna sonora,Sbagliata,
3,3,285,La scenografia del film,Sbagliata,
4,3,285,La ripresa delle scene,Sbagliata,
1,4,285,Un regista britannico maestro del thriller e del suspense,Corretta,1.0
2,4,285,Il padre del cinema d'animazione,Sbagliata,
3,4,285,Il fondatore del neorealismo,Sbagliata,
4,4,285,Un regista della Nouvelle Vague,Sbagliata,
1,1,286,Pablo Neruda,Sbagliata,
2,1,286,Julio Cortázar,Sbagliata,
3,1,286,Jorge Luis Borges,Sbagliata,
4,1,286,Gabriel García Márquez,Corretta,1.0
1,2,286,Octavio Paz,Sbagliata,
2,2,286,Carlos Fuentes,Sbagliata,
3,2,286,Juan Rulfo,Corretta,1.0
4,2,286,José Revueltas,Sbagliata,
1,3,286,Il teatro dell'assurdo,Sbagliata,
2,3,286,"La poesia lirica e d'amore, come 'Venti poesie d'amore e una canzone disperata'",Corretta,1.0
3,3,286,La prosa poematica,Sbagliata,
4,3,286,Il romanzo politico,Sbagliata,
1,1,287,Un poeta argentino,Sbagliata,
2,1,287,Un poeta cileno (Premio Nobel 1971) noto per la sua poesia amorosa e politica,Corretta,1.0
3,1,287,Un drammaturgo messicano,Sbagliata,
4,1,287,Un romanziere peruviano,Sbagliata,
1,2,287,T.S. Eliot,Corretta,1.0
2,2,287,W.B. Yeats,Sbagliata,
3,2,287,W.H. Auden,Sbagliata,
4,2,287,Dylan Thomas,Sbagliata,
1,1,288,Un poeta simbolista,Sbagliata,
2,1,288,"Uno scrittore ceco-austriaco noto per i romanzi sull'alienazione e l'assurdo ('La metamorfosi', 'Il processo')",Corretta,1.0
3,1,288,Un romanziere russo,Sbagliata,
4,1,288,Un filosofo esistenzialista,Sbagliata,
1,2,288,"Una corrente che mette in discussione le grandi narrazioni, usa l'ironia e la metafiction",Corretta,1.0
2,2,288,Il modernismo tardivo,Sbagliata,
3,2,288,Il neo-romanticismo,Sbagliata,
4,2,288,Il realismo magico,Sbagliata,
1,3,288,Il naturalismo sociale,Sbagliata,
2,3,288,Il racconto autobiografico,Sbagliata,
3,3,288,Il realismo storico,Sbagliata,
4,3,288,Una narrativa che riflette consapevolmente sulla propria natura di finzione,Corretta,1.0
1,1,289,Una sceneggiatrice,Sbagliata,
2,1,289,Una romanziera francese,Sbagliata,
3,1,289,Una scrittrice americana nota per 'Il segretario di Dio' e 'Il cardellino',Corretta,1.0
4,1,289,Una poetessa inglese,Sbagliata,
1,2,289,Un romanzo scritto con intelligenza artificiale,Sbagliata,
2,2,289,Un ebook identico alla versione cartacea,Sbagliata,
3,2,289,Un romanzo progettato specificamente per la lettura digitale con elementi interattivi,Corretta,1.0
4,2,289,Un tipo di serial televisivo,Sbagliata,
1,3,289,Umberto Eco,Sbagliata,
2,3,289,Italo Calvino,Corretta,1.0
3,3,289,Elsa Morante,Sbagliata,
4,3,289,Cesare Pavese,Sbagliata,
1,4,289,Un narratore sudamericano di realismo magico,Sbagliata,
2,4,289,Un autore americano di thriller,Sbagliata,
3,4,289,Uno scrittore giapponese noto per romanzi che mischiano realtà quotidiana e surreale,Corretta,1.0
4,4,289,Un romanziere europeo,Sbagliata,
1,1,290,Un fumetto belga,Sbagliata,
2,1,290,Un fumetto americano di supereroi,Sbagliata,
3,1,290,Un manga giapponese,Sbagliata,
4,1,290,Un graphic novel autobiografico di Marjane Satrapi sulla Rivoluzione Iraniana,Corretta,1.0
1,2,290,Il disegnatore di Batman,Sbagliata,
2,2,290,"L'autore di 'Maus', il primo graphic novel a vincere il Premio Pulitzer",Corretta,1.0
3,2,290,Il creatore di Superman,Sbagliata,
4,2,290,Il fondatore dei fumetti Marvel,Sbagliata,
1,1,291,Un fumettista e graphic novelist romano contemporaneo noto per 'Strappare lungo i bordi',Corretta,1.0
2,1,291,Un fumettista degli anni '70,Sbagliata,
3,1,291,Un disegnatore Disney,Sbagliata,
4,1,291,Il creatore di Tex,Sbagliata,
1,2,291,Tex Willer,Corretta,1.0
2,2,291,Dylan Dog,Sbagliata,
3,2,291,Diabolik,Sbagliata,
4,2,291,Rat-Man,Sbagliata,
1,3,291,Guido Crepax,Sbagliata,
2,3,291,Magnus,Sbagliata,
3,3,291,Hugo Pratt,Corretta,1.0
4,3,291,Sergio Bonelli,Sbagliata,
1,4,291,Sergio Bonelli Editore,Corretta,1.0
2,4,291,Mondadori,Sbagliata,
3,4,291,Star Comics,Sbagliata,
4,4,291,Panini Comics,Sbagliata,
1,5,291,Angela e Luciana Giussani,Corretta,1.0
2,5,291,Guido Crepax,Sbagliata,
3,5,291,Magnus e Bunker,Sbagliata,
4,5,291,Roberto Raviola,Sbagliata,
1,1,292,Grand Theft Auto V,Sbagliata,
2,1,292,Minecraft,Corretta,1.0
3,1,292,Wii Sports,Sbagliata,
4,1,292,Tetris,Sbagliata,
1,2,292,FPS (sparatutto in prima persona),Sbagliata,
2,2,292,Survival/Sandbox (come Minecraft),Corretta,1.0
3,2,292,RTS (strategia in tempo reale),Sbagliata,
4,2,292,RPG (gioco di ruolo),Sbagliata,
1,3,292,Donkey Kong (1981),Sbagliata,
2,3,292,Space Invaders (1978),Sbagliata,
3,3,292,Pac-Man (1980),Sbagliata,
4,3,292,Pong (1972) di Atari,Corretta,1.0
1,4,292,Un disturbo visivo,Sbagliata,
2,4,292,Una malattia genetica,Sbagliata,
3,4,292,Un tipo di dipendenza da social media,Sbagliata,
4,4,292,Un disturbo del comportamento caratterizzato da uso problematico e compulsivo dei videogiochi,Corretta,1.0
1,1,293,Giappone e Francia sono tra i paesi con più stelle,Corretta,1.0
2,1,293,Spagna,Sbagliata,
3,1,293,Italia,Sbagliata,
4,1,293,USA,Sbagliata,
1,2,293,La cucina tradizionale regionale italiana,Sbagliata,
2,2,293,"Un movimento gastronomico francese degli anni '70 che privilegia leggerezza, freschezza e presentazione estetica",Corretta,1.0
3,2,293,La cucina fusion contemporanea,Sbagliata,
4,2,293,La cucina molecolare,Sbagliata,
1,3,293,Una tecnica di fermentazione,Sbagliata,
2,3,293,Una tecnica di cottura in cui gli alimenti vengono cotti sottovuoto in acqua a temperatura controllata,Corretta,1.0
3,3,293,Un tipo di frittura,Sbagliata,
4,3,293,Un metodo di affumicatura,Sbagliata,
1,1,294,Un vino straniero importato,Sbagliata,
2,1,294,"La massima certificazione italiana di qualità per i vini, con produzione e caratteristiche regolamentate",Corretta,1.0
3,1,294,Una certificazione biologica,Sbagliata,
4,1,294,Un semplice vino da tavola,Sbagliata,
1,2,294,Filtrazione,Sbagliata,
2,2,294,Affinamento,Sbagliata,
3,2,294,Fermentazione alcolica,Corretta,1.0
4,2,294,Macerazione,Sbagliata,
1,3,294,Il nome del produttore,Sbagliata,
2,3,294,Il grado alcolico,Sbagliata,
3,3,294,Il metodo di invecchiamento,Sbagliata,
4,3,294,"L'annata, ovvero l'anno di raccolta dell'uva",Corretta,1.0
1,4,294,Nebbiolo,Sbagliata,
2,4,294,Montepulciano,Sbagliata,
3,4,294,Sangiovese grosso (Brunello),Corretta,1.0
4,4,294,Barbera,Sbagliata,
1,5,294,"Un vino con alto contenuto di tannini, sostanze che conferiscono astringenza e struttura",Corretta,1.0
2,5,294,Un vino aromatico e profumato,Sbagliata,
3,5,294,Un vino con bassa acidità,Sbagliata,
4,5,294,Un vino dolce residuo,Sbagliata,
1,1,295,"Un vino rosso pugliese ottenuto dall'uva Primitivo, ricco e potente",Corretta,1.0
2,1,295,Un bianco siciliano,Sbagliata,
3,1,295,Un vino campano,Sbagliata,
4,1,295,Un rosato sardo,Sbagliata,
1,2,295,Metodo classico (seconda fermentazione in bottiglia),Corretta,1.0
2,2,295,Fermentazione naturale senza aggiunta,Sbagliata,
3,2,295,Metodo Charmat,Sbagliata,
4,2,295,Metodo ancestrale,Sbagliata,
1,3,295,Un vino spumante metodo classico,Sbagliata,
2,3,295,Un vino liquoroso siciliano,Sbagliata,
3,3,295,"Un vino rosso veronese ottenuto da uve appassite, potente e concentrato",Corretta,1.0
4,3,295,Un vino bianco frizzante,Sbagliata,
1,4,295,Un vino bianco siciliano,Sbagliata,
2,4,295,Un vino fermo rosso piemontese,Sbagliata,
3,4,295,Un grappa veneta,Sbagliata,
4,4,295,Un vino spumante veneto prodotto con uve Glera con il metodo Charmat,Corretta,1.0
1,1,296,88-96°C,Corretta,1.0
2,1,296,60°C,Sbagliata,
3,1,296,70-75°C,Sbagliata,
4,1,296,100°C,Sbagliata,
1,1,297,20-22°C,Sbagliata,
2,1,297,8-10°C,Sbagliata,
3,1,297,4-6°C,Sbagliata,
4,1,297,16-18°C,Corretta,1.0
1,2,297,La temperatura di servizio,Sbagliata,
2,2,297,Il sapore del vino,Sbagliata,
3,2,297,"Colore, limpidezza e consistenza (lacrime/archetti) del vino nel bicchiere",Corretta,1.0
4,2,297,L'aroma del vino,Sbagliata,
1,1,298,1924 (Chamonix),Sbagliata,
2,1,298,1936 (Garmisch-Partenkirchen),Corretta,1.0
3,1,298,1948 (St. Moritz),Sbagliata,
4,1,298,1960 (Squaw Valley),Sbagliata,
1,2,298,Solo una: lo sci di fondo,Sbagliata,
2,2,298,"Tre: sci alpino, fondo e biathlon",Sbagliata,
3,2,298,Quattro,Sbagliata,
4,2,298,Due: sci di fondo e tiro a segno,Corretta,1.0
1,3,298,Francia,Sbagliata,
2,3,298,Svizzera,Sbagliata,
3,3,298,Italia,Sbagliata,
4,3,298,Austria,Corretta,1.0
1,4,298,Lo slalom speciale,Sbagliata,
2,4,298,Il super-G,Sbagliata,
3,4,298,La gara tecnica con molte porte,Sbagliata,
4,4,298,"La gara più veloce dello sci alpino, su una pista lunga con minimo di porte",Corretta,1.0
1,1,299,Uno sport nautico in cui ci si muove sull'acqua su una tavola dotata di vela orientabile,Corretta,1.0
2,1,299,Il kitesurf,Sbagliata,
3,1,299,Un tipo di surf con le onde,Sbagliata,
4,1,299,Una disciplina di canottaggio,Sbagliata,
1,2,299,Kayak polo,Sbagliata,
2,2,299,Canottaggio (otto con),Corretta,1.0
3,2,299,Vela olimpica,Sbagliata,
4,2,299,Canoa sprint,Sbagliata,
1,1,300,Usain Bolt (9.58 secondi),Corretta,1.0
2,1,300,Carl Lewis,Sbagliata,
3,1,300,Justin Gatlin,Sbagliata,
4,1,300,Asafa Powell,Sbagliata,
1,2,300,Dalla posizione dell'atleta al punto di atterraggio,Sbagliata,
2,2,300,Dal baricentro dell'atleta,Sbagliata,
3,2,300,Dal centro del cerchio di lancio,Sbagliata,
4,2,300,Dalla linea di lancio al punto di prima caduta dell'attrezzo,Corretta,1.0
1,3,300,Un discobolo olimpionico,Sbagliata,
2,3,300,Un maratoneta keniota che nel 2019 ha corso la maratona sotto le 2 ore,Corretta,1.0
3,3,300,Un mezzofondista etiope,Sbagliata,
4,3,300,Un velocista jamaicano,Sbagliata,
1,1,301,1934 (Italia),Sbagliata,
2,1,301,2006 (Germania),Corretta,1.0
3,1,301,1982 (Spagna),Sbagliata,
4,1,301,1938 (Francia),Sbagliata,
1,2,301,Bayern Monaco,Sbagliata,
2,2,301,Real Madrid (più di 14 titoli),Corretta,1.0
3,2,301,Liverpool,Sbagliata,
4,2,301,Milan,Sbagliata,
1,3,301,1926 (non si tenne),Sbagliata,
2,3,301,1930 (Uruguay),Corretta,1.0
3,3,301,1934 (Italia),Sbagliata,
4,3,301,1920 (Belgio),Sbagliata,
1,1,302,Un tipo di tiro,Sbagliata,
2,1,302,Un'infrazione in cui un giocatore muove i piedi senza palleggiare dopo aver preso il controllo del pallone,Corretta,1.0
3,1,302,Un tipo di difesa,Sbagliata,
4,1,302,Una tecnica di palleggio,Sbagliata,
1,2,302,Un tiro da tre punti,Sbagliata,
2,2,302,Un tiro da sotto canestro,Sbagliata,
3,2,302,Un tiro in corsa,Sbagliata,
4,2,302,"Un lancio senza opposizione dalla linea dei tiri liberi, vale 1 punto",Corretta,1.0
1,1,303,Steffi Graf,Sbagliata,
2,1,303,Serena Williams (23),Corretta,1.0
3,1,303,Martina Navratilova,Sbagliata,
4,1,303,Margaret Court,Sbagliata,
1,2,303,Al meglio dei tre set,Sbagliata,
2,2,303,Cinque set sempre,Sbagliata,
3,2,303,Si giocano al meglio dei cinque set (chi ne vince 3 vince il match),Corretta,1.0
4,2,303,Solo tre set,Sbagliata,
1,3,303,Un servizio sbagliato,Sbagliata,
2,3,303,Un colpo di rovescio vincente,Sbagliata,
3,3,303,Un servizio non toccato dall'avversario che vale punto diretto,Corretta,1.0
4,3,303,Un punto vincente al volo,Sbagliata,
1,4,303,Erba,Corretta,1.0
2,4,303,Cemento,Sbagliata,
3,4,303,Cemento indoor,Sbagliata,
4,4,303,Terra rossa,Sbagliata,
1,1,304,"La posizione di partenza privilegiata (prima fila, lato interno) ottenuta dal pilota più veloce in qualifica",Corretta,1.0
2,1,304,La prima curva,Sbagliata,
3,1,304,La seconda posizione in griglia,Sbagliata,
4,1,304,Il posto del campione in carica,Sbagliata,
1,2,304,Un dispositivo per misurare la temperatura delle gomme,Sbagliata,
2,2,304,Il sistema di sicurezza del pilota,Sbagliata,
3,2,304,Drag Reduction System: un alettone posteriore apribile per ridurre la resistenza aerodinamica e aumentare la velocità in rettilineo,Corretta,1.0
4,2,304,Un sistema di frenata automatica,Sbagliata,
1,1,305,"Dipende dal circuito, tipicamente 2-3 per fila con circa 22-24 piloti",Corretta,1.0
2,1,305,Sempre 24 in 3 file,Sbagliata,
3,1,305,Sempre 20 piloti,Sbagliata,
4,1,305,12 piloti in 6 file,Sbagliata,
1,2,305,Mick Doohan,Sbagliata,
2,2,305,Valentino Rossi (7 nella classe massima),Corretta,1.0
3,2,305,Marc Marquez,Sbagliata,
4,2,305,Giacomo Agostini,Sbagliata,
1,3,305,Una penalità in gara in cui il pilota deve percorrere un tracciato aggiuntivo rallentando,Corretta,1.0
2,3,305,Un tempo di penalità ai box,Sbagliata,
3,3,305,Una retrocessione in griglia,Sbagliata,
4,3,305,Una bandiera di penalizzazione,Sbagliata,
1,4,305,Solo Honda,Sbagliata,
2,4,305,Honda e Yamaha,Corretta,1.0
3,4,305,Solo Yamaha,Sbagliata,
4,4,305,Ducati,Sbagliata,
1,1,306,Il gruppo principale di ciclisti che pedalano insieme sfruttando la scia per ridurre la resistenza,Corretta,1.0
2,1,306,L'ammiraglia della squadra,Sbagliata,
3,1,306,I corridori in fuga,Sbagliata,
4,1,306,Il gruppo dei capitani di squadra,Sbagliata,
1,2,306,Una tecnica di pedalata,Sbagliata,
2,2,306,Una breve ma ripida salita che mette alla prova gli scalatori durante una tappa,Corretta,1.0
3,2,306,Un sprint finale,Sbagliata,
4,2,306,Un tipo di fuga in gruppo,Sbagliata,
1,3,306,30 tappe,Sbagliata,
2,3,306,16 tappe,Sbagliata,
3,3,306,25 tappe,Sbagliata,
4,3,306,21 tappe in circa 23 giorni,Corretta,1.0
1,1,307,Un finale di partita,Sbagliata,
2,1,307,Una difesa passiva,Sbagliata,
3,1,307,Un'apertura in cui si sacrifica un pezzo (di solito un pedone) per ottenere un vantaggio posizionale,Corretta,1.0
4,1,307,Un tipo di scacco matto,Sbagliata,
1,2,307,Una situazione di patta,Sbagliata,
2,2,307,"La posizione in cui il re è sotto attacco e non può sfuggire, determinando la fine della partita",Corretta,1.0
3,2,307,Una mossa di apertura,Sbagliata,
4,2,307,Un tipo di sacrificio,Sbagliata,
1,3,307,La Federazione Internazionale degli Scacchi che organizza campionati mondiali e assegna i titoli,Corretta,1.0
2,3,307,Un torneo annuale,Sbagliata,
3,3,307,Un sistema di valutazione dei giocatori,Sbagliata,
4,3,307,Un tipo di apertura degli scacchi,Sbagliata,
1,4,307,Un tipo di attacco al re,Sbagliata,
2,4,307,Una mossa speciale in cui il re si sposta di due caselle verso una torre e la torre salta dall'altro lato del re,Corretta,1.0
3,4,307,Un'apertura di gioco,Sbagliata,
4,4,307,Una mossa del cavallo,Sbagliata,
1,1,308,Un gioco con jolly,Sbagliata,
2,1,308,Una variante del poker,Sbagliata,
3,1,308,Una variante della briscola,Sbagliata,
4,1,308,"Un gioco di carte italiano per 4 giocatori in 2 coppie, senza atout fisso",Corretta,1.0
1,2,308,54,Sbagliata,
2,2,308,36,Sbagliata,
3,2,308,48,Sbagliata,
4,2,308,52 (più 2 jolly in alcuni giochi),Corretta,1.0
1,3,308,Cinque carte dello stesso seme,Sbagliata,
2,3,308,Quattro carte dello stesso valore,Sbagliata,
3,3,308,"Cinque carte dello stesso seme in sequenza con asso in cima, la mano più alta possibile",Corretta,1.0
4,3,308,Tre carte dello stesso valore,Sbagliata,
1,1,309,Il termine della partita,Sbagliata,
2,1,309,Puntare tutte le proprie fiches in una sola mossa,Corretta,1.0
3,1,309,Il primo rilancio in una mano,Sbagliata,
4,1,309,Una mano con 5 carte dello stesso seme,Sbagliata,
1,2,309,Il valore iniziale della posta,Sbagliata,
2,2,309,La cifra minima da puntare,Sbagliata,
3,2,309,Il premio del torneo,Sbagliata,
4,2,309,La somma totale delle puntate nel piatto,Corretta,1.0
1,3,309,Il numero di carte in mano,Sbagliata,
2,3,309,"La posizione al tavolo rispetto al dealer, che determina l'ordine di azione; una posizione tardiva è vantaggiosa",Corretta,1.0
3,3,309,La quantità di fiches,Sbagliata,
4,3,309,Il tipo di mano,Sbagliata,
1,1,310,"La tecnica di ballare sull'estremità delle dita dei piedi, sostenuta da speciali scarpette rigide",Corretta,1.0
2,1,310,Un movimento del busto,Sbagliata,
3,1,310,Un tipo di salto,Sbagliata,
4,1,310,Una posizione delle braccia,Sbagliata,
1,2,310,Inghilterra,Sbagliata,
2,2,310,Russia,Sbagliata,
3,2,310,Austria,Sbagliata,
4,2,310,"Italia e Francia (corte rinascimentale, poi Académie Royale de Danse di Luigi XIV)",Corretta,1.0
1,3,310,Una danzatrice americana (1877-1927) pioniera della danza moderna e libera dai canoni accademici,Corretta,1.0
2,3,310,La fondatrice del Bolshoi Ballet,Sbagliata,
3,3,310,La creatrice del balletto classico,Sbagliata,
4,3,310,Una ballerina dell'Opéra di Parigi,Sbagliata,
1,1,311,Un drammaturgo russo del realismo,Sbagliata,
2,1,311,Un drammaturgo tedesco che teorizzò il 'teatro epico' con l'effetto di straniamento per stimolare la coscienza critica,Corretta,1.0
3,1,311,Il fondatore del teatro dell'assurdo,Sbagliata,
4,1,311,Il creatore del melodramma,Sbagliata,
1,2,311,Bertolt Brecht,Sbagliata,
2,2,311,Samuel Beckett,Corretta,1.0
3,2,311,Eugene Ionesco,Sbagliata,
4,2,311,Harold Pinter,Sbagliata,
1,3,311,Un tipo di coro greco,Sbagliata,
2,3,311,Una tecnica di recitazione,Sbagliata,
3,3,311,La purificazione emotiva del pubblico attraverso la visione della tragedia (secondo Aristotele),Corretta,1.0
4,3,311,Un effetto scenografico,Sbagliata,
1,1,312,Il più antico circo americano,Sbagliata,
2,1,312,Un festival itinerante europeo,Sbagliata,
3,1,312,Una compagnia canadese fondata nel 1984 che ha rivoluzionato il circo moderno senza animali,Corretta,1.0
4,1,312,Una scuola di arti circensi,Sbagliata,
1,2,312,Un acrobata,Sbagliata,
2,2,312,Un mago,Sbagliata,
3,2,312,"Un artista che usa il comico, la gestualità esagerata e il trucco per far ridere il pubblico",Corretta,1.0
4,2,312,Un equilibrista,Sbagliata,
1,3,312,L'arte di lanciare e riprendere oggetti in aria mantenendone più in volo contemporaneamente,Corretta,1.0
2,3,312,Un tipo di magia,Sbagliata,
3,3,312,Un numero di equilibrismo,Sbagliata,
4,3,312,Una forma di mimo,Sbagliata,
1,4,312,Il fondatore del Cirque du Soleil,Sbagliata,
2,4,312,Un acrobata del Bolshoi,Sbagliata,
3,4,312,Un giocoliere olimpionico,Sbagliata,
4,4,312,Un artista francese che nel 1974 camminò su un filo teso tra le Torri Gemelle di New York,Corretta,1.0
1,5,312,Una disciplina di parkour,Sbagliata,
2,5,312,Un tipo di danza contemporanea,Sbagliata,
3,5,312,Un genere di ginnastica ritmica,Sbagliata,
4,5,312,"Una disciplina circense eseguita in aria su attrezzi come trapezio, tessuto, cerchio o corda",Corretta,1.0
1,1,313,Odeo,Sbagliata,
2,1,313,Erario,Sbagliata,
3,1,313,Agorà,Sbagliata,
4,1,313,Partenone,Corretta,1.0
1,2,313,Platea,Sbagliata,
2,2,313,Salamina,Sbagliata,
3,2,313,Maratona,Corretta,1.0
4,2,313,Termopili,Sbagliata,
1,3,313,Platone,Sbagliata,
2,3,313,Socrate,Corretta,1.0
3,3,313,Aristotele,Sbagliata,
4,3,313,Pitagora,Sbagliata,
1,1,314,Composti con stessa formula ma struttura diversa,Corretta,1.0
2,1,314,Elementi radioattivi,Sbagliata,
3,1,314,Composti identici,Sbagliata,
4,1,314,Polimeri ciclici,Sbagliata,
1,2,314,Metano,Sbagliata,
2,2,314,Butadiene,Sbagliata,
3,2,314,Propilene,Sbagliata,
4,2,314,Etilene,Corretta,1.0
1,3,314,Acetilene,Sbagliata,
2,3,314,Etilene,Sbagliata,
3,3,314,Butano,Sbagliata,
4,3,314,Benzene,Corretta,1.0
1,1,315,Joule,Sbagliata,
2,1,315,Watt,Sbagliata,
3,1,315,Pascal,Sbagliata,
4,1,315,Newton,Corretta,1.0
1,2,315,Dissipativa,Corretta,1.0
2,2,315,Conservativa,Sbagliata,
3,2,315,Gravitazionale,Sbagliata,
4,2,315,Centripeta,Sbagliata,
1,3,315,Principio di Archimede,Sbagliata,
2,3,315,Conservazione dell'energia,Sbagliata,
3,3,315,Prima legge di Newton,Sbagliata,
4,3,315,Terza legge di Newton (azione e reazione),Corretta,1.0
1,4,315,Il momento angolare,Sbagliata,
2,4,315,L'energia cinetica,Sbagliata,
3,4,315,Il prodotto massa per velocità,Corretta,1.0
4,4,315,La forza applicata,Sbagliata,
1,1,316,Il castello,Sbagliata,
2,1,316,Il processo,Sbagliata,
3,1,316,La metamorfosi,Corretta,1.0
4,1,316,America,Sbagliata,
1,2,316,Eugenio Montale,Sbagliata,
2,2,316,Luigi Pirandello,Sbagliata,
3,2,316,Dario Fo,Corretta,1.0
4,2,316,Grazia Deledda,Sbagliata,
1,3,316,Espressionismo,Sbagliata,
2,3,316,Simbolismo,Sbagliata,
3,3,316,Modernismo,Corretta,1.0
4,3,316,Naturalismo,Sbagliata,
1,4,316,Ernest Hemingway,Sbagliata,
2,4,316,Franz Kafka,Sbagliata,
3,4,316,George Orwell,Corretta,1.0
4,4,316,Aldous Huxley,Sbagliata,
1,1,317,Il rimborso graduale di un debito nel tempo,Corretta,1.0
2,1,317,Il calcolo degli interessi,Sbagliata,
3,1,317,La rivalutazione del capitale,Sbagliata,
4,1,317,L'emissione di obbligazioni,Sbagliata,
1,2,317,Cento,Sbagliata,
2,2,317,Uno,Sbagliata,
3,2,317,Il costo del capitale,Sbagliata,
4,2,317,Zero,Corretta,1.0
1,3,317,Il rendimento lordo,Sbagliata,
2,3,317,Il costo del capitale,Sbagliata,
3,3,317,Il tasso di profitto,Sbagliata,
4,3,317,La differenza tra valore attuale dei flussi e investimento iniziale,Corretta,1.0
1,1,318,Proteine fibrose,Sbagliata,
2,1,318,Doppio strato fosfolipidico,Corretta,1.0
3,1,318,Polisaccaridi,Sbagliata,
4,1,318,DNA circolare,Sbagliata,
1,2,318,Apparato di Golgi,Sbagliata,
2,2,318,Ribosoma,Sbagliata,
3,2,318,Mitocondrio,Corretta,1.0
4,2,318,Nucleo,Sbagliata,
1,3,318,I ribosomi,Sbagliata,
2,3,318,Il DNA e il materiale genetico,Corretta,1.0
3,3,318,I lipidi di membrana,Sbagliata,
4,3,318,L'RNA messaggero,Sbagliata,
1,1,319,Breslavia,Sbagliata,
2,1,319,Varsavia,Corretta,1.0
3,1,319,Danzica,Sbagliata,
4,1,319,Cracovia,Sbagliata,
1,1,320,Nettuno,Sbagliata,
2,1,320,Saturno,Sbagliata,
3,1,320,Giove,Corretta,1.0
4,1,320,Urano,Sbagliata,
1,2,320,Circa 8 anni,Sbagliata,
2,2,320,Circa 8 minuti,Corretta,1.0
3,2,320,Circa 8 ore,Sbagliata,
4,2,320,Circa 8 secondi,Sbagliata,
1,3,320,Milioni,Sbagliata,
2,3,320,Migliaia,Sbagliata,
3,3,320,Poche centinaia,Sbagliata,
4,3,320,Miliardi,Corretta,1.0
1,1,321,"Italiano, Francese, Spagnolo",Corretta,1.0
2,1,321,"Francese, Russo, Polacco",Sbagliata,
3,1,321,"Italiano, Tedesco, Inglese",Sbagliata,
4,1,321,"Spagnolo, Arabo, Turco",Sbagliata,
1,2,321,Francese,Sbagliata,
2,2,321,Portoghese,Sbagliata,
3,2,321,Spagnolo,Corretta,1.0
4,2,321,Italiano,Sbagliata,
1,1,322,Olio su tela,Sbagliata,
2,1,322,Fresco su metallo,Sbagliata,
3,1,322,Acquerello su carta,Sbagliata,
4,1,322,Tempera su tavola,Corretta,1.0
1,2,322,Colonne doriche e frontoni triangolari,Sbagliata,
2,2,322,Arcate semicircolari,Sbagliata,
3,2,322,Archi a sesto acuto e vetrate colorate,Corretta,1.0
4,2,322,Cupole e mosaici dorati,Sbagliata,
1,1,323,Cinema americano degli anni '50,Sbagliata,
2,1,323,Cinema francese degli anni '60,Corretta,1.0
3,1,323,Cinema tedesco espressionista,Sbagliata,
4,1,323,Cinema italiano neorealista,Sbagliata,
1,2,323,La prima guerra mondiale,Sbagliata,
2,2,323,Gli anni '30,Sbagliata,
3,2,323,Gli anni '70,Sbagliata,
4,2,323,La seconda guerra mondiale e il dopoguerra,Corretta,1.0
1,3,323,Persona,Sbagliata,
2,3,323,Sinfonia d'autunno,Sbagliata,
3,3,323,Il settimo sigillo,Corretta,1.0
4,3,323,Luci d'inverno,Sbagliata,
1,1,324,Colomba,Sbagliata,
2,1,324,Panettone,Sbagliata,
3,1,324,Pandoro,Sbagliata,
4,1,324,Struffoli,Corretta,1.0
1,2,324,Emilia-Romagna,Corretta,1.0
2,2,324,Toscana,Sbagliata,
3,2,324,Lombardia,Sbagliata,
4,2,324,Piemonte,Sbagliata,
1,3,324,Baccalà,Sbagliata,
2,3,324,Salmone,Sbagliata,
3,3,324,Varie specie di pesce misto,Corretta,1.0
4,3,324,Tonno,Sbagliata,
1,4,324,Piemonte,Corretta,1.0
2,4,324,Liguria,Sbagliata,
3,4,324,Trentino,Sbagliata,
4,4,324,Veneto,Sbagliata,
1,5,324,Spalla di manzo,Sbagliata,
2,5,324,Lombata di vitello,Sbagliata,
3,5,324,Coscia di maiale stagionata,Corretta,1.0
4,5,324,Coscia di pollo,Sbagliata,
1,1,325,Android,Sbagliata,
2,1,325,Windows,Sbagliata,
3,1,325,Linux,Sbagliata,
4,1,325,macOS,Corretta,1.0
1,2,325,iOS,Sbagliata,
2,2,325,Linux,Corretta,1.0
3,2,325,Windows,Sbagliata,
4,2,325,macOS,Sbagliata,
1,3,325,C++,Sbagliata,
2,3,325,Java,Sbagliata,
3,3,325,HTML,Corretta,1.0
4,3,325,Python,Sbagliata,
1,1,326,Solo la Camera può approvare leggi,Sbagliata,
2,1,326,Il Parlamento è composto da Camera e Senato con uguali poteri,Corretta,1.0
3,1,326,Il Governo nomina entrambe le camere,Sbagliata,
4,1,326,Il Senato ha poteri superiori,Sbagliata,
1,2,326,128,Sbagliata,
2,2,326,139,Corretta,1.0
3,2,326,155,Sbagliata,
4,2,326,100,Sbagliata,
1,3,326,Diritti acquisiti con la maggiore età,Sbagliata,
2,3,326,Diritti concessi dal Parlamento,Sbagliata,
3,3,326,Diritti fondamentali non eliminabili dallo Stato,Corretta,1.0
4,3,326,Privilegi riservati ai cittadini italiani,Sbagliata,
1,1,327,Costo opportunità,Sbagliata,
2,1,327,Costo marginale,Sbagliata,
3,1,327,Costo fisso,Corretta,1.0
4,1,327,Costo variabile,Sbagliata,
1,2,327,L'investimento in macchinari,Sbagliata,
2,2,327,Il profitto netto,Sbagliata,
3,2,327,Il dividendo distribuito,Sbagliata,
4,2,327,Il flusso di cassa generato dall'attività caratteristica,Corretta,1.0
1,3,327,Il margine lordo,Sbagliata,
2,3,327,Il rendimento dell'investimento,Sbagliata,
3,3,327,Il costo medio ponderato del capitale,Corretta,1.0
4,3,327,Il fatturato annuo,Sbagliata,
1,1,328,Georg Friedrich Handel,Sbagliata,
2,1,328,Antonio Vivaldi,Sbagliata,
3,1,328,Johann Sebastian Bach,Corretta,1.0
4,1,328,Claudio Monteverdi,Sbagliata,
1,2,328,Tosca,Sbagliata,
2,2,328,Turandot,Sbagliata,
3,2,328,La Bohème,Sbagliata,
4,2,328,Madama Butterfly,Corretta,1.0
1,3,328,Una tecnica di composizione sinfonica,Sbagliata,
2,3,328,Un metodo di improvvisazione jazzistica,Sbagliata,
3,3,328,Uno stile vocale operistico italiano dell'800,Corretta,1.0
4,3,328,Un genere di musica popolare,Sbagliata,
1,1,329,Eudaimonia,Sbagliata,
2,1,329,Iperuranio,Corretta,1.0
3,1,329,Logos,Sbagliata,
4,1,329,Ataraxia,Sbagliata,
1,2,329,L'acqua è il principio di tutte le cose,Sbagliata,
2,2,329,L'aria è la sostanza di base,Sbagliata,
3,2,329,La realtà è composta da atomi indivisibili nel vuoto,Corretta,1.0
4,2,329,Il fuoco è l'elemento primordiale,Sbagliata,
1,3,329,Aristotele,Sbagliata,
2,3,329,Eraclito,Sbagliata,
3,3,329,Socrate,Corretta,1.0
4,3,329,Pitagora,Sbagliata,
1,1,330,28,Sbagliata,
2,1,330,33-34,Corretta,1.0
3,1,330,40,Sbagliata,
4,1,330,26,Sbagliata,
1,2,330,Periostio,Sbagliata,
2,2,330,Cartilagine,Sbagliata,
3,2,330,Legamento,Sbagliata,
4,2,330,Tendine,Corretta,1.0
1,3,330,Bulbo rachidiano,Sbagliata,
2,3,330,Corpo calloso,Sbagliata,
3,3,330,Cervelletto,Sbagliata,
4,3,330,Lobo frontale e temporale sinistro,Corretta,1.0
1,1,331,L'insieme delle specie animali,Sbagliata,
2,1,331,L'insieme di organismi viventi e il loro ambiente abiotico,Corretta,1.0
3,1,331,L'ambiente fisico senza organismi,Sbagliata,
4,1,331,Solo la flora di una zona,Sbagliata,
1,2,331,Il processo di fotosintesi,Sbagliata,
2,2,331,La sequenza di organismi che si nutrono l'uno dell'altro,Corretta,1.0
3,2,331,Il ciclo dell'acqua in natura,Sbagliata,
4,2,331,La distribuzione delle specie nel territorio,Sbagliata,
1,3,331,Azoto (N₂),Sbagliata,
2,3,331,Argon (Ar),Sbagliata,
3,3,331,Anidride carbonica (CO₂),Corretta,1.0
4,3,331,Ossigeno (O₂),Sbagliata,
1,1,332,Giochi militari mondiali,Sbagliata,
2,1,332,Giochi universitari,Sbagliata,
3,1,332,Giochi olimpici per atleti con disabilità,Corretta,1.0
4,1,332,Giochi giovanili olimpici,Sbagliata,
1,2,332,Tuffi,Sbagliata,
2,2,332,Nuoto artistico (ex sincronizzato),Corretta,1.0
3,2,332,Pallanuoto,Sbagliata,
4,2,332,Nuoto di fondo,Sbagliata,
1,3,332,Londra,Sbagliata,
2,3,332,Parigi,Sbagliata,
3,3,332,Tokyo,Corretta,1.0
4,3,332,Los Angeles,Sbagliata,
1,4,332,24,Sbagliata,
2,4,332,32,Corretta,1.0
3,4,332,40,Sbagliata,
4,4,332,28,Sbagliata,
1,1,333,"I processi mentali come percezione, memoria e pensiero",Corretta,1.0
2,1,333,Il comportamento osservabile,Sbagliata,
3,1,333,L'inconscio,Sbagliata,
4,1,333,Le emozioni primarie,Sbagliata,
1,2,333,Ulric Neisser,Corretta,1.0
2,2,333,Carl Rogers,Sbagliata,
3,2,333,B.F. Skinner,Sbagliata,
4,2,333,Sigmund Freud,Sbagliata,
1,1,334,Il numero di edifici storici,Sbagliata,
2,1,334,La densità di popolazione,Sbagliata,
3,1,334,La disuguaglianza nella distribuzione del reddito,Corretta,1.0
4,1,334,Il tasso di criminalità,Sbagliata,
1,2,334,L'architettura degli spazi pubblici,Sbagliata,
2,2,334,La gestione dei rifiuti urbani,Sbagliata,
3,2,334,La separazione spaziale di gruppi sociali all'interno della città,Corretta,1.0
4,2,334,La pianificazione del traffico,Sbagliata,
1,1,335,L'arte astratta e non figurativa,Sbagliata,
2,1,335,L'architettura gotica,Sbagliata,
3,1,335,Il teocentrismo medievale,Sbagliata,
4,1,335,Il ritorno ai classici greci e latini e la centralità dell'uomo,Corretta,1.0
1,2,335,Raffaello Sanzio,Sbagliata,
2,2,335,Sandro Botticelli,Sbagliata,
3,2,335,Leonardo da Vinci,Sbagliata,
4,2,335,Michelangelo Buonarroti,Corretta,1.0
1,1,336,George Orwell,Sbagliata,
2,1,336,William Golding,Corretta,1.0
3,1,336,Aldous Huxley,Sbagliata,
4,1,336,D.H. Lawrence,Sbagliata,
1,2,336,Orlando,Sbagliata,
2,2,336,Mrs Dalloway,Corretta,1.0
3,2,336,To the Lighthouse,Sbagliata,
4,2,336,The Waves,Sbagliata,
1,3,336,1915,Sbagliata,
2,3,336,1945,Sbagliata,
3,3,336,1930,Sbagliata,
4,3,336,1922,Corretta,1.0
1,1,337,2^n,Sbagliata,
2,1,337,n×(n-1),Sbagliata,
3,1,337,n!,Corretta,1.0
4,1,337,n^2,Sbagliata,
1,2,337,Tabella hash,Sbagliata,
2,2,337,Albero binario,Sbagliata,
3,2,337,Coda (queue),Sbagliata,
4,2,337,Stack (pila),Corretta,1.0
1,3,337,Un insieme di nodi collegati da archi,Corretta,1.0
2,3,337,Un algoritmo di ordinamento,Sbagliata,
3,3,337,Un tipo di matrice,Sbagliata,
4,3,337,Una funzione matematica,Sbagliata,
1,1,338,Il firewall di rete,Sbagliata,
2,1,338,Il servizio di posta elettronica,Sbagliata,
3,1,338,Il protocollo per trasferire file,Sbagliata,
4,1,338,Il sistema che traduce i nomi di dominio in indirizzi IP,Corretta,1.0
1,2,338,Un identificatore univoco assegnato a ogni scheda di rete,Corretta,1.0
2,2,338,Un tipo di cavo di rete,Sbagliata,
3,2,338,Un protocollo di sicurezza,Sbagliata,
4,2,338,Un tipo di indirizzo IP,Sbagliata,
1,1,339,Una struttura dati che mappa chiavi a valori tramite una funzione hash,Corretta,1.0
2,1,339,Un tipo di albero bilanciato,Sbagliata,
3,1,339,Una matrice di adiacenza,Sbagliata,
4,1,339,Una lista doppiamente concatenata,Sbagliata,
1,2,339,L'ordinamento topologico,Sbagliata,
2,2,339,Il flusso massimo in una rete,Sbagliata,
3,2,339,L'albero di copertura minimo,Sbagliata,
4,2,339,Il percorso più breve in un grafo con pesi non negativi,Corretta,1.0
1,3,339,O(n),Sbagliata,
2,3,339,O(log n),Corretta,1.0
3,3,339,O(1),Sbagliata,
4,3,339,O(n²),Sbagliata,
1,4,339,Selection Sort,Sbagliata,
2,4,339,Bubble Sort,Sbagliata,
3,4,339,Insertion Sort,Sbagliata,
4,4,339,Quicksort,Corretta,1.0
1,1,340,Un software di CRM,Sbagliata,
2,1,340,Una piattaforma di advertising,Sbagliata,
3,1,340,Un tipo di contenuto digitale,Sbagliata,
4,1,340,Un indicatore chiave di prestazione,Corretta,1.0
1,2,340,Social Engine Operations,Sbagliata,
2,2,340,Search Engine Optimization,Corretta,1.0
3,2,340,System Engagement Outreach,Sbagliata,
4,2,340,Sales Execution Online,Sbagliata,
1,3,340,La gestione delle email aziendali,Sbagliata,
2,3,340,L'uso dei social network per promuovere prodotti e servizi,Corretta,1.0
3,3,340,La creazione di siti web,Sbagliata,
4,3,340,Il posizionamento sui motori di ricerca,Sbagliata,
1,4,340,La pubblicità a pagamento online,Sbagliata,
2,4,340,La promozione tramite influencer,Sbagliata,
3,4,340,Il marketing via SMS,Sbagliata,
4,4,340,La creazione di contenuti di valore per attrarre e coinvolgere il pubblico target,Corretta,1.0
1,5,340,La segmentazione del mercato,Sbagliata,
2,5,340,Mostrare annunci a utenti che hanno già visitato il sito,Corretta,1.0
3,5,340,L'analisi dei competitor,Sbagliata,
4,5,340,Il primo contatto con un potenziale cliente,Sbagliata,
1,1,341,Il contratto con i fornitori,Sbagliata,
2,1,341,Un documento che descrive gli obiettivi e le strategie di un'azienda,Corretta,1.0
3,1,341,Il piano di marketing,Sbagliata,
4,1,341,Il rendiconto finanziario annuale,Sbagliata,
1,2,341,Una filosofia gestionale che elimina gli sprechi e ottimizza i processi,Corretta,1.0
2,2,341,Un metodo di contabilità analitica,Sbagliata,
3,2,341,Un sistema di incentivazione dei dipendenti,Sbagliata,
4,2,341,Una tecnica di marketing,Sbagliata,
1,1,342,Divisionismo,Sbagliata,
2,1,342,Verismo,Sbagliata,
3,1,342,Futurismo,Corretta,1.0
4,1,342,Metafisica,Sbagliata,
1,2,342,Andy Warhol,Corretta,1.0
2,2,342,Robert Rauschenberg,Sbagliata,
3,2,342,Roy Lichtenstein,Sbagliata,
4,2,342,Jasper Johns,Sbagliata,
1,3,342,Futurismo,Sbagliata,
2,3,342,De Stijl (Neoplasticismo),Corretta,1.0
3,3,342,Bauhaus,Sbagliata,
4,3,342,Arte Povera,Sbagliata,
1,1,343,Una correlazione tra due particelle tale che lo stato di una dipende istantaneamente dall'altra,Corretta,1.0
2,1,343,Il principio di esclusione,Sbagliata,
3,1,343,L'energia di un fotone,Sbagliata,
4,1,343,La velocità di tunneling,Sbagliata,
1,2,343,Il principio di esclusione di Pauli,Sbagliata,
2,2,343,L'interferenza tra due onde,Sbagliata,
3,2,343,L'entanglement quantistico,Sbagliata,
4,2,343,Uno stato in cui una particella esiste in più stati contemporaneamente fino alla misurazione,Corretta,1.0
1,1,344,Or,Sbagliata,
2,1,344,Au,Corretta,1.0
3,1,344,Ag,Sbagliata,
4,1,344,Go,Sbagliata,
1,2,344,Il numero di elettroni nel guscio esterno,Sbagliata,
2,2,344,La carica elettrica dell'atomo,Sbagliata,
3,2,344,La massa atomica relativa,Sbagliata,
4,2,344,La tendenza di un atomo ad attrarre elettroni nel legame chimico,Corretta,1.0
1,3,344,La condivisione di elettroni tra atomi,Sbagliata,
2,3,344,Un tipo di legame metallico,Sbagliata,
3,3,344,Un legame tra molecole polari,Sbagliata,
4,3,344,Il trasferimento di elettroni tra atomi che formano ioni di carica opposta,Corretta,1.0
1,1,345,Echinodermi,Sbagliata,
2,1,345,Pesci cartilaginei,Sbagliata,
3,1,345,Crostacei marini,Sbagliata,
4,1,345,"Molluschi come polpi, seppie e calamari",Corretta,1.0
1,1,346,Il punto sulla superficie terrestre direttamente sopra l'ipocentro,Corretta,1.0
2,1,346,Il centro del terremoto nella crosta,Sbagliata,
3,1,346,Il punto più profondo del sisma,Sbagliata,
4,1,346,La zona più colpita dal terremoto,Sbagliata,
1,2,346,Vesuvio,Sbagliata,
2,2,346,Etna,Corretta,1.0
3,2,346,Stromboli,Sbagliata,
4,2,346,Campi Flegrei,Sbagliata,
1,3,346,Roccia sedimentaria,Sbagliata,
2,3,346,Roccia carbonatica,Sbagliata,
3,3,346,Roccia ignea,Corretta,1.0
4,3,346,Roccia metamorfica,Sbagliata,
1,1,347,Una corrente d'aria ad alta quota che influenza il tempo meteorologico,Corretta,1.0
2,1,347,Un tipo di precipitazione,Sbagliata,
3,1,347,Un vento locale costiero,Sbagliata,
4,1,347,Un fenomeno di inversione termica,Sbagliata,
1,2,347,Scirocco,Corretta,1.0
2,2,347,Tramontana,Sbagliata,
3,2,347,Maestrale,Sbagliata,
4,2,347,Bora,Sbagliata,
1,3,347,La formazione delle nubi temporalesche,Sbagliata,
2,3,347,La deflessione dei venti causata dalla rotazione terrestre,Corretta,1.0
3,3,347,Il riscaldamento dell'atmosfera per irraggiamento,Sbagliata,
4,3,347,L'evaporazione degli oceani,Sbagliata,
1,4,347,Altocumulo,Sbagliata,
2,4,347,Cirro,Sbagliata,
3,4,347,Cumulonembo,Corretta,1.0
4,4,347,Strato,Sbagliata,
1,5,347,Il rapporto tra il vapore acqueo presente e il massimo possibile a quella temperatura,Corretta,1.0
2,5,347,La temperatura di rugiada,Sbagliata,
3,5,347,La pressione del vapor d'acqua,Sbagliata,
4,5,347,La quantità assoluta di acqua nell'aria,Sbagliata,
1,1,348,Slittamento semantico,Corretta,1.0
2,1,348,Prestito lessicale,Sbagliata,
3,1,348,Neologismo,Sbagliata,
4,1,348,Calco linguistico,Sbagliata,
1,2,348,Circa 10,Sbagliata,
2,2,348,Circa 23,Corretta,1.0
3,2,348,Circa 30,Sbagliata,
4,2,348,Circa 15,Sbagliata,
1,3,348,Un tipo di sintagma,Sbagliata,
2,3,348,Una categoria grammaticale,Sbagliata,
3,3,348,La più piccola unità linguistica dotata di significato,Corretta,1.0
4,3,348,Un'unità fonetica senza significato,Sbagliata,
1,1,349,16,Sbagliata,
2,1,349,10,Sbagliata,
3,1,349,8,Sbagliata,
4,1,349,2,Corretta,1.0
1,2,349,Un sistema in cui si usa la stessa chiave per cifrare e decifrare,Corretta,1.0
2,2,349,La codifica dei messaggi senza chiave,Sbagliata,
3,2,349,La compressione dei dati,Sbagliata,
4,2,349,Un sistema a doppia chiave,Sbagliata,
1,3,349,La somma di due quadrati è sempre un quadrato,Sbagliata,
2,3,349,Ogni numero ha una fattorizzazione unica,Sbagliata,
3,3,349,"Se p è primo e a non è divisibile per p, allora a^(p-1) ≡ 1 (mod p)",Corretta,1.0
4,3,349,Ogni numero pari è somma di due primi,Sbagliata,
1,4,349,Un protocollo di scambio chiavi,Sbagliata,
2,4,349,Una chiave crittografica,Sbagliata,
3,4,349,Un tipo di firma digitale,Sbagliata,
4,4,349,Una funzione che mappa dati di qualsiasi dimensione in un valore di dimensione fissa,Corretta,1.0
1,1,350,Il figlio di Zeus,Sbagliata,
2,1,350,Il titano che donò il fuoco agli uomini,Corretta,1.0
3,1,350,Il guardiano dell'Olimpo,Sbagliata,
4,1,350,Il dio del mare,Sbagliata,
1,2,350,Eracle,Sbagliata,
2,2,350,Achille,Sbagliata,
3,2,350,Perseo,Corretta,1.0
4,2,350,Teseo,Sbagliata,
1,1,351,La Bibbia tradotta in volgare,Sbagliata,
2,1,351,La bolla papale che indisse le Crociate,Sbagliata,
3,1,351,Un documento del 1215 che limitava il potere del re inglese,Corretta,1.0
4,1,351,Il codice di leggi di Carlo Magno,Sbagliata,
1,2,351,Un'epidemia di peste bubbonica che uccise un terzo della popolazione europea nel XIV secolo,Corretta,1.0
2,2,351,Una guerra tra le città medievali,Sbagliata,
3,2,351,Un'invasione dei Vichinghi,Sbagliata,
4,2,351,Una carestia del XII secolo,Sbagliata,
1,1,352,Il festival giapponese dei ciliegi,Sbagliata,
2,1,352,La festa indù della luce,Corretta,1.0
3,1,352,Il capodanno cinese,Sbagliata,
4,1,352,La celebrazione islamica del Ramadan,Sbagliata,
1,2,352,Solo Kanji,Sbagliata,
2,2,352,Solo Romaji,Sbagliata,
3,2,352,"Kanji, Hiragana e Katakana",Corretta,1.0
4,2,352,Solo Hiragana,Sbagliata,
1,3,352,Corea del Sud,Sbagliata,
2,3,352,Vietnam,Sbagliata,
3,3,352,Cina,Sbagliata,
4,3,352,Giappone,Corretta,1.0
1,4,352,La legge morale confuciana,Sbagliata,
2,4,352,Il principio universale che governa l'universo e la natura,Corretta,1.0
3,4,352,La meditazione buddhista,Sbagliata,
4,4,352,Il codice del guerriero giapponese,Sbagliata,
1,1,353,Nikolaj Gogol,Sbagliata,
2,1,353,Fëdor Dostoevskij,Corretta,1.0
3,1,353,Ivan Turgenev,Sbagliata,
4,1,353,Lev Tolstoj,Sbagliata,
1,2,353,Aleksandr Ostrovsky,Sbagliata,
2,2,353,Lev Tolstoj,Sbagliata,
3,2,353,Nikolaj Gogol,Sbagliata,
4,2,353,Anton Cechov,Corretta,1.0
1,3,353,Resurrezione,Sbagliata,
2,3,353,Anna Karenina,Sbagliata,
3,3,353,La morte di Ivan Il'ič,Sbagliata,
4,3,353,Guerra e Pace,Corretta,1.0
1,1,354,La riduzione delle importazioni,Sbagliata,
2,1,354,La politica protezionistica nazionale,Sbagliata,
3,1,354,La nazionalizzazione delle imprese,Sbagliata,
4,1,354,"L'integrazione crescente delle economie mondiali attraverso commercio, investimenti e tecnologia",Corretta,1.0
1,2,354,Limitare le esportazioni,Sbagliata,
2,2,354,Imporre dazi all'importazione,Sbagliata,
3,2,354,Vendere prodotti all'estero a prezzi inferiori al costo di produzione,Corretta,1.0
4,2,354,Svalutare la moneta,Sbagliata,
1,3,354,WTO (World Trade Organization),Corretta,1.0
2,3,354,ONU,Sbagliata,
3,3,354,FMI,Sbagliata,
4,3,354,Banca Mondiale,Sbagliata,
1,1,355,Chiroptera,Corretta,1.0
2,1,355,Primates,Sbagliata,
3,1,355,Carnivora,Sbagliata,
4,1,355,Rodentia,Sbagliata,
1,2,355,La capacità di confondersi con l'ambiente per sfuggire ai predatori,Corretta,1.0
2,2,355,La migrazione stagionale,Sbagliata,
3,2,355,La comunicazione tra animali della stessa specie,Sbagliata,
4,2,355,Il cambiamento di colore del piumaggio,Sbagliata,
1,3,355,Ibernazione,Corretta,1.0
2,3,355,Estivazione,Sbagliata,
3,3,355,Mimetizzazione,Sbagliata,
4,3,355,Migrazione,Sbagliata,
1,4,355,Elefante africano,Sbagliata,
2,4,355,Giraffa,Sbagliata,
3,4,355,Balenottera azzurra,Corretta,1.0
4,4,355,Squalo balena,Sbagliata,
1,1,356,"Piante con semi non protetti da frutto, come le conifere",Corretta,1.0
2,1,356,Piante acquatiche,Sbagliata,
3,1,356,Piante con fiori colorati,Sbagliata,
4,1,356,Funghi e licheni,Sbagliata,
1,2,356,Commensalismo,Sbagliata,
2,2,356,Lichene,Sbagliata,
3,2,356,Parassitismo,Sbagliata,
4,2,356,Micorriza,Corretta,1.0
1,3,356,Respirazione cellulare,Sbagliata,
2,3,356,Fotosintesi,Sbagliata,
3,3,356,Osmosi fogliare,Sbagliata,
4,3,356,Traspirazione e capillarità (flusso xilematico),Corretta,1.0
1,1,357,L'effetto principale del farmaco,Sbagliata,
2,1,357,Un effetto indesiderato che si manifesta a dosi terapeutiche,Corretta,1.0
3,1,357,Una reazione allergica grave,Sbagliata,
4,1,357,Una controindicazione assoluta,Sbagliata,
1,2,357,Un farmaco che accelera il metabolismo,Sbagliata,
2,2,357,Un anticorpo monoclonale,Sbagliata,
3,2,357,Una sostanza che si lega a un recettore e lo attiva,Corretta,1.0
4,2,357,Una sostanza che blocca il recettore,Sbagliata,
1,1,358,La cooperazione militare tra stati,Sbagliata,
2,1,358,Il diritto di intervento umanitario,Sbagliata,
3,1,358,Il divieto per gli stati di intervenire negli affari interni di altri stati,Corretta,1.0
4,1,358,Il rispetto dei diritti umani,Sbagliata,
1,2,358,L'autorità suprema di uno stato sul proprio territorio e popolazione,Corretta,1.0
2,2,358,L'immunità diplomatica,Sbagliata,
3,2,358,Il riconoscimento internazionale di uno stato,Sbagliata,
4,2,358,Il diritto di veto nel Consiglio di Sicurezza ONU,Sbagliata,
1,1,359,Il cannocchiale,Sbagliata,
2,1,359,La bussola magnetica,Sbagliata,
3,1,359,La stampa a caratteri mobili,Corretta,1.0
4,1,359,La carta,Sbagliata,
1,2,359,Richard Arkwright,Sbagliata,
2,2,359,George Stephenson,Sbagliata,
3,2,359,James Watt,Corretta,1.0
4,2,359,Isambard Kingdom Brunel,Sbagliata,
1,3,359,"1984, da Steve Jobs",Sbagliata,
2,3,359,"1975, da Bill Gates",Sbagliata,
3,3,359,"1989-1991, da Tim Berners-Lee al CERN",Corretta,1.0
4,3,359,"1969, con ARPANET",Sbagliata,
1,1,360,"Il componente che genera il movimento (motore, servomotore, cilindro pneumatico)",Corretta,1.0
2,1,360,Il processore centrale,Sbagliata,
3,1,360,Il software di controllo,Sbagliata,
4,1,360,Il sensore di prossimità,Sbagliata,
1,2,360,Una macchina automatizzata programmabile per eseguire compiti in ambiente manifatturiero,Corretta,1.0
2,2,360,Un veicolo autonomo,Sbagliata,
3,2,360,Un robot umanoide,Sbagliata,
4,2,360,Un drone militare,Sbagliata,
1,3,360,La programmazione del percorso,Sbagliata,
2,3,360,La calibrazione dei sensori,Sbagliata,
3,3,360,Il controllo della velocità del robot,Sbagliata,
4,3,360,Il calcolo dei movimenti articolari per raggiungere una posizione finale desiderata,Corretta,1.0
1,4,360,Isaac Asimov,Sbagliata,
2,4,360,Joseph Engelberger,Sbagliata,
3,4,360,Karel Čapek,Corretta,1.0
4,4,360,Norbert Wiener,Sbagliata,
1,5,360,Sensore LiDAR o telecamera depth,Corretta,1.0
2,5,360,Barometro,Sbagliata,
3,5,360,Sensore di temperatura,Sbagliata,
4,5,360,Microfono,Sbagliata,
1,1,361,"Un modello computazionale ispirato al cervello umano, composto da strati di neuroni artificiali",Corretta,1.0
2,1,361,Un sistema esperto basato su regole,Sbagliata,
3,1,361,Un tipo di database,Sbagliata,
4,1,361,Un algoritmo di ricerca,Sbagliata,
1,2,361,Un linguaggio di programmazione,Sbagliata,
2,2,361,Un sistema di regole fisse,Sbagliata,
3,2,361,Un tipo di algoritmo deterministico,Sbagliata,
4,2,361,Un ramo dell'AI in cui i sistemi imparano dai dati senza essere esplicitamente programmati,Corretta,1.0
1,3,361,Una tecnica di ricerca su dati strutturati,Sbagliata,
2,3,361,Un sistema di elaborazione del linguaggio naturale,Sbagliata,
3,3,361,Un metodo di compressione dati,Sbagliata,
4,3,361,Un tipo di machine learning che usa reti neurali con molti strati nascosti,Corretta,1.0
1,1,362,Un metodo di campionamento dei dati,Sbagliata,
2,1,362,Un algoritmo di classificazione,Sbagliata,
3,1,362,Un tipo di funzione di attivazione,Sbagliata,
4,1,362,Un algoritmo di ottimizzazione che minimizza la funzione di perdita aggiornando i parametri nella direzione del gradiente negativo,Corretta,1.0
1,2,362,Il processo di scalare i valori delle feature in un intervallo standard,Corretta,1.0
2,2,362,La selezione delle feature rilevanti,Sbagliata,
3,2,362,L'eliminazione degli outlier,Sbagliata,
4,2,362,La codifica delle variabili categoriche,Sbagliata,
1,3,362,Quando un modello si adatta troppo ai dati di training e non generalizza bene,Corretta,1.0
2,3,362,Quando un modello è troppo semplice,Sbagliata,
3,3,362,Quando l'algoritmo converge troppo lentamente,Sbagliata,
4,3,362,Quando i dati di training sono insufficienti,Sbagliata,
1,1,363,Un test statistico per confrontare le medie di tre o più gruppi,Corretta,1.0
2,1,363,La regressione logistica,Sbagliata,
3,1,363,Un test per due campioni,Sbagliata,
4,1,363,La correlazione tra variabili,Sbagliata,
1,2,363,La differenza tra i quartili,Sbagliata,
2,2,363,La dispersione dei dati attorno alla media,Corretta,1.0
3,2,363,Il valore più probabile,Sbagliata,
4,2,363,Il numero di osservazioni estreme,Sbagliata,
1,3,363,Il valore centrale in un insieme ordinato,Sbagliata,
2,3,363,Il valore più frequente,Sbagliata,
3,3,363,La differenza tra massimo e minimo,Sbagliata,
4,3,363,La somma dei valori divisa per il numero di osservazioni,Corretta,1.0
1,4,363,La distribuzione chi-quadrato,Sbagliata,
2,4,363,Il teorema di Bayes,Sbagliata,
3,4,363,La media di un campione sufficientemente grande tende a essere normalmente distribuita indipendentemente dalla distribuzione della popolazione,Corretta,1.0
4,4,363,La legge dei grandi numeri,Sbagliata,
1,1,364,Il metodo delle frazioni parziali,Sbagliata,
2,1,364,L'integrazione numerica,Sbagliata,
3,1,364,Una tecnica di integrazione basata su ∫u·dv = u·v - ∫v·du,Corretta,1.0
4,1,364,Una tecnica di sostituzione,Sbagliata,
1,2,364,L'integrale della radice di (1 + (f'(x))²) sull'intervallo,Corretta,1.0
2,2,364,Il valore medio della funzione,Sbagliata,
3,2,364,L'area sotto la curva,Sbagliata,
4,2,364,La derivata della curva,Sbagliata,
1,3,364,L'area sottesa dalla curva tra due estremi,Corretta,1.0
2,3,364,Il valore massimo della funzione,Sbagliata,
3,3,364,La pendenza della tangente,Sbagliata,
4,3,364,La derivata della funzione,Sbagliata,
1,4,364,Un integrale con almeno un estremo infinito o la funzione ha una discontinuità nell'intervallo,Corretta,1.0
2,4,364,Un integrale di funzioni vettoriali,Sbagliata,
3,4,364,Un integrale doppio,Sbagliata,
4,4,364,Un integrale che non converge,Sbagliata,
1,1,365,Una funzione lineare,Sbagliata,
2,1,365,Una funzione derivabile,Sbagliata,
3,1,365,Una funzione biiettiva e bicontinua tra due spazi topologici,Corretta,1.0
4,1,365,Una trasformazione che conserva le distanze,Sbagliata,
1,2,365,Uno spazio vettoriale normato,Sbagliata,
2,2,365,Un gruppo topologico,Sbagliata,
3,2,365,Uno spazio a tre dimensioni,Sbagliata,
4,2,365,Uno spazio dotato di una funzione distanza che soddisfa alcune proprietà,Corretta,1.0
1,3,365,Il numero di buchi della superficie,Sbagliata,
2,3,365,La curvatura media,Sbagliata,
3,3,365,La dimensione dello spazio,Sbagliata,
4,3,365,Un invariante topologico V - E + F (vertici meno archi più facce),Corretta,1.0
1,4,365,La struttura degli spazi vettoriali,Sbagliata,
2,4,365,Le trasformazioni delle superfici,Sbagliata,
3,4,365,Le proprietà matematiche delle curve chiuse nello spazio tridimensionale,Corretta,1.0
4,4,365,I grafi planari,Sbagliata,
1,5,365,Uno spazio con distanza finita,Sbagliata,
2,5,365,Uno spazio con numero finito di punti,Sbagliata,
3,5,365,Uno spazio collegato,Sbagliata,
4,5,365,Uno spazio in cui ogni ricoprimento aperto ammette un sottoricoprimento finito,Corretta,1.0
1,1,366,Un gioco senza strategie dominanti,Sbagliata,
2,1,366,Un gioco in cui tutti vincono,Sbagliata,
3,1,366,Un gioco cooperativo,Sbagliata,
4,1,366,Un gioco in cui il guadagno di un giocatore corrisponde esattamente alla perdita dell'altro,Corretta,1.0
1,2,366,John Nash,Sbagliata,
2,2,366,Kenneth Arrow,Sbagliata,
3,2,366,Milton Friedman,Sbagliata,
4,2,366,John von Neumann (con Oskar Morgenstern),Corretta,1.0
1,3,366,Un gioco sequenziale,Sbagliata,
2,3,366,Un gioco in cui la scelta individualmente razionale porta a un esito collettivamente peggiore,Corretta,1.0
3,3,366,Un gioco cooperativo,Sbagliata,
4,3,366,Un gioco a somma zero,Sbagliata,
1,1,367,John Locke,Sbagliata,
2,1,367,Immanuel Kant,Corretta,1.0
3,1,367,Georg Wilhelm Friedrich Hegel,Sbagliata,
4,1,367,René Descartes,Sbagliata,
1,2,367,L'impossibilità di conoscere la realtà,Sbagliata,
2,2,367,"'Cogito ergo sum' - penso quindi esisto, come fondamento certo della conoscenza",Corretta,1.0
3,2,367,L'identità tra essere e pensiero,Sbagliata,
4,2,367,La priorità della materia sul pensiero,Sbagliata,
1,3,367,Una corrente che enfatizza la materia,Sbagliata,
2,3,367,Una corrente empirista,Sbagliata,
3,3,367,Una filosofia politica conservatrice,Sbagliata,
4,3,367,"Un movimento filosofico che pone la mente o lo spirito come fondamento della realtà (Kant, Fichte, Hegel)",Corretta,1.0
1,1,368,Le scoperte rivoluzionarie,Sbagliata,
2,1,368,Quadri concettuali condivisi da una comunità scientifica che guidano la ricerca,Corretta,1.0
3,1,368,Le teorie falsificate,Sbagliata,
4,1,368,I metodi sperimentali,Sbagliata,
1,2,368,Il problema della demarcazione scientifica,Sbagliata,
2,2,368,Il paradosso dell'induzione,Sbagliata,
3,2,368,L'argomento dello scetticismo,Sbagliata,
4,2,368,Una critica alla definizione di conoscenza come credenza vera e giustificata,Corretta,1.0
1,3,368,L'idealismo filosofico,Sbagliata,
2,3,368,La posizione che il mondo esterno esiste indipendentemente dal pensiero,Corretta,1.0
3,3,368,Il relativismo cognitivo,Sbagliata,
4,3,368,Lo strumentalismo scientifico,Sbagliata,
1,4,368,Thomas Kuhn,Sbagliata,
2,4,368,Karl Popper,Corretta,1.0
3,4,368,Paul Feyerabend,Sbagliata,
4,4,368,Imre Lakatos,Sbagliata,
1,1,369,Il deontologismo kantiano,Sbagliata,
2,1,369,Un approccio etico che enfatizza il carattere virtuoso dell'agente più che le regole o le conseguenze,Corretta,1.0
3,1,369,Il contrattualismo di Rawls,Sbagliata,
4,1,369,L'etica consequenzialista,Sbagliata,
1,2,369,Il principio utilitarista,Sbagliata,
2,2,369,La distribuzione uguale di tutte le risorse,Sbagliata,
3,2,369,Le disuguaglianze sono accettabili solo se avvantaggiano i membri meno favoriti della società,Corretta,1.0
4,2,369,Il diritto naturale della proprietà privata,Sbagliata,
1,3,369,John Stuart Mill,Sbagliata,
2,3,369,Aristotele,Sbagliata,
3,3,369,Jeremy Bentham,Sbagliata,
4,3,369,Immanuel Kant,Corretta,1.0
1,1,370,Il Mahabharata induista,Sbagliata,
2,1,370,Il Talmud ebraico,Sbagliata,
3,1,370,La Bibbia cristiana,Sbagliata,
4,1,370,"Il libro sacro dell'Islam, rivelato al profeta Maometto",Corretta,1.0
1,2,370,La credenza in forze naturali divine,Sbagliata,
2,2,370,La credenza nell'assenza di dei,Sbagliata,
3,2,370,La credenza in più dei,Sbagliata,
4,2,370,La credenza in un solo Dio,Corretta,1.0
1,3,370,La Torah (i cinque libri di Mosè),Corretta,1.0
2,3,370,Il Corano,Sbagliata,
3,3,370,Il Vangelo,Sbagliata,
4,3,370,I Veda,Sbagliata,
1,4,370,Due,Sbagliata,
2,4,370,Quattro,Sbagliata,
3,4,370,"Tre: Ebraismo, Cristianesimo, Islam",Corretta,1.0
4,4,370,Cinque,Sbagliata,
1,1,371,Uno stile con capitelli semplici e squadrati,Sbagliata,
2,1,371,Uno stile romano tardivo,Sbagliata,
3,1,371,Uno stile caratterizzato da capitelli decorati con foglie di acanto,Corretta,1.0
4,1,371,Uno stile con scanalature verticali senza ornamenti,Sbagliata,
1,2,371,Ercolano,Sbagliata,
2,2,371,Pompei,Corretta,1.0
3,2,371,Oplontis,Sbagliata,
4,2,371,Stabiae,Sbagliata,
1,3,371,Una tecnica romana di età imperiale,Sbagliata,
2,3,371,Una tecnica ceramica greca del VI-V sec. a.C. con figure in rosso su fondo nero,Corretta,1.0
3,3,371,Una ceramica orientale,Sbagliata,
4,3,371,Un tipo di terracotta etrusca,Sbagliata,
1,1,372,La zecca delle monete,Sbagliata,
2,1,372,L'economia monetaria medievale,Sbagliata,
3,1,372,La storia della banca,Sbagliata,
4,1,372,"La disciplina che studia monete, medaglie e banconote",Corretta,1.0
1,2,372,Il bordo della moneta,Sbagliata,
2,2,372,Il valore nominale,Sbagliata,
3,2,372,Il rovescio della moneta,Sbagliata,
4,2,372,"La faccia principale della moneta, di solito con il ritratto",Corretta,1.0
1,3,372,Il franco francese,Sbagliata,
2,3,372,Il ducato veneziano,Sbagliata,
3,3,372,Il fiorino di Firenze (1252),Corretta,1.0
4,3,372,Il genovino,Sbagliata,
1,4,372,Una moneta commemorativa,Sbagliata,
2,4,372,Una moneta rara da collezione,Sbagliata,
3,4,372,Una moneta straniera,Sbagliata,
4,4,372,Una moneta offerta in voto in luoghi sacri,Corretta,1.0
1,5,372,Adulterazione,Corretta,1.0
2,5,372,Clippatura,Sbagliata,
3,5,372,Contraffazione,Sbagliata,
4,5,372,Tosatura,Sbagliata,
1,1,373,Lingua d'oïl,Corretta,1.0
2,1,373,Occitano,Sbagliata,
3,1,373,Lingua d'oc,Sbagliata,
4,1,373,Franco-normanno,Sbagliata,
1,2,373,Narratori di epica,Sbagliata,
2,2,373,Poeti-musicisti del sud della Francia che componevano in lingua d'oc,Corretta,1.0
3,2,373,Filosofi scolastici,Sbagliata,
4,2,373,Monaci copisti,Sbagliata,
1,3,373,Un filosofo scolastico,Sbagliata,
2,3,373,Un cronista medievale,Sbagliata,
3,3,373,Un trovatore provenzale,Sbagliata,
4,3,373,Un romanziere francese del XII secolo autore dei romanzi arturiani,Corretta,1.0
1,1,374,Settimio Severo,Sbagliata,
2,1,374,Adriano,Corretta,1.0
3,1,374,Marco Aurelio,Sbagliata,
4,1,374,Traiano,Sbagliata,
1,1,375,Un'offensiva austro-ungarica contro l'Italia sull'Altopiano di Asiago,Corretta,1.0
2,1,375,Un'offensiva tedesca in Francia,Sbagliata,
3,1,375,Un attacco navale britannico,Sbagliata,
4,1,375,Una battaglia sulle Alpi svizzere,Sbagliata,
1,2,375,1916,Sbagliata,
2,2,375,1914,Corretta,1.0
3,2,375,1918,Sbagliata,
4,2,375,1912,Sbagliata,
1,3,375,Patto di Londra,Sbagliata,
2,3,375,Trattato di Brest-Litovsk,Sbagliata,
3,3,375,Armistizio di Compiègne,Sbagliata,
4,3,375,Trattato di Versailles (1919),Corretta,1.0
1,4,375,La Cina,Sbagliata,
2,4,375,Il Giappone,Sbagliata,
3,4,375,Gli Stati Uniti d'America,Corretta,1.0
4,4,375,Il Messico,Sbagliata,
1,5,375,Una delle battaglie più sanguinose della storia con oltre un milione di vittime,Corretta,1.0
2,5,375,Una battaglia navale nel Mar del Nord,Sbagliata,
3,5,375,Una vittoria decisiva dell'Intesa,Sbagliata,
4,5,375,La battaglia che decise le sorti della guerra,Sbagliata,
1,1,376,"Italia, Giappone e Spagna",Sbagliata,
2,1,376,"Germania, Austria e Ungheria",Sbagliata,
3,1,376,"Germania, Turchia e Ungheria",Sbagliata,
4,1,376,"Germania, Italia e Giappone",Corretta,1.0
1,2,376,Un accordo di pace,Sbagliata,
2,2,376,Una battaglia della WWII,Sbagliata,
3,2,376,Un campo di prigionia,Sbagliata,
4,2,376,Il genocidio sistematico degli ebrei e altre minoranze operato dai nazisti durante la WWII,Corretta,1.0
1,3,376,Il movimento partigiano che combatté contro l'occupazione nazifascista durante la WWII,Corretta,1.0
2,3,376,Un accordo diplomatico,Sbagliata,
3,3,376,L'esercito regolare italiano,Sbagliata,
4,3,376,La Marina Militare italiana,Sbagliata,
1,1,377,Uno stato che non riesce a esercitare autorità e fornire servizi di base ai propri cittadini,Corretta,1.0
2,1,377,Uno stato governato da una giunta militare,Sbagliata,
3,1,377,Uno stato colonizzato,Sbagliata,
4,1,377,Uno stato in bancarotta,Sbagliata,
1,2,377,Un forum internazionale delle venti principali economie mondiali,Corretta,1.0
2,2,377,Un'alleanza militare,Sbagliata,
3,2,377,Un gruppo di paesi in via di sviluppo,Sbagliata,
4,2,377,L'organizzazione dei paesi produttori di petrolio,Sbagliata,
1,3,377,La potenza economica,Sbagliata,
2,3,377,Il potere militare convenzionale,Sbagliata,
3,3,377,"La capacità di influenzare altri paesi tramite cultura, valori e diplomazia anziché forza militare",Corretta,1.0
4,3,377,La diplomazia segreta,Sbagliata,
1,1,378,Il principio di non ingerenza,Sbagliata,
2,1,378,Il principio che legittima l'intervento della comunità internazionale quando uno stato non protegge i propri cittadini da crimini di massa,Corretta,1.0
3,1,378,Il diritto di autodifesa,Sbagliata,
4,1,378,L'immunità diplomatica,Sbagliata,
1,2,378,La parità nei diritti internazionali,Sbagliata,
2,2,378,La distribuzione equa delle risorse naturali,Sbagliata,
3,2,378,L'uguaglianza economica tra nazioni,Sbagliata,
4,2,378,L'equilibrio delle potenze che impedisce a un singolo stato di dominare il sistema internazionale,Corretta,1.0
1,3,378,"L'intensificazione delle interdipendenze economiche, culturali e politiche tra paesi",Corretta,1.0
2,3,378,L'imperialismo occidentale,Sbagliata,
3,3,378,La formazione di blocchi regionali,Sbagliata,
4,3,378,La diffusione della democrazia,Sbagliata,
1,1,379,Kublai Khan,Sbagliata,
2,1,379,Liu Bang,Sbagliata,
3,1,379,Zhu Yuanzhang,Sbagliata,
4,1,379,Qin Shi Huang (Primo Imperatore della Cina),Corretta,1.0
1,2,379,La Guerra di Corea (1950-1953),Corretta,1.0
2,2,379,La Guerra Sino-Giapponese,Sbagliata,
3,2,379,La Guerra del Pacifico,Sbagliata,
4,2,379,La Guerra del Vietnam,Sbagliata,
1,1,380,Johannesburg (Sudafrica),Sbagliata,
2,1,380,Il Cairo (Egitto),Sbagliata,
3,1,380,Kinshasa (Congo),Sbagliata,
4,1,380,Lagos (Nigeria),Corretta,1.0
1,2,380,Kwame Nkrumah,Sbagliata,
2,2,380,Nelson Mandela,Sbagliata,
3,2,380,Sam Nujoma,Corretta,1.0
4,2,380,Julius Nyerere,Sbagliata,
1,1,381,Un tipo di opera lirica,Sbagliata,
2,1,381,Un genere classico,Sbagliata,
3,1,381,Un genere musicale afroamericano con struttura a 12 battute e valore espressivo delle blue notes,Corretta,1.0
4,1,381,Un tipo di danza,Sbagliata,
1,2,381,Chicago,Sbagliata,
2,2,381,New Orleans,Corretta,1.0
3,2,381,Kansas City,Sbagliata,
4,2,381,New York,Sbagliata,
1,1,382,Baritono,Sbagliata,
2,1,382,Controtenore,Sbagliata,
3,1,382,Tenore,Corretta,1.0
4,1,382,Basso,Sbagliata,
1,2,382,Gaetano Donizetti,Sbagliata,
2,2,382,Giacomo Puccini,Sbagliata,
3,2,382,Giuseppe Verdi,Corretta,1.0
4,2,382,Gioachino Rossini,Sbagliata,
1,3,382,La Bohème,Corretta,1.0
2,3,382,Tosca,Sbagliata,
3,3,382,Madama Butterfly,Sbagliata,
4,3,382,Turandot,Sbagliata,
1,4,382,Il preludio orchestrale,Sbagliata,
2,4,382,Il duetto tra due personaggi,Sbagliata,
3,4,382,Un brano solistico in cui un personaggio esprime i propri sentimenti,Corretta,1.0
4,4,382,Il finale corale,Sbagliata,
1,1,383,Elton John,Sbagliata,
2,1,383,Freddie Mercury (Queen),Corretta,1.0
3,1,383,David Bowie,Sbagliata,
4,1,383,Led Zeppelin,Sbagliata,
1,1,384,La moglie di Monet,Sbagliata,
2,1,384,Una critica d'arte,Sbagliata,
3,1,384,Una delle poche donne pittrice del movimento impressionista francese,Corretta,1.0
4,1,384,Una gallerista parigina,Sbagliata,
1,1,385,La fusione a cera persa,Sbagliata,
2,1,385,La lavorazione a più mani,Sbagliata,
3,1,385,La pratica di dipingere le sculture con colori vivaci,Corretta,1.0
4,1,385,L'uso di diversi materiali,Sbagliata,
1,2,385,Il tardo antico,Sbagliata,
2,2,385,Il ritratto verista romano,Corretta,1.0
3,2,385,Lo stile ellenistico,Sbagliata,
4,2,385,Il classicismo augusteo,Sbagliata,
1,1,386,L'integrazione con la natura,Sbagliata,
2,1,386,"'La casa è una macchina per abitare', con tetto giardino, pilotis, pianta libera e facciata libera",Corretta,1.0
3,1,386,L'ornamento è crimine,Sbagliata,
4,1,386,La decorazione storicista,Sbagliata,
1,2,386,Frank Gehry,Corretta,1.0
2,2,386,Zaha Hadid,Sbagliata,
3,2,386,Renzo Piano,Sbagliata,
4,2,386,Norman Foster,Sbagliata,
1,3,386,Il barocco internazionale,Sbagliata,
2,3,386,Un movimento del XX secolo che rifiuta lo storicismo e abbraccia funzionalismo e nuovi materiali,Corretta,1.0
3,3,386,L'architettura gotica,Sbagliata,
4,3,386,Lo stile neoclassico del XIX secolo,Sbagliata,
1,4,386,Walter Gropius,Sbagliata,
2,4,386,Le Corbusier,Sbagliata,
3,4,386,Mies van der Rohe,Sbagliata,
4,4,386,Frank Lloyd Wright,Corretta,1.0
1,1,387,Il design industriale massivo,Sbagliata,
2,1,387,La progettazione di prodotti che minimizzano l'impatto ambientale lungo tutto il ciclo di vita,Corretta,1.0
3,1,387,Il design effimero,Sbagliata,
4,1,387,Il design di lusso,Sbagliata,
1,2,387,Un designer tedesco di Braun noto per i suoi principi del buon design,Corretta,1.0
2,2,387,Il fondatore di Apple,Sbagliata,
3,2,387,Il progettista della Vespa,Sbagliata,
4,2,387,Il direttore artistico Fiat,Sbagliata,
1,3,387,La pratica di progettare prodotti con una durata limitata per stimolare nuovi acquisti,Corretta,1.0
2,3,387,Un metodo di produzione efficiente,Sbagliata,
3,3,387,Una tecnica di riciclaggio,Sbagliata,
4,3,387,Un tipo di garanzia del prodotto,Sbagliata,
1,1,388,L'elemento che mette a fuoco l'immagine,Sbagliata,
2,1,388,Il meccanismo che regola la quantità di luce che entra nell'obiettivo,Corretta,1.0
3,1,388,Il sensore fotografico,Sbagliata,
4,1,388,Il meccanismo dell'otturatore,Sbagliata,
1,2,388,La velocità dell'otturatore,Sbagliata,
2,2,388,Il bilanciamento del bianco,Sbagliata,
3,2,388,La sensibilità ISO,Sbagliata,
4,2,388,La zona di distanza in cui i soggetti appaiono nitidi nell'immagine,Corretta,1.0
1,3,388,Un pittore impressionista,Sbagliata,
2,3,388,Il fondatore della National Geographic,Sbagliata,
3,3,388,Un fotografo francese fondatore della fotografia di strada e del 'momento decisivo',Corretta,1.0
4,3,388,Il creatore della Leica,Sbagliata,
1,4,388,Una linea guida che divide l'immagine in nove parti uguali e posiziona i soggetti sui punti di intersezione,Corretta,1.0
2,4,388,Una regola sulla velocità dell'otturatore,Sbagliata,
3,4,388,Una tecnica di illuminazione,Sbagliata,
4,4,388,Il rapporto ideale tra larghezza e altezza,Sbagliata,
1,1,389,I fondatori di Hollywood,Sbagliata,
2,1,389,I creatori dei film sonori,Sbagliata,
3,1,389,Gli inventori del cinematografo (1895) e considerati i padri del cinema,Corretta,1.0
4,1,389,I pionieri del cinema a colori,Sbagliata,
1,2,389,Un regista britannico maestro del thriller e del suspense,Corretta,1.0
2,2,389,Il padre del cinema d'animazione,Sbagliata,
3,2,389,Un regista della Nouvelle Vague,Sbagliata,
4,2,389,Il fondatore del neorealismo,Sbagliata,
1,3,389,Il Cantante di Jazz (1927),Corretta,1.0
2,3,389,Metropolis (1927),Sbagliata,
3,3,389,Nascita di una Nazione (1915),Sbagliata,
4,3,389,Il Grande Dittatore (1940),Sbagliata,
1,4,389,John Ford,Sbagliata,
2,4,389,Billy Wilder,Sbagliata,
3,4,389,Alfred Hitchcock,Sbagliata,
4,4,389,Orson Welles,Corretta,1.0
1,1,390,José Revueltas,Sbagliata,
2,1,390,Juan Rulfo,Corretta,1.0
3,1,390,Carlos Fuentes,Sbagliata,
4,1,390,Octavio Paz,Sbagliata,
1,2,390,Il teatro dell'assurdo,Sbagliata,
2,2,390,"La poesia lirica e d'amore, come 'Venti poesie d'amore e una canzone disperata'",Corretta,1.0
3,2,390,La prosa poematica,Sbagliata,
4,2,390,Il romanzo politico,Sbagliata,
1,1,391,Eugenio Montale,Corretta,1.0
2,1,391,Sandro Penna,Sbagliata,
3,1,391,Giuseppe Ungaretti,Sbagliata,
4,1,391,Salvatore Quasimodo,Sbagliata,
1,2,391,Dylan Thomas,Sbagliata,
2,2,391,T.S. Eliot,Corretta,1.0
3,2,391,W.B. Yeats,Sbagliata,
4,2,391,W.H. Auden,Sbagliata,
1,3,391,Il neoromanticismo europeo,Sbagliata,
2,3,391,Il modernismo inglese,Sbagliata,
3,3,391,Un movimento culturale americano degli anni '50 che incluse Allen Ginsberg e Jack Kerouac,Corretta,1.0
4,3,391,Il simbolismo francese,Sbagliata,
1,1,392,Virginia Woolf,Sbagliata,
2,1,392,James Joyce,Corretta,1.0
3,1,392,William Faulkner,Sbagliata,
4,1,392,Marcel Proust,Sbagliata,
1,2,392,Il racconto multiplo,Sbagliata,
2,2,392,Il racconto in terza persona onnisciente,Sbagliata,
3,2,392,Il monologo drammatico,Sbagliata,
4,2,392,Una tecnica che riproduce il flusso ininterrotto dei pensieri di un personaggio,Corretta,1.0
1,3,392,Il naturalismo di fine '800,Sbagliata,
2,3,392,Il romanticismo,Sbagliata,
3,3,392,Il postmodernismo,Sbagliata,
4,3,392,Un movimento letterario del primo '900 che sperimentò nuove forme narrative rompendo con la tradizione realista,Corretta,1.0
1,1,393,Leonardo Sciascia,Sbagliata,
2,1,393,Pier Paolo Pasolini,Sbagliata,
3,1,393,Italo Calvino,Sbagliata,
4,1,393,Umberto Eco,Corretta,1.0
1,2,393,Un tipo di serial televisivo,Sbagliata,
2,2,393,Un romanzo scritto con intelligenza artificiale,Sbagliata,
3,2,393,Un romanzo progettato specificamente per la lettura digitale con elementi interattivi,Corretta,1.0
4,2,393,Un ebook identico alla versione cartacea,Sbagliata,
1,3,393,Un romanziere europeo,Sbagliata,
2,3,393,Uno scrittore giapponese noto per romanzi che mischiano realtà quotidiana e surreale,Corretta,1.0
3,3,393,Un autore americano di thriller,Sbagliata,
4,3,393,Un narratore sudamericano di realismo magico,Sbagliata,
1,1,394,"Il graphic novel è tipicamente una storia completa e lunga, pubblicata come volume singolo",Corretta,1.0
2,1,394,Il graphic novel è in bianco e nero,Sbagliata,
3,1,394,Non c'è differenza,Sbagliata,
4,1,394,Il fumetto ha più pagine,Sbagliata,
1,2,394,L'autore di 'Dylan Dog',Sbagliata,
2,2,394,Un fumettista americano noto per 'Jimmy Corrigan' e 'Building Stories' dall'architettura grafica complessa,Corretta,1.0
3,2,394,Il padre del fumetto europeo,Sbagliata,
4,2,394,Il creatore di Corto Maltese,Sbagliata,
1,3,394,Il disegnatore di Batman,Sbagliata,
2,3,394,Il fondatore dei fumetti Marvel,Sbagliata,
3,3,394,"L'autore di 'Maus', il primo graphic novel a vincere il Premio Pulitzer",Corretta,1.0
4,3,394,Il creatore di Superman,Sbagliata,
1,4,394,Alan Moore (testi) e Dave Gibbons (disegni),Corretta,1.0
2,4,394,Neil Gaiman,Sbagliata,
3,4,394,Grant Morrison,Sbagliata,
4,4,394,Frank Miller,Sbagliata,
1,1,395,Hugo Pratt,Corretta,1.0
2,1,395,Sergio Bonelli,Sbagliata,
3,1,395,Guido Crepax,Sbagliata,
4,1,395,Magnus,Sbagliata,
1,1,396,La schermata finale del gioco,Sbagliata,
2,1,396,Un obiettivo opzionale che premia il giocatore per aver compiuto azioni specifiche,Corretta,1.0
3,1,396,Il punteggio massimo,Sbagliata,
4,1,396,Il contenuto scaricabile,Sbagliata,
1,2,396,Wii Sports,Sbagliata,
2,2,396,Tetris,Sbagliata,
3,2,396,Minecraft,Corretta,1.0
4,2,396,Grand Theft Auto V,Sbagliata,
1,3,396,"Il personaggio mascotte di Nintendo, idraulico italiano protagonista di numerosi giochi",Corretta,1.0
2,3,396,Un personaggio della Marvel,Sbagliata,
3,3,396,Il protagonista di Halo,Sbagliata,
4,3,396,Un personaggio Sony,Sbagliata,
1,4,396,Un tipo di dipendenza da social media,Sbagliata,
2,4,396,Una malattia genetica,Sbagliata,
3,4,396,Un disturbo del comportamento caratterizzato da uso problematico e compulsivo dei videogiochi,Corretta,1.0
4,4,396,Un disturbo visivo,Sbagliata,
1,1,397,Francia,Corretta,1.0
2,1,397,Spagna,Sbagliata,
3,1,397,Italia,Sbagliata,
4,1,397,Giappone,Sbagliata,
1,2,397,La cucina tradizionale regionale italiana,Sbagliata,
2,2,397,La cucina molecolare,Sbagliata,
3,2,397,La cucina fusion contemporanea,Sbagliata,
4,2,397,"Un movimento gastronomico francese degli anni '70 che privilegia leggerezza, freschezza e presentazione estetica",Corretta,1.0
1,3,397,Una spezia asiatica,Sbagliata,
2,3,397,"Il quinto gusto di base, percepito come saporito e ricco (presente in carne, formaggi stagionati, funghi)",Corretta,1.0
3,3,397,Un tipo di cucina giapponese,Sbagliata,
4,3,397,Un metodo di cottura,Sbagliata,
1,4,397,Una tecnica di cottura in cui gli alimenti vengono cotti sottovuoto in acqua a temperatura controllata,Corretta,1.0
2,4,397,Una tecnica di fermentazione,Sbagliata,
3,4,397,Un metodo di affumicatura,Sbagliata,
4,4,397,Un tipo di frittura,Sbagliata,
1,1,398,Toscana,Sbagliata,
2,1,398,Sicilia,Sbagliata,
3,1,398,Piemonte (Langhe),Corretta,1.0
4,1,398,Veneto,Sbagliata,
1,2,398,"La massima certificazione italiana di qualità per i vini, con produzione e caratteristiche regolamentate",Corretta,1.0
2,2,398,Un semplice vino da tavola,Sbagliata,
3,2,398,Un vino straniero importato,Sbagliata,
4,2,398,Una certificazione biologica,Sbagliata,
1,1,399,"Un vino rosso veronese ottenuto da uve appassite, potente e concentrato",Corretta,1.0
2,1,399,Un vino spumante metodo classico,Sbagliata,
3,1,399,Un vino bianco frizzante,Sbagliata,
4,1,399,Un vino liquoroso siciliano,Sbagliata,
1,2,399,Brunello di Montalcino DOCG,Corretta,1.0
2,2,399,Chianti Classico,Sbagliata,
3,2,399,Morellino di Scansano,Sbagliata,
4,2,399,Vino Nobile di Montepulciano,Sbagliata,
1,3,399,Barbera,Sbagliata,
2,3,399,Sangiovese,Sbagliata,
3,3,399,Dolcetto,Sbagliata,
4,3,399,Nebbiolo,Corretta,1.0
1,4,399,Un rosato sardo,Sbagliata,
2,4,399,Un vino campano,Sbagliata,
3,4,399,Un bianco siciliano,Sbagliata,
4,4,399,"Un vino rosso pugliese ottenuto dall'uva Primitivo, ricco e potente",Corretta,1.0
1,1,400,Un sistema di pulizia della macchina,Sbagliata,
2,1,400,La tecnica di versare il latte montato sull'espresso creando disegni decorativi,Corretta,1.0
3,1,400,Un tipo di caffè colorato,Sbagliata,
4,1,400,L'arte di decorare la tazzina,Sbagliata,
1,2,400,Un caffè decaffeinato,Sbagliata,
2,2,400,Un caffè aromatizzato,Sbagliata,
3,2,400,Un caffè industriale,Sbagliata,
4,2,400,"Un caffè di alta qualità con punteggio superiore a 80/100 secondo gli standard SCA, tracciabile e coltivato con cura",Corretta,1.0
1,1,401,Il corpo del vino,Sbagliata,
2,1,401,Il colore del vino,Sbagliata,
3,1,401,"I profumi complessi che si sviluppano con l'invecchiamento, distinti dagli aromi primari dell'uva",Corretta,1.0
4,1,401,La struttura tannica,Sbagliata,
1,2,401,Il sapore del vino,Sbagliata,
2,2,401,"Colore, limpidezza e consistenza (lacrime/archetti) del vino nel bicchiere",Corretta,1.0
3,2,401,La temperatura di servizio,Sbagliata,
4,2,401,L'aroma del vino,Sbagliata,
1,1,402,Quattro,Sbagliata,
2,1,402,Due: sci di fondo e tiro a segno,Corretta,1.0
3,1,402,Solo una: lo sci di fondo,Sbagliata,
4,1,402,"Tre: sci alpino, fondo e biathlon",Sbagliata,
1,2,402,Austria,Corretta,1.0
2,2,402,Italia,Sbagliata,
3,2,402,Svizzera,Sbagliata,
4,2,402,Francia,Sbagliata,
1,1,403,Canoa slalom (kayak/canoa),Corretta,1.0
2,1,403,Kayak da mare,Sbagliata,
3,1,403,Rafting olimpico,Sbagliata,
4,1,403,Canoa velocità,Sbagliata,
1,1,404,Una prova combinata,Sbagliata,
2,1,404,Un tipo di salto,Sbagliata,
3,1,404,Una corsa lenta,Sbagliata,
4,1,404,Una disciplina in cui almeno un piede deve essere sempre a contatto con il suolo,Corretta,1.0
1,2,404,Salto in alto e salto con l'asta,Corretta,1.0
2,2,404,Solo il salto con l'asta,Sbagliata,
3,2,404,Il salto in lungo,Sbagliata,
4,2,404,Solo il salto in alto,Sbagliata,
1,3,404,Una competizione di lotta,Sbagliata,
2,3,404,Dieci gare di nuoto,Sbagliata,
3,3,404,Una combinazione di 10 discipline di atletica leggera praticata dagli uomini su due giorni,Corretta,1.0
4,3,404,Una gara di corsa campestre,Sbagliata,
1,1,405,1938 (Francia),Sbagliata,
2,1,405,2006 (Germania),Corretta,1.0
3,1,405,1934 (Italia),Sbagliata,
4,1,405,1982 (Spagna),Sbagliata,
1,2,405,Argentina,Sbagliata,
2,2,405,Italia,Sbagliata,
3,2,405,Germania,Sbagliata,
4,2,405,Brasile (5 titoli),Corretta,1.0
1,3,405,1934 (Italia),Sbagliata,
2,3,405,1926 (non si tenne),Sbagliata,
3,3,405,1930 (Uruguay),Corretta,1.0
4,3,405,1920 (Belgio),Sbagliata,
1,4,405,Un fallo di mano,Sbagliata,
2,4,405,Una punizione diretta,Sbagliata,
3,4,405,Una posizione irregolare in cui un attaccante si trova con meno di due avversari tra sé e la porta nel momento del passaggio,Corretta,1.0
4,4,405,Un calcio d'angolo,Sbagliata,
1,1,406,5,Corretta,1.0
2,1,406,7,Sbagliata,
3,1,406,6,Sbagliata,
4,1,406,4,Sbagliata,
1,2,406,Il fondatore della NBA,Sbagliata,
2,2,406,Il primogiocatore europeo in NBA,Sbagliata,
3,2,406,Un allenatore dei Lakers,Sbagliata,
4,2,406,"Il leggendario cestista americano dei Chicago Bulls, considerato il più forte di tutti i tempi",Corretta,1.0
1,1,407,Il quinto set a Wimbledon,Sbagliata,
2,1,407,Un punto aggiuntivo,Sbagliata,
3,1,407,Un gioco supplementare per risolvere la parità a 6-6 in un set,Corretta,1.0
4,1,407,Un turno di servizio,Sbagliata,
1,2,407,Un colpo di rovescio vincente,Sbagliata,
2,2,407,Un servizio non toccato dall'avversario che vale punto diretto,Corretta,1.0
3,2,407,Un punto vincente al volo,Sbagliata,
4,2,407,Un servizio sbagliato,Sbagliata,
1,3,407,Steffi Graf,Sbagliata,
2,3,407,Serena Williams (23),Corretta,1.0
3,3,407,Martina Navratilova,Sbagliata,
4,3,407,Margaret Court,Sbagliata,
1,4,407,Cinque set sempre,Sbagliata,
2,4,407,Al meglio dei tre set,Sbagliata,
3,4,407,Si giocano al meglio dei cinque set (chi ne vince 3 vince il match),Corretta,1.0
4,4,407,Solo tre set,Sbagliata,
1,1,408,"La posizione di partenza privilegiata (prima fila, lato interno) ottenuta dal pilota più veloce in qualifica",Corretta,1.0
2,1,408,La prima curva,Sbagliata,
3,1,408,La seconda posizione in griglia,Sbagliata,
4,1,408,Il posto del campione in carica,Sbagliata,
1,2,408,La sosta ai box per il cambio gomme e rifornimento (non più in gara dal 2010),Corretta,1.0
2,2,408,Un ritiro dalla gara,Sbagliata,
3,2,408,Un sorpasso in pista,Sbagliata,
4,2,408,La partenza dalla pole position,Sbagliata,
1,3,408,Alain Prost,Sbagliata,
2,3,408,Ayrton Senna,Sbagliata,
3,3,408,Sebastian Vettel,Sbagliata,
4,3,408,Lewis Hamilton e Michael Schumacher (7 titoli a testa),Corretta,1.0
1,4,408,Il circuito cittadino di Monte-Carlo,Corretta,1.0
2,4,408,Silverstone,Sbagliata,
3,4,408,Spa-Francorchamps,Sbagliata,
4,4,408,Monza,Sbagliata,
1,5,408,Autodromo Nazionale di Monza,Corretta,1.0
2,5,408,Misano,Sbagliata,
3,5,408,Mugello,Sbagliata,
4,5,408,Imola,Sbagliata,
1,1,409,La classe per piloti under 21,Sbagliata,
2,1,409,La categoria per moto di serie,Sbagliata,
3,1,409,La categoria con moto da 600cc,Sbagliata,
4,1,409,La categoria massima del motociclismo mondiale con moto prototipo fino a 1000cc,Corretta,1.0
1,2,409,Valentino Rossi (7 nella classe massima),Corretta,1.0
2,2,409,Giacomo Agostini,Sbagliata,
3,2,409,Mick Doohan,Sbagliata,
4,2,409,Marc Marquez,Sbagliata,
1,3,409,Una retrocessione in griglia,Sbagliata,
2,3,409,Un tempo di penalità ai box,Sbagliata,
3,3,409,Una bandiera di penalizzazione,Sbagliata,
4,3,409,Una penalità in gara in cui il pilota deve percorrere un tracciato aggiuntivo rallentando,Corretta,1.0
1,1,410,Il gruppo principale di ciclisti che pedalano insieme sfruttando la scia per ridurre la resistenza,Corretta,1.0
2,1,410,Il gruppo dei capitani di squadra,Sbagliata,
3,1,410,I corridori in fuga,Sbagliata,
4,1,410,L'ammiraglia della squadra,Sbagliata,
1,1,411,Un tipo di attacco al re,Sbagliata,
2,1,411,Una mossa speciale in cui il re si sposta di due caselle verso una torre e la torre salta dall'altro lato del re,Corretta,1.0
3,1,411,Un'apertura di gioco,Sbagliata,
4,1,411,Una mossa del cavallo,Sbagliata,
1,2,411,64 (8x8),Corretta,1.0
2,2,411,100,Sbagliata,
3,2,411,36,Sbagliata,
4,2,411,81,Sbagliata,
1,3,411,Un sistema di valutazione dei giocatori,Sbagliata,
2,3,411,Un torneo annuale,Sbagliata,
3,3,411,La Federazione Internazionale degli Scacchi che organizza campionati mondiali e assegna i titoli,Corretta,1.0
4,3,411,Un tipo di apertura degli scacchi,Sbagliata,
1,1,412,Un gioco con jolly,Sbagliata,
2,1,412,"Un gioco di carte italiano per 4 giocatori in 2 coppie, senza atout fisso",Corretta,1.0
3,1,412,Una variante del poker,Sbagliata,
4,1,412,Una variante della briscola,Sbagliata,
1,2,412,Poker,Sbagliata,
2,2,412,Canasta,Sbagliata,
3,2,412,Blackjack (o ventuno),Corretta,1.0
4,2,412,Baccarat,Sbagliata,
1,3,412,Un gioco di carte italiano in cui si stabilisce un seme atout (briscola) e si fanno prese con carta vincente,Corretta,1.0
2,3,412,Un gioco di carte francese,Sbagliata,
3,3,412,Un tipo di poker,Sbagliata,
4,3,412,Un gioco con dadi,Sbagliata,
1,1,413,Una variante con 5 carte coperte,Sbagliata,
2,1,413,Un torneo di poker,Sbagliata,
3,1,413,"La variante di poker più popolare al mondo, in cui ogni giocatore riceve 2 carte coperte e condivide 5 carte comuni",Corretta,1.0
4,1,413,Il poker a 5 carte,Sbagliata,
1,2,413,Il primo rilancio in una mano,Sbagliata,
2,2,413,Una mano con 5 carte dello stesso seme,Sbagliata,
3,2,413,Puntare tutte le proprie fiches in una sola mossa,Corretta,1.0
4,2,413,Il termine della partita,Sbagliata,
1,3,413,Un tipo di scommessa,Sbagliata,
2,3,413,Una tecnica di bluff,Sbagliata,
3,3,413,Un termine per il mazzo,Sbagliata,
4,3,413,Un comportamento o gesto involontario di un giocatore che rivela informazioni sulla sua mano,Corretta,1.0
1,4,413,Il numero di carte in mano,Sbagliata,
2,4,413,La quantità di fiches,Sbagliata,
3,4,413,Il tipo di mano,Sbagliata,
4,4,413,"La posizione al tavolo rispetto al dealer, che determina l'ordine di azione; una posizione tardiva è vantaggiosa",Corretta,1.0
1,1,414,"La tecnica di ballare sull'estremità delle dita dei piedi, sostenuta da speciali scarpette rigide",Corretta,1.0
2,1,414,Un movimento del busto,Sbagliata,
3,1,414,Una posizione delle braccia,Sbagliata,
4,1,414,Un tipo di salto,Sbagliata,
1,2,414,Il ruolo solista principale,Sbagliata,
2,2,414,La prima ballerina del corpo di ballo,Sbagliata,
3,2,414,Il titolo più alto assegnato alle ballerine di eccezionale talento e contributo alla danza classica,Corretta,1.0
4,2,414,Una categoria di gara,Sbagliata,
1,3,414,La Bayadère,Sbagliata,
2,3,414,Lo Schiaccianoci,Sbagliata,
3,3,414,La Bella Addormentata,Sbagliata,
4,3,414,Il Lago dei Cigni,Corretta,1.0
1,1,415,Un tipo di coro greco,Sbagliata,
2,1,415,Un effetto scenografico,Sbagliata,
3,1,415,Una tecnica di recitazione,Sbagliata,
4,1,415,La purificazione emotiva del pubblico attraverso la visione della tragedia (secondo Aristotele),Corretta,1.0
1,2,415,La scenografia del fondo,Sbagliata,
2,2,415,La parete immaginaria tra il palcoscenico e il pubblico; 'rompere il quarto muro' significa che l'attore si rivolge direttamente agli spettatori,Corretta,1.0
3,2,415,Il fondale dipinto,Sbagliata,
4,2,415,Il sipario del teatro,Sbagliata,
1,3,415,Samuel Beckett,Corretta,1.0
2,3,415,Bertolt Brecht,Sbagliata,
3,3,415,Harold Pinter,Sbagliata,
4,3,415,Eugene Ionesco,Sbagliata,
1,4,415,Il teatro greco classico,Sbagliata,
2,4,415,Un movimento teatrale del dopoguerra che rappresenta l'assurdità dell'esistenza attraverso situazioni illogiche,Corretta,1.0
3,4,415,Il teatro epico di Brecht,Sbagliata,
4,4,415,Il teatro naturalista,Sbagliata,
1,1,416,Un acrobata,Sbagliata,
2,1,416,Un mago,Sbagliata,
3,1,416,"Un artista che usa il comico, la gestualità esagerata e il trucco per far ridere il pubblico",Corretta,1.0
4,1,416,Un equilibrista,Sbagliata,
1,2,416,Il fondatore del Cirque du Soleil,Sbagliata,
2,2,416,Un artista francese che nel 1974 camminò su un filo teso tra le Torri Gemelle di New York,Corretta,1.0
3,2,416,Un acrobata del Bolshoi,Sbagliata,
4,2,416,Un giocoliere olimpionico,Sbagliata,
1,3,416,Una scuola di arti circensi,Sbagliata,
2,3,416,Il più antico circo americano,Sbagliata,
3,3,416,Una compagnia canadese fondata nel 1984 che ha rivoluzionato il circo moderno senza animali,Corretta,1.0
4,3,416,Un festival itinerante europeo,Sbagliata,
1,1,417,Agorà,Sbagliata,
2,1,417,Odeo,Sbagliata,
3,1,417,Erario,Sbagliata,
4,1,417,Partenone,Corretta,1.0
1,2,417,Corinto,Sbagliata,
2,2,417,Atene,Sbagliata,
3,2,417,Tebe,Sbagliata,
4,2,417,Sparta,Corretta,1.0
1,1,418,Carbonile e amminico,Corretta,1.0
2,1,418,Solfuro e nitrile,Sbagliata,
3,1,418,Carbonile e idrossile,Corretta,1.0
4,1,418,Alogenuro e borano,Sbagliata,
1,2,418,Propilene,Sbagliata,
2,2,418,Butadiene,Sbagliata,
3,2,418,Metano,Sbagliata,
4,2,418,Etilene,Corretta,1.0
1,1,419,Watt,Sbagliata,
2,1,419,Pascal,Sbagliata,
3,1,419,Newton,Corretta,1.0
4,1,419,Joule,Sbagliata,
1,2,419,Principio di Archimede,Sbagliata,
2,2,419,Terza legge di Newton (azione e reazione),Corretta,1.0
3,2,419,Prima legge di Newton,Sbagliata,
4,2,419,Conservazione dell'energia,Sbagliata,
1,1,420,Grazia Deledda,Sbagliata,
2,1,420,Luigi Pirandello,Sbagliata,
3,1,420,Eugenio Montale,Sbagliata,
4,1,420,Dario Fo,Corretta,1.0
1,1,421,Scontati,Sbagliata,
2,1,421,Ignorati,Sbagliata,
3,1,421,Aggiunti al capitale e producono ulteriori interessi,Corretta,1.0
4,1,421,Pagati periodicamente,Sbagliata,
1,2,421,I = C / r,Sbagliata,
2,2,421,I = C × r × t,Corretta,1.0
3,2,421,I = C × (1+r)^t,Sbagliata,
4,2,421,I = C - r × t,Sbagliata,
1,3,421,Il costo del debito,Sbagliata,
2,3,421,Il valore attuale di una rendita,Sbagliata,
3,3,421,L'interesse composto sul tempo,Sbagliata,
4,3,421,L'interesse proporzionale al capitale e al tempo,Corretta,1.0
1,4,421,Il rimborso graduale di un debito nel tempo,Corretta,1.0
2,4,421,Il calcolo degli interessi,Sbagliata,
3,4,421,La rivalutazione del capitale,Sbagliata,
4,4,421,L'emissione di obbligazioni,Sbagliata,
1,1,422,Mitocondrio,Sbagliata,
2,1,422,Cloroplasto,Corretta,1.0
3,1,422,Centrosoma,Sbagliata,
4,1,422,Ribosoma,Sbagliata,
1,2,422,Organelli che producono energia,Sbagliata,
2,2,422,Organelli che sintetizzano le proteine,Corretta,1.0
3,2,422,Strutture per la digestione cellulare,Sbagliata,
4,2,422,Canali per il trasporto ionico,Sbagliata,
1,3,422,Il DNA e il materiale genetico,Corretta,1.0
2,3,422,I ribosomi,Sbagliata,
3,3,422,L'RNA messaggero,Sbagliata,
4,3,422,I lipidi di membrana,Sbagliata,
1,1,423,Belgio,Sbagliata,
2,1,423,Norvegia,Corretta,1.0
3,1,423,Austria,Sbagliata,
4,1,423,Portogallo,Sbagliata,
1,2,423,Varsavia,Corretta,1.0
2,2,423,Cracovia,Sbagliata,
3,2,423,Danzica,Sbagliata,
4,2,423,Breslavia,Sbagliata,
1,1,424,Nettuno,Sbagliata,
2,1,424,Giove,Corretta,1.0
3,1,424,Saturno,Sbagliata,
4,1,424,Urano,Sbagliata,
1,2,424,Milioni,Sbagliata,
2,2,424,Miliardi,Corretta,1.0
3,2,424,Poche centinaia,Sbagliata,
4,2,424,Migliaia,Sbagliata,
1,3,424,Saturno,Corretta,1.0
2,3,424,Nettuno,Sbagliata,
3,3,424,Giove,Sbagliata,
4,3,424,Urano,Sbagliata,
1,1,425,Aqua,Sbagliata,
2,1,425,Agua,Corretta,1.0
3,1,425,Aigue,Sbagliata,
4,1,425,Água,Sbagliata,
1,2,425,Francese,Sbagliata,
2,2,425,Italiano,Sbagliata,
3,2,425,Portoghese,Sbagliata,
4,2,425,Spagnolo,Corretta,1.0
1,3,425,Proto-romanzo,Sbagliata,
2,3,425,Latino volgare,Corretta,1.0
3,3,425,Latino classico,Sbagliata,
4,3,425,Osco-umbro,Sbagliata,
1,4,425,Placito Capuano,Corretta,1.0
2,4,425,Cantico delle Creature,Sbagliata,
3,4,425,Canzone di Roland,Sbagliata,
4,4,425,De Vulgari Eloquentia,Sbagliata,
1,5,425,"Spagnolo, Arabo, Turco",Sbagliata,
2,5,425,"Italiano, Francese, Spagnolo",Corretta,1.0
3,5,425,"Italiano, Tedesco, Inglese",Sbagliata,
4,5,425,"Francese, Russo, Polacco",Sbagliata,
1,1,426,La prima crociata,Corretta,1.0
2,1,426,La battaglia di Hastings nel 1066,Sbagliata,
3,1,426,La conquista normanna dell'Inghilterra,Corretta,1.0
4,1,426,Le conquiste di Carlo Magno,Sbagliata,
1,2,426,Tavole di legno intagliate,Sbagliata,
2,2,426,Mosaici romani,Sbagliata,
3,2,426,Manoscritti decorati con illustrazioni colorate,Corretta,1.0
4,2,426,Sculture in marmo,Sbagliata,
1,3,426,Romanico,Corretta,1.0
2,3,426,Barocco,Sbagliata,
3,3,426,Rinascimentale,Sbagliata,
4,3,426,Byzantino,Sbagliata,
1,4,426,Mosaico,Corretta,1.0
2,4,426,Affresco,Sbagliata,
3,4,426,Litografia,Sbagliata,
4,4,426,Incisione,Sbagliata,
1,1,427,Federico Fellini,Sbagliata,
2,1,427,Luchino Visconti,Sbagliata,
3,1,427,Vittorio De Sica,Corretta,1.0
4,1,427,Roberto Rossellini,Sbagliata,
1,2,427,Luci d'inverno,Sbagliata,
2,2,427,Persona,Sbagliata,
3,2,427,Sinfonia d'autunno,Sbagliata,
4,2,427,Il settimo sigillo,Corretta,1.0
1,3,427,Gli anni '30,Sbagliata,
2,3,427,Gli anni '70,Sbagliata,
3,3,427,La prima guerra mondiale,Sbagliata,
4,3,427,La seconda guerra mondiale e il dopoguerra,Corretta,1.0
1,1,428,Toscana,Sbagliata,
2,1,428,Lombardia,Sbagliata,
3,1,428,Piemonte,Sbagliata,
4,1,428,Emilia-Romagna,Corretta,1.0
1,2,428,Struffoli,Corretta,1.0
2,2,428,Pandoro,Sbagliata,
3,2,428,Panettone,Sbagliata,
4,2,428,Colomba,Sbagliata,
1,1,429,Random Access Memory,Corretta,1.0
2,1,429,Read Access Memory,Sbagliata,
3,1,429,Read Application Mode,Sbagliata,
4,1,429,Random Application Memory,Sbagliata,
1,2,429,Windows,Sbagliata,
2,2,429,iOS,Sbagliata,
3,2,429,Linux,Corretta,1.0
4,2,429,macOS,Sbagliata,
1,3,429,C++,Sbagliata,
2,3,429,Java,Sbagliata,
3,3,429,HTML,Corretta,1.0
4,3,429,Python,Sbagliata,
1,4,429,Un linguaggio di programmazione,Sbagliata,
2,4,429,Un tipo di processore,Sbagliata,
3,4,429,Un protocollo di rete,Sbagliata,
4,4,429,Una sequenza di istruzioni per risolvere un problema,Corretta,1.0
1,5,429,Gestisce la memoria RAM,Sbagliata,
2,5,429,Esegue programmi in tempo reale,Sbagliata,
3,5,429,Comprime file,Sbagliata,
4,5,429,Traduce codice sorgente in linguaggio macchina,Corretta,1.0
1,1,430,25 anni,Sbagliata,
2,1,430,18 anni,Corretta,1.0
3,1,430,21 anni,Sbagliata,
4,1,430,16 anni,Sbagliata,
1,1,431,Costo marginale,Sbagliata,
2,1,431,Costo opportunità,Sbagliata,
3,1,431,Costo fisso,Corretta,1.0
4,1,431,Costo variabile,Sbagliata,
1,2,431,La capacità di innovazione,Sbagliata,
2,2,431,Il rendimento delle vendite,Sbagliata,
3,2,431,Il rapporto tra debito e capitale proprio,Corretta,1.0
4,2,431,Il costo del lavoro,Sbagliata,
1,1,432,Frédéric Chopin,Corretta,1.0
2,1,432,Felix Mendelssohn,Sbagliata,
3,1,432,Robert Schumann,Sbagliata,
4,1,432,Franz Liszt,Sbagliata,
1,2,432,Franz Schubert,Sbagliata,
2,2,432,Ludwig van Beethoven,Corretta,1.0
3,2,432,Wolfgang Amadeus Mozart,Sbagliata,
4,2,432,Johannes Brahms,Sbagliata,
1,3,432,Johann Sebastian Bach,Sbagliata,
2,3,432,Antonio Vivaldi,Corretta,1.0
3,3,432,Georg Friedrich Handel,Sbagliata,
4,3,432,Arcangelo Corelli,Sbagliata,
1,4,432,Classico,Corretta,1.0
2,4,432,Romantico,Sbagliata,
3,4,432,Moderno,Sbagliata,
4,4,432,Barocco,Sbagliata,
1,1,433,La realtà è composta da atomi indivisibili nel vuoto,Corretta,1.0
2,1,433,Il fuoco è l'elemento primordiale,Sbagliata,
3,1,433,L'acqua è il principio di tutte le cose,Sbagliata,
4,1,433,L'aria è la sostanza di base,Sbagliata,
1,2,433,La conoscenza della forma,Sbagliata,
2,2,433,La virtù come abitudine,Sbagliata,
3,2,433,La ricerca della felicità,Sbagliata,
4,2,433,Purificazione emotiva attraverso la tragedia,Corretta,1.0
1,3,433,Socrate,Corretta,1.0
2,3,433,Aristotele,Sbagliata,
3,3,433,Pitagora,Sbagliata,
4,3,433,Eraclito,Sbagliata,
1,1,434,40,Sbagliata,
2,1,434,28,Sbagliata,
3,1,434,26,Sbagliata,
4,1,434,33-34,Corretta,1.0
1,2,434,Periostio,Sbagliata,
2,2,434,Cartilagine,Sbagliata,
3,2,434,Legamento,Sbagliata,
4,2,434,Tendine,Corretta,1.0
1,3,434,Omero,Sbagliata,
2,3,434,Tibia,Sbagliata,
3,3,434,Femore,Corretta,1.0
4,3,434,Radio,Sbagliata,
1,1,435,Il ciclo dell'acqua in natura,Sbagliata,
2,1,435,La distribuzione delle specie nel territorio,Sbagliata,
3,1,435,La sequenza di organismi che si nutrono l'uno dell'altro,Corretta,1.0
4,1,435,Il processo di fotosintesi,Sbagliata,
1,2,435,La biodiversità di un'area,Sbagliata,
2,2,435,Le risorse naturali necessarie a sostenere uno stile di vita,Corretta,1.0
3,2,435,Il numero di specie estinte,Sbagliata,
4,2,435,L'inquinamento dell'acqua,Sbagliata,
1,1,436,Carl Lewis,Sbagliata,
2,1,436,Asafa Powell,Sbagliata,
3,1,436,Usain Bolt,Corretta,1.0
4,1,436,Tyson Gay,Sbagliata,
1,2,436,32,Corretta,1.0
2,2,436,28,Sbagliata,
3,2,436,24,Sbagliata,
4,2,436,40,Sbagliata,
1,1,437,La creatività nel problem solving,Sbagliata,
2,1,437,L'intelligenza emotiva,Sbagliata,
3,1,437,La capacità di analizzare e valutare le informazioni in modo razionale,Corretta,1.0
4,1,437,La memoria procedurale,Sbagliata,
1,2,437,Un disturbo della personalità,Sbagliata,
2,2,437,Un errore sistematico nel ragionamento o nel giudizio,Corretta,1.0
3,2,437,Una strategia di apprendimento,Sbagliata,
4,2,437,Un tipo di memoria implicita,Sbagliata,
1,3,437,Un edificio,Sbagliata,
2,3,437,Un fiume,Sbagliata,
3,3,437,Un computer,Corretta,1.0
4,3,437,Una rete neurale biologica,Sbagliata,
1,4,437,La memoria emotiva,Sbagliata,
2,4,437,Il magazzino sensoriale,Sbagliata,
3,4,437,Un sistema a capacità limitata per il mantenimento temporaneo delle informazioni,Corretta,1.0
4,4,437,La memoria a lungo termine,Sbagliata,
1,1,438,Auguste Comte,Sbagliata,
2,1,438,Émile Durkheim,Sbagliata,
3,1,438,Georg Simmel,Corretta,1.0
4,1,438,Max Weber,Sbagliata,
1,2,438,La gestione dei rifiuti urbani,Sbagliata,
2,2,438,L'architettura degli spazi pubblici,Sbagliata,
3,2,438,La pianificazione del traffico,Sbagliata,
4,2,438,La separazione spaziale di gruppi sociali all'interno della città,Corretta,1.0
1,3,438,Il degrado del centro storico,Sbagliata,
2,3,438,L'espansione disordinata della città nelle aree periferiche,Corretta,1.0
3,3,438,Un progetto di edilizia popolare,Sbagliata,
4,3,438,Un quartiere ad alta densità,Sbagliata,
1,4,438,Reti di città virtuali,Sbagliata,
2,4,438,Agglomerazioni urbane di dimensioni enormi che connettono più metropoli,Corretta,1.0
3,4,438,Città sottomarine,Sbagliata,
4,4,438,Grandi isole abitate,Sbagliata,
1,1,439,Roma,Sbagliata,
2,1,439,Milano,Sbagliata,
3,1,439,Venezia,Sbagliata,
4,1,439,Firenze,Corretta,1.0
1,2,439,Il ritorno ai classici greci e latini e la centralità dell'uomo,Corretta,1.0
2,2,439,L'arte astratta e non figurativa,Sbagliata,
3,2,439,Il teocentrismo medievale,Sbagliata,
4,2,439,L'architettura gotica,Sbagliata,
1,3,439,Sandro Botticelli,Sbagliata,
2,3,439,Leonardo da Vinci,Sbagliata,
3,3,439,Michelangelo Buonarroti,Corretta,1.0
4,3,439,Raffaello Sanzio,Sbagliata,
1,1,440,Romanticismo,Sbagliata,
2,1,440,Modernismo,Sbagliata,
3,1,440,Vittorianesimo,Sbagliata,
4,1,440,Rinascimento elisabettiano,Corretta,1.0
1,2,440,John Keats,Sbagliata,
2,2,440,Samuel Taylor Coleridge,Corretta,1.0
3,2,440,William Wordsworth,Sbagliata,
4,2,440,Percy Bysshe Shelley,Sbagliata,
1,1,441,Un ramo della geometria,Sbagliata,
2,1,441,Il calcolo delle probabilità,Sbagliata,
3,1,441,La teoria degli insiemi,Sbagliata,
4,1,441,Un sistema formale con proposizioni vere o false,Corretta,1.0
1,2,441,La geometria euclidea,Sbagliata,
2,2,441,Strutture matematiche fondamentalmente discrete (non continue),Corretta,1.0
3,2,441,Le equazioni differenziali,Sbagliata,
4,2,441,Il calcolo integrale e differenziale,Sbagliata,
1,3,441,Stack (pila),Corretta,1.0
2,3,441,Coda (queue),Sbagliata,
3,3,441,Tabella hash,Sbagliata,
4,3,441,Albero binario,Sbagliata,
1,4,441,Il costo della ricerca lineare,Sbagliata,
2,4,441,Il costo di algoritmi come Merge Sort,Corretta,1.0
3,4,441,Il costo dell'algoritmo della bolla,Sbagliata,
4,4,441,Il costo dell'accesso diretto,Sbagliata,
1,5,441,Un insieme di nodi collegati da archi,Corretta,1.0
2,5,441,Un algoritmo di ordinamento,Sbagliata,
3,5,441,Un tipo di matrice,Sbagliata,
4,5,441,Una funzione matematica,Sbagliata,
1,1,442,Un dispositivo che instrada i pacchetti tra reti diverse,Corretta,1.0
2,1,442,Un server web,Sbagliata,
3,1,442,Un firewall hardware,Sbagliata,
4,1,442,Un dispositivo per amplificare il segnale Wi-Fi,Sbagliata,
1,2,442,Livello fisico,Sbagliata,
2,2,442,Livello di rete,Sbagliata,
3,2,442,Livello applicazione,Sbagliata,
4,2,442,Livello di trasporto,Corretta,1.0
1,3,442,Input Protocol,Sbagliata,
2,3,442,Internet Protocol,Corretta,1.0
3,3,442,Internal Process,Sbagliata,
4,3,442,Integrated Port,Sbagliata,
1,1,443,Una funzione che chiama se stessa,Corretta,1.0
2,1,443,Un protocollo di rete,Sbagliata,
3,1,443,Un tipo di struttura dati,Sbagliata,
4,1,443,Un ciclo infinito,Sbagliata,
1,2,443,Il flusso massimo in una rete,Sbagliata,
2,2,443,L'ordinamento topologico,Sbagliata,
3,2,443,Il percorso più breve in un grafo con pesi non negativi,Corretta,1.0
4,2,443,L'albero di copertura minimo,Sbagliata,
1,3,443,Un albero in cui ogni nodo ha al più 2 figli e i valori sinistri sono minori di quelli destri,Corretta,1.0
2,3,443,Una lista ordinata,Sbagliata,
3,3,443,Un grafo non orientato,Sbagliata,
4,3,443,Un insieme di nodi senza gerarchia,Sbagliata,
1,4,443,Lista concatenata,Sbagliata,
2,4,443,Stack (Pila),Sbagliata,
3,4,443,Coda (Queue),Corretta,1.0
4,4,443,Albero binario,Sbagliata,
1,1,444,Il tempo medio sul sito,Sbagliata,
2,1,444,Il numero di visitatori unici,Sbagliata,
3,1,444,Il tasso di conversione,Sbagliata,
4,1,444,Il rapporto tra clic e impressioni di un annuncio,Corretta,1.0
1,2,444,Sales Execution Online,Sbagliata,
2,2,444,Search Engine Optimization,Corretta,1.0
3,2,444,Social Engine Operations,Sbagliata,
4,2,444,System Engagement Outreach,Sbagliata,
1,3,444,Il posizionamento sui motori di ricerca,Sbagliata,
2,3,444,La creazione di siti web,Sbagliata,
3,3,444,L'uso dei social network per promuovere prodotti e servizi,Corretta,1.0
4,3,444,La gestione delle email aziendali,Sbagliata,
1,1,445,Il contratto con i fornitori,Sbagliata,
2,1,445,Il rendiconto finanziario annuale,Sbagliata,
3,1,445,Il piano di marketing,Sbagliata,
4,1,445,Un documento che descrive gli obiettivi e le strategie di un'azienda,Corretta,1.0
1,2,445,"Punti di forza, debolezze, opportunità e minacce",Corretta,1.0
2,2,445,"Domanda, offerta, prezzo e volume",Sbagliata,
3,2,445,"Ricavi, costi, utili e perdite",Sbagliata,
4,2,445,"Clienti, fornitori, concorrenti e regolatori",Sbagliata,
1,3,445,Un metodo di contabilità analitica,Sbagliata,
2,3,445,Una filosofia gestionale che elimina gli sprechi e ottimizza i processi,Corretta,1.0
3,3,445,Un sistema di incentivazione dei dipendenti,Sbagliata,
4,3,445,Una tecnica di marketing,Sbagliata,
1,1,446,Arte che non rappresenta oggetti riconoscibili del mondo reale,Corretta,1.0
2,1,446,Arte fotografica contemporanea,Sbagliata,
3,1,446,Arte religiosa del Medioevo,Sbagliata,
4,1,446,Arte che ritrae la natura con precisione,Sbagliata,
1,2,446,René Magritte,Sbagliata,
2,2,446,Salvador Dalí,Corretta,1.0
3,2,446,Max Ernst,Sbagliata,
4,2,446,Joan Miró,Sbagliata,
1,1,447,Il principio di esclusione di Pauli,Sbagliata,
2,1,447,L'interferenza tra due onde,Sbagliata,
3,1,447,Uno stato in cui una particella esiste in più stati contemporaneamente fino alla misurazione,Corretta,1.0
4,1,447,L'entanglement quantistico,Sbagliata,
1,2,447,J.J. Thomson,Sbagliata,
2,2,447,Ernest Rutherford,Sbagliata,
3,2,447,Max Planck,Sbagliata,
4,2,447,Niels Bohr,Corretta,1.0
1,3,447,Un vero esperimento di laboratorio,Sbagliata,
2,3,447,Un esperimento mentale che illustra la sovrapposizione quantistica,Corretta,1.0
3,3,447,Un tipo di equazione differenziale,Sbagliata,
4,3,447,Un modello atomico,Sbagliata,
1,4,447,La velocità della luce nel vuoto,Sbagliata,
2,4,447,La carica dell'elettrone,Sbagliata,
3,4,447,La costante fondamentale che lega l'energia di un fotone alla sua frequenza,Corretta,1.0
4,4,447,La massa dell'elettrone,Sbagliata,
1,1,448,H₂SO₄,Corretta,1.0
2,1,448,HCl,Sbagliata,
3,1,448,H₃PO₄,Sbagliata,
4,1,448,H₂O₂,Sbagliata,
1,2,448,La massa atomica relativa,Sbagliata,
2,2,448,Il numero di elettroni nel guscio esterno,Sbagliata,
3,2,448,La tendenza di un atomo ad attrarre elettroni nel legame chimico,Corretta,1.0
4,2,448,La carica elettrica dell'atomo,Sbagliata,
1,1,449,Tra 200 e 500 metri,Sbagliata,
2,1,449,Nei primi 50 metri,Sbagliata,
3,1,449,Tra 50 e 200 metri,Sbagliata,
4,1,449,Oltre i 2000 metri,Corretta,1.0
1,2,449,Un ecosistema marino costruito da organismi che secernono carbonato di calcio,Corretta,1.0
2,2,449,Una corrente oceanica,Sbagliata,
3,2,449,Un tipo di fondale sabbioso,Sbagliata,
4,2,449,Un deposito di sedimenti marini,Sbagliata,
1,3,449,Un tipo di alga gigante,Sbagliata,
2,3,449,I coralli giovani,Sbagliata,
3,3,449,I larve dei pesci marini,Sbagliata,
4,3,449,Organismi microscopici che galleggiano nelle acque e formano la base della catena alimentare marina,Corretta,1.0
1,4,449,Chemiosintesi,Sbagliata,
2,4,449,Fotosintesi,Corretta,1.0
3,4,449,Respirazione cellulare,Sbagliata,
4,4,449,Bioluminescenza,Sbagliata,
1,1,450,Con il barometro,Sbagliata,
2,1,450,Con la scala Richter o la scala momento (Mw),Corretta,1.0
3,1,450,Con il sismografo in gradi,Sbagliata,
4,1,450,Con la scala Mercalli,Sbagliata,
1,2,450,Il magma fuoriuscito dal vulcano,Corretta,1.0
2,2,450,I detriti solidi del vulcano,Sbagliata,
3,2,450,Il gas vulcanico,Sbagliata,
4,2,450,Il magma all'interno della Terra,Sbagliata,
1,1,451,Scirocco,Corretta,1.0
2,1,451,Bora,Sbagliata,
3,1,451,Maestrale,Sbagliata,
4,1,451,Tramontana,Sbagliata,
1,2,451,La temperatura di rugiada,Sbagliata,
2,2,451,La pressione del vapor d'acqua,Sbagliata,
3,2,451,Il rapporto tra il vapore acqueo presente e il massimo possibile a quella temperatura,Corretta,1.0
4,2,451,La quantità assoluta di acqua nell'aria,Sbagliata,
1,1,452,Lo studio delle regole che governano la combinazione delle parole in frasi,Corretta,1.0
2,1,452,L'insieme del lessico,Sbagliata,
3,1,452,Lo studio del significato delle parole,Sbagliata,
4,1,452,Lo studio dei suoni,Sbagliata,
1,1,453,Ogni numero pari è somma di due primi,Sbagliata,
2,1,453,Ogni numero ha una fattorizzazione unica,Sbagliata,
3,1,453,La somma di due quadrati è sempre un quadrato,Sbagliata,
4,1,453,"Se p è primo e a non è divisibile per p, allora a^(p-1) ≡ 1 (mod p)",Corretta,1.0
1,2,453,Una tecnica crittografica,Sbagliata,
2,2,453,Un algoritmo di ordinamento,Sbagliata,
3,2,453,Un metodo per trovare il massimo comune divisore tra due numeri,Corretta,1.0
4,2,453,Un metodo per trovare numeri primi,Sbagliata,
1,3,453,Un numero negativo,Sbagliata,
2,3,453,Un numero con infinite cifre decimali,Sbagliata,
3,3,453,Un numero pari,Sbagliata,
4,3,453,Un numero divisibile solo per 1 e per se stesso,Corretta,1.0
1,4,453,Una funzione che mappa dati di qualsiasi dimensione in un valore di dimensione fissa,Corretta,1.0
2,4,453,Un tipo di firma digitale,Sbagliata,
3,4,453,Una chiave crittografica,Sbagliata,
4,4,453,Un protocollo di scambio chiavi,Sbagliata,
1,1,454,L'arma di Achille,Sbagliata,
2,1,454,Il simbolo della sua forza,Sbagliata,
3,1,454,L'unico punto vulnerabile del corpo di Achille,Corretta,1.0
4,1,454,Una profezia su Achille,Sbagliata,
1,2,454,Stige,Corretta,1.0
2,2,454,Acheronte,Sbagliata,
3,2,454,Erebo,Sbagliata,
4,2,454,Lete,Sbagliata,
1,3,454,Il guardiano del labirinto,Sbagliata,
2,3,454,Il re di Itaca noto per la sua astuzia,Corretta,1.0
3,3,454,Il figlio di Achille,Sbagliata,
4,3,454,Il più forte guerriero greco,Sbagliata,
1,4,454,Marte,Corretta,1.0
2,4,454,Mercurio,Sbagliata,
3,4,454,Vulcano,Sbagliata,
4,4,454,Giunone,Sbagliata,
1,1,455,1618 (Guerra dei Trent'anni),Sbagliata,
2,1,455,1789 (Rivoluzione Francese),Sbagliata,
3,1,455,1453 (caduta di Costantinopoli),Sbagliata,
4,1,455,1492 (scoperta dell'America),Corretta,1.0
1,2,455,Ottone I,Sbagliata,
2,2,455,Luigi il Pio,Sbagliata,
3,2,455,Carlo Magno,Corretta,1.0
4,2,455,Federico Barbarossa,Sbagliata,
1,3,455,800 d.C.,Sbagliata,
2,3,455,313 d.C.,Sbagliata,
3,3,455,1000 d.C.,Sbagliata,
4,3,455,476 d.C. (caduta dell'Impero Romano d'Occidente),Corretta,1.0
1,4,455,Un'epidemia di peste bubbonica che uccise un terzo della popolazione europea nel XIV secolo,Corretta,1.0
2,4,455,Un'invasione dei Vichinghi,Sbagliata,
3,4,455,Una guerra tra le città medievali,Sbagliata,
4,4,455,Una carestia del XII secolo,Sbagliata,
1,1,456,La festa indù della luce,Corretta,1.0
2,1,456,La celebrazione islamica del Ramadan,Sbagliata,
3,1,456,Il festival giapponese dei ciliegi,Sbagliata,
4,1,456,Il capodanno cinese,Sbagliata,
1,2,456,Shintoismo,Sbagliata,
2,2,456,Buddhismo,Sbagliata,
3,2,456,Taoismo,Sbagliata,
4,2,456,Confucianesimo,Corretta,1.0
1,3,456,La meditazione buddhista,Sbagliata,
2,3,456,Il codice del guerriero giapponese,Sbagliata,
3,3,456,Il principio universale che governa l'universo e la natura,Corretta,1.0
4,3,456,La legge morale confuciana,Sbagliata,
1,1,457,Fëdor Dostoevskij,Corretta,1.0
2,1,457,Lev Tolstoj,Sbagliata,
3,1,457,Ivan Turgenev,Sbagliata,
4,1,457,Nikolaj Gogol,Sbagliata,
1,2,457,Anime morte,Corretta,1.0
2,2,457,Il Cappotto,Sbagliata,
3,2,457,Il Revisore,Sbagliata,
4,2,457,Il Naso,Sbagliata,
1,3,457,La glorificazione dello zarismo,Sbagliata,
2,3,457,Il misticismo religioso,Sbagliata,
3,3,457,La rappresentazione critica della società attraverso personaggi realistici,Corretta,1.0
4,3,457,L'idealizzazione della vita rurale,Sbagliata,
1,4,457,Anton Cechov,Corretta,1.0
2,4,457,Lev Tolstoj,Sbagliata,
3,4,457,Aleksandr Ostrovsky,Sbagliata,
4,4,457,Nikolaj Gogol,Sbagliata,
1,1,458,La riduzione delle importazioni,Sbagliata,
2,1,458,La politica protezionistica nazionale,Sbagliata,
3,1,458,La nazionalizzazione delle imprese,Sbagliata,
4,1,458,"L'integrazione crescente delle economie mondiali attraverso commercio, investimenti e tecnologia",Corretta,1.0
1,2,458,La specializzazione del lavoro,Sbagliata,
2,2,458,L'aumento dei prezzi con la domanda,Sbagliata,
3,2,458,La riduzione del costo unitario al crescere della produzione,Corretta,1.0
4,2,458,La diversificazione dei prodotti,Sbagliata,
1,3,458,FMI,Sbagliata,
2,3,458,WTO (World Trade Organization),Corretta,1.0
3,3,458,ONU,Sbagliata,
4,3,458,Banca Mondiale,Sbagliata,
1,1,459,Lumaca marina,Sbagliata,
2,1,459,Formica,Sbagliata,
3,1,459,Ape mellifera,Sbagliata,
4,1,459,Polpo,Corretta,1.0
1,2,459,Rodentia,Sbagliata,
2,2,459,Primates,Sbagliata,
3,2,459,Carnivora,Sbagliata,
4,2,459,Chiroptera,Corretta,1.0
1,3,459,Squalo balena,Sbagliata,
2,3,459,Balenottera azzurra,Corretta,1.0
3,3,459,Giraffa,Sbagliata,
4,3,459,Elefante africano,Sbagliata,
1,4,459,Hanno la pelle liscia e umida,Sbagliata,
2,4,459,"Sono omeotermi, hanno peli e allattano i piccoli",Corretta,1.0
3,4,459,Sono ectotermici,Sbagliata,
4,4,459,Depongono uova,Sbagliata,
1,5,459,La riproduzione sessuata,Sbagliata,
2,5,459,La clonazione naturale,Sbagliata,
3,5,459,La fecondazione esterna,Sbagliata,
4,5,459,La riproduzione asessuata in cui si sviluppa un individuo da un ovulo non fecondato,Corretta,1.0
1,1,460,Proteggere la pianta dagli insetti,Sbagliata,
2,1,460,Immagazzinare nutrienti,Sbagliata,
3,1,460,Assorbire la luce solare per la fotosintesi,Corretta,1.0
4,1,460,Trasportare l'acqua dalle radici,Sbagliata,
1,2,460,Osmosi fogliare,Sbagliata,
2,2,460,Fotosintesi,Sbagliata,
3,2,460,Respirazione cellulare,Sbagliata,
4,2,460,Traspirazione e capillarità (flusso xilematico),Corretta,1.0
1,1,461,La concentrazione plasmatica massima,Sbagliata,
2,1,461,La velocità di assorbimento,Sbagliata,
3,1,461,La frazione di farmaco somministrato che raggiunge il circolo sistemico in forma attiva,Corretta,1.0
4,1,461,Il volume di distribuzione,Sbagliata,
1,2,461,Lo studio delle interazioni farmacologiche,Sbagliata,
2,2,461,Lo studio degli effetti del farmaco sull'organismo,Sbagliata,
3,2,461,Lo studio della struttura chimica dei farmaci,Sbagliata,
4,2,461,"Lo studio di come il corpo assorbe, distribuisce, metabolizza ed elimina un farmaco",Corretta,1.0
1,3,461,Farmaci per uso veterinario,Sbagliata,
2,3,461,Farmaci con lo stesso principio attivo del medicinale originale ma prodotti da altre aziende,Corretta,1.0
3,3,461,Farmaci senza principio attivo,Sbagliata,
4,3,461,Farmaci da banco senza ricetta,Sbagliata,
1,1,462,Unione Europea,Sbagliata,
2,1,462,Organizzazione delle Nazioni Unite (ONU),Corretta,1.0
3,1,462,Lega delle Nazioni,Sbagliata,
4,1,462,NATO,Sbagliata,
1,2,462,Convenzione di Vienna,Sbagliata,
2,2,462,Dichiarazione Universale dei Diritti dell'Uomo,Corretta,1.0
3,2,462,Trattato di Westfalia,Sbagliata,
4,2,462,Carta delle Nazioni Unite,Sbagliata,
1,3,462,L'autorità suprema di uno stato sul proprio territorio e popolazione,Corretta,1.0
2,3,462,Il diritto di veto nel Consiglio di Sicurezza ONU,Sbagliata,
3,3,462,L'immunità diplomatica,Sbagliata,
4,3,462,Il riconoscimento internazionale di uno stato,Sbagliata,
1,1,463,Isambard Kingdom Brunel,Sbagliata,
2,1,463,Richard Arkwright,Sbagliata,
3,1,463,George Stephenson,Sbagliata,
4,1,463,James Watt,Corretta,1.0
1,2,463,Il cannocchiale,Sbagliata,
2,2,463,La carta,Sbagliata,
3,2,463,La bussola magnetica,Sbagliata,
4,2,463,La stampa a caratteri mobili,Corretta,1.0
1,3,463,Alexander Graham Bell,Corretta,1.0
2,3,463,Guglielmo Marconi,Sbagliata,
3,3,463,Thomas Edison,Sbagliata,
4,3,463,Nikola Tesla,Sbagliata,
1,1,464,La calibrazione dei sensori,Sbagliata,
2,1,464,La programmazione del percorso,Sbagliata,
3,1,464,Il calcolo dei movimenti articolari per raggiungere una posizione finale desiderata,Corretta,1.0
4,1,464,Il controllo della velocità del robot,Sbagliata,
1,2,464,Karel Čapek,Corretta,1.0
2,2,464,Isaac Asimov,Sbagliata,
3,2,464,Norbert Wiener,Sbagliata,
4,2,464,Joseph Engelberger,Sbagliata,
1,3,464,Barometro,Sbagliata,
2,3,464,Sensore di temperatura,Sbagliata,
3,3,464,Microfono,Sbagliata,
4,3,464,Sensore LiDAR o telecamera depth,Corretta,1.0
1,1,465,Un sistema di regole fisse,Sbagliata,
2,1,465,Un linguaggio di programmazione,Sbagliata,
3,1,465,Un tipo di algoritmo deterministico,Sbagliata,
4,1,465,Un ramo dell'AI in cui i sistemi imparano dai dati senza essere esplicitamente programmati,Corretta,1.0
1,2,465,Un test di sicurezza informatica,Sbagliata,
2,2,465,Un metodo di validazione degli algoritmi,Sbagliata,
3,2,465,Un test di velocità del processore,Sbagliata,
4,2,465,Un test per valutare se una macchina può dimostrare intelligenza indistinguibile da quella umana,Corretta,1.0
1,1,466,Quando i dati di training sono insufficienti,Sbagliata,
2,1,466,Quando un modello si adatta troppo ai dati di training e non generalizza bene,Corretta,1.0
3,1,466,Quando un modello è troppo semplice,Sbagliata,
4,1,466,Quando l'algoritmo converge troppo lentamente,Sbagliata,
1,2,466,Un tipo di rete neurale ricorrente,Sbagliata,
2,2,466,Un metodo di ensemble,Sbagliata,
3,2,466,Un modello che fa previsioni attraverso una serie di regole if-then strutturate ad albero,Corretta,1.0
4,2,466,Un grafo di dipendenze,Sbagliata,
1,3,466,Un tipo di funzione di attivazione,Sbagliata,
2,3,466,Un algoritmo di classificazione,Sbagliata,
3,3,466,Un algoritmo di ottimizzazione che minimizza la funzione di perdita aggiornando i parametri nella direzione del gradiente negativo,Corretta,1.0
4,3,466,Un metodo di campionamento dei dati,Sbagliata,
1,4,466,Un metodo di pulizia dei dati,Sbagliata,
2,4,466,Un algoritmo di ordinamento,Sbagliata,
3,4,466,Una tecnica per valutare la generalizzazione di un modello dividendo i dati in più fold,Corretta,1.0
4,4,466,Una tecnica di feature engineering,Sbagliata,
1,1,467,La varianza del campione,Sbagliata,
2,1,467,Il margine di errore del campionamento,Sbagliata,
3,1,467,Il 95% dei dati osservati,Sbagliata,
4,1,467,Un range di valori che con probabilità 95% contiene il parametro vero della popolazione,Corretta,1.0
1,2,467,"La probabilità di ottenere un risultato almeno estremo quanto quello osservato, supponendo vera l'ipotesi nulla",Corretta,1.0
2,2,467,La probabilità che l'ipotesi alternativa sia vera,Sbagliata,
3,2,467,L'intervallo di confidenza,Sbagliata,
4,2,467,Il livello di significatività del test,Sbagliata,
1,3,467,Il valore più probabile,Sbagliata,
2,3,467,La dispersione dei dati attorno alla media,Corretta,1.0
3,3,467,Il numero di osservazioni estreme,Sbagliata,
4,3,467,La differenza tra i quartili,Sbagliata,
1,4,467,Il valore centrale in un insieme ordinato,Sbagliata,
2,4,467,La differenza tra massimo e minimo,Sbagliata,
3,4,467,La somma dei valori divisa per il numero di osservazioni,Corretta,1.0
4,4,467,Il valore più frequente,Sbagliata,
1,1,468,Metodo di Gauss,Sbagliata,
2,1,468,Metodo di Eulero,Sbagliata,
3,1,468,Metodo di Simpson,Sbagliata,
4,1,468,Metodo dei trapezi,Corretta,1.0
1,1,469,Una funzione lineare,Sbagliata,
2,1,469,Una funzione biiettiva e bicontinua tra due spazi topologici,Corretta,1.0
3,1,469,Una trasformazione che conserva le distanze,Sbagliata,
4,1,469,Una funzione derivabile,Sbagliata,
1,2,469,Un invariante topologico V - E + F (vertici meno archi più facce),Corretta,1.0
2,2,469,La curvatura media,Sbagliata,
3,2,469,La dimensione dello spazio,Sbagliata,
4,2,469,Il numero di buchi della superficie,Sbagliata,
1,3,469,Le proprietà matematiche delle curve chiuse nello spazio tridimensionale,Corretta,1.0
2,3,469,La struttura degli spazi vettoriali,Sbagliata,
3,3,469,I grafi planari,Sbagliata,
4,3,469,Le trasformazioni delle superfici,Sbagliata,
1,1,470,Un gioco sequenziale,Sbagliata,
2,1,470,Un gioco a somma zero,Sbagliata,
3,1,470,Un gioco in cui la scelta individualmente razionale porta a un esito collettivamente peggiore,Corretta,1.0
4,1,470,Un gioco cooperativo,Sbagliata,
1,2,470,La strategia dominante,Sbagliata,
2,2,470,Il punto di Pareto,Sbagliata,
3,2,470,"Una situazione in cui nessun giocatore ha interesse a cambiare strategia, dato il comportamento degli altri",Corretta,1.0
4,2,470,Il massimo risultato collettivo,Sbagliata,
1,3,470,Le strategie militari,Sbagliata,
2,3,470,I giochi tra robot,Sbagliata,
3,3,470,Le decisioni economiche delle imprese,Sbagliata,
4,3,470,Come le strategie si evolvono in popolazioni biologiche attraverso la selezione naturale,Corretta,1.0
1,1,471,L'identità tra essere e pensiero,Sbagliata,
2,1,471,"'Cogito ergo sum' - penso quindi esisto, come fondamento certo della conoscenza",Corretta,1.0
3,1,471,La priorità della materia sul pensiero,Sbagliata,
4,1,471,L'impossibilità di conoscere la realtà,Sbagliata,
1,2,471,John Dewey,Sbagliata,
2,2,471,Richard Rorty,Sbagliata,
3,2,471,Bertrand Russell,Sbagliata,
4,2,471,William James (con Charles Sanders Peirce),Corretta,1.0
1,3,471,La credenza in un unico dio,Sbagliata,
2,3,471,"La negazione di valori morali, verità e significato assoluti",Corretta,1.0
3,3,471,L'affermazione della libertà assoluta,Sbagliata,
4,3,471,La ricerca del piacere come fine,Sbagliata,
1,1,472,Imre Lakatos,Sbagliata,
2,1,472,Karl Popper,Corretta,1.0
3,1,472,Thomas Kuhn,Sbagliata,
4,1,472,Paul Feyerabend,Sbagliata,
1,2,472,L'empirismo radicale,Sbagliata,
2,2,472,La fiducia nella conoscenza scientifica,Sbagliata,
3,2,472,Il relativismo culturale,Sbagliata,
4,2,472,La posizione che mette in dubbio la possibilità di conoscenza certa,Corretta,1.0
1,3,472,Le scoperte rivoluzionarie,Sbagliata,
2,3,472,I metodi sperimentali,Sbagliata,
3,3,472,Quadri concettuali condivisi da una comunità scientifica che guidano la ricerca,Corretta,1.0
4,3,472,Le teorie falsificate,Sbagliata,
1,1,473,La distribuzione uguale di tutte le risorse,Sbagliata,
2,1,473,Le disuguaglianze sono accettabili solo se avvantaggiano i membri meno favoriti della società,Corretta,1.0
3,1,473,Il principio utilitarista,Sbagliata,
4,1,473,Il diritto naturale della proprietà privata,Sbagliata,
1,2,473,Agisci solo secondo quella massima che puoi volere sia una legge universale,Corretta,1.0
2,2,473,La regola d'oro della reciprocità,Sbagliata,
3,2,473,Il principio di utilità,Sbagliata,
4,2,473,Il principio del piacere,Sbagliata,
1,3,473,L'etica economica,Sbagliata,
2,3,473,L'etica ambientale,Sbagliata,
3,3,473,La filosofia della natura,Sbagliata,
4,3,473,L'applicazione dell'analisi etica alle questioni poste dalla medicina e dalle biotecnologie,Corretta,1.0
1,4,473,Aristotele,Sbagliata,
2,4,473,Jeremy Bentham,Sbagliata,
3,4,473,Immanuel Kant,Corretta,1.0
4,4,473,John Stuart Mill,Sbagliata,
1,5,473,L'etica della virtù aristotelica,Sbagliata,
2,5,473,Una teoria dei doveri morali assoluti,Sbagliata,
3,5,473,La teoria etica che valuta le azioni in base alla massimizzazione del benessere totale,Corretta,1.0
4,5,473,Il contrattualismo sociale,Sbagliata,
1,1,474,Il paradiso islamico,Sbagliata,
2,1,474,Lo stato di liberazione dalla sofferenza e dal ciclo delle rinascite,Corretta,1.0
3,1,474,L'unione con Brahman,Sbagliata,
4,1,474,Il paradiso cristiano,Sbagliata,
1,2,474,L'ateismo,Sbagliata,
2,2,474,Il politeismo,Sbagliata,
3,2,474,La concezione che identifica Dio con l'universo intero,Corretta,1.0
4,2,474,Il monoteismo,Sbagliata,
1,3,474,Il Talmud ebraico,Sbagliata,
2,3,474,La Bibbia cristiana,Sbagliata,
3,3,474,Il Mahabharata induista,Sbagliata,
4,3,474,"Il libro sacro dell'Islam, rivelato al profeta Maometto",Corretta,1.0
1,1,475,Paleomagnetismo per ceramiche,Sbagliata,
2,1,475,Dendrocronologia per oggetti inorganici,Sbagliata,
3,1,475,Termoluminescenza per metalli,Sbagliata,
4,1,475,Datazione al radiocarbonio (C-14),Corretta,1.0
1,2,475,Un tipo di arma,Sbagliata,
2,2,475,Uno strumento musicale,Sbagliata,
3,2,475,Un recipiente in terracotta a due anse usato per conservare e trasportare liquidi,Corretta,1.0
4,2,475,Un elemento architettonico,Sbagliata,
1,3,475,I Fenici,Sbagliata,
2,3,475,Gli Ittiti,Sbagliata,
3,3,475,I Greci micenei,Sbagliata,
4,3,475,I Troiani (civiltà anatolica dell'età del bronzo),Corretta,1.0
1,4,475,Uno stile con scanalature verticali senza ornamenti,Sbagliata,
2,4,475,Uno stile caratterizzato da capitelli decorati con foglie di acanto,Corretta,1.0
3,4,475,Uno stile con capitelli semplici e squadrati,Sbagliata,
4,4,475,Uno stile romano tardivo,Sbagliata,
1,5,475,Esistono copie romane in vari musei del mondo; l'originale (Mirone) è perduto,Corretta,1.0
2,5,475,"Musei Vaticani, originale intatto",Sbagliata,
3,5,475,Museo dell'Acropoli di Atene,Sbagliata,
4,5,475,"Museo Nazionale di Napoli, originale",Sbagliata,
1,1,476,Una moneta commemorativa,Sbagliata,
2,1,476,Una moneta straniera,Sbagliata,
3,1,476,Una moneta offerta in voto in luoghi sacri,Corretta,1.0
4,1,476,Una moneta rara da collezione,Sbagliata,
1,2,476,"La disciplina che studia monete, medaglie e banconote",Corretta,1.0
2,2,476,La zecca delle monete,Sbagliata,
3,2,476,La storia della banca,Sbagliata,
4,2,476,L'economia monetaria medievale,Sbagliata,
1,1,477,Monaci copisti,Sbagliata,
2,1,477,Filosofi scolastici,Sbagliata,
3,1,477,Narratori di epica,Sbagliata,
4,1,477,Poeti-musicisti del sud della Francia che componevano in lingua d'oc,Corretta,1.0
1,2,477,La storia di Roma antica,Sbagliata,
2,2,477,La grammatica del Greco classico,Sbagliata,
3,2,477,Le lingue e le letterature derivate dal Latino nelle tradizioni romanze,Corretta,1.0
4,2,477,Le iscrizioni latine medievali,Sbagliata,
1,3,477,I Sonetti di Guinizzelli,Sbagliata,
2,3,477,Le Rime di Guittone d'Arezzo,Sbagliata,
3,3,477,La Vita Nova di Dante,Corretta,1.0
4,3,477,Il Cantico delle Creature di Francesco d'Assisi,Sbagliata,
1,1,478,Un tipo di cerimoniale funerario,Sbagliata,
2,1,478,La sequenza di cariche politiche e militari da percorrere nella carriera pubblica romana,Corretta,1.0
3,1,478,Il percorso stradale principale dell'Impero,Sbagliata,
4,1,478,Il calendario delle festività romane,Sbagliata,
1,2,478,44 a.C.,Sbagliata,
2,2,478,753 a.C.,Corretta,1.0
3,2,478,509 a.C.,Sbagliata,
4,2,478,264 a.C.,Sbagliata,
1,3,478,410 d.C.,Sbagliata,
2,3,478,455 d.C.,Sbagliata,
3,3,478,395 d.C.,Sbagliata,
4,3,478,476 d.C.,Corretta,1.0
1,4,478,Il consiglio degli imperatori,Sbagliata,
2,4,478,Il tribunale supremo,Sbagliata,
3,4,478,L'assemblea dei patrizi e successivamente dei senatori che consigliava i magistrati e governava la res publica,Corretta,1.0
4,4,478,L'assemblea popolare,Sbagliata,
1,1,479,1916,Sbagliata,
2,1,479,1912,Sbagliata,
3,1,479,1914,Corretta,1.0
4,1,479,1918,Sbagliata,
1,2,479,Una vittoria decisiva dell'Intesa,Sbagliata,
2,2,479,Una battaglia navale nel Mar del Nord,Sbagliata,
3,2,479,La battaglia che decise le sorti della guerra,Sbagliata,
4,2,479,Una delle battaglie più sanguinose della storia con oltre un milione di vittime,Corretta,1.0
1,1,480,1940,Sbagliata,
2,1,480,1941,Sbagliata,
3,1,480,1938,Sbagliata,
4,1,480,1939,Corretta,1.0
1,2,480,8 settembre 1943,Sbagliata,
2,2,480,6 agosto 1944,Sbagliata,
3,2,480,6 giugno 1944,Corretta,1.0
4,2,480,25 aprile 1945,Sbagliata,
1,3,480,Un campo di prigionia,Sbagliata,
2,3,480,Una battaglia della WWII,Sbagliata,
3,3,480,Il genocidio sistematico degli ebrei e altre minoranze operato dai nazisti durante la WWII,Corretta,1.0
4,3,480,Un accordo di pace,Sbagliata,
1,1,481,La potenza economica,Sbagliata,
2,1,481,Il potere militare convenzionale,Sbagliata,
3,1,481,"La capacità di influenzare altri paesi tramite cultura, valori e diplomazia anziché forza militare",Corretta,1.0
4,1,481,La diplomazia segreta,Sbagliata,
1,2,481,Il segretariato dell'ONU,Sbagliata,
2,2,481,L'organo principale responsabile del mantenimento della pace e sicurezza internazionale con 5 membri permanenti,Corretta,1.0
3,2,481,La corte internazionale,Sbagliata,
4,2,481,L'assemblea di tutti i paesi membri,Sbagliata,
1,1,482,Un sistema di difesa missilistica,Sbagliata,
2,1,482,La strategia di prevenire un attacco nucleare attraverso la minaccia di una risposta nucleare devastante,Corretta,1.0
3,1,482,Un trattato di non proliferazione,Sbagliata,
4,1,482,Un accordo di disarmo,Sbagliata,
1,2,482,L'imperialismo occidentale,Sbagliata,
2,2,482,"L'intensificazione delle interdipendenze economiche, culturali e politiche tra paesi",Corretta,1.0
3,2,482,La diffusione della democrazia,Sbagliata,
4,2,482,La formazione di blocchi regionali,Sbagliata,
1,1,483,Un canale artificiale cinese,Sbagliata,
2,1,483,Una muraglia difensiva,Sbagliata,
3,1,483,Una rotta marittima,Sbagliata,
4,1,483,Una rete di rotte commerciali che collegava la Cina all'Europa attraverso l'Asia Centrale,Corretta,1.0
1,2,483,Attila,Sbagliata,
2,2,483,Gengis Khan,Corretta,1.0
3,2,483,Tamerlano,Sbagliata,
4,2,483,Kublai Khan,Sbagliata,
1,1,484,Sam Nujoma,Corretta,1.0
2,1,484,Julius Nyerere,Sbagliata,
3,1,484,Nelson Mandela,Sbagliata,
4,1,484,Kwame Nkrumah,Sbagliata,
1,2,484,Una tradizione musicale africana,Sbagliata,
2,2,484,Un tipo di governo tribale,Sbagliata,
3,2,484,Il sistema di segregazione razziale istituzionalizzato in Sudafrica (1948-1994),Corretta,1.0
4,2,484,Un accordo diplomatico,Sbagliata,
1,3,484,Induismo,Sbagliata,
2,3,484,Animismo,Sbagliata,
3,3,484,Islam,Corretta,1.0
4,3,484,Cristianesimo,Sbagliata,
1,1,485,Un pianista classico,Sbagliata,
2,1,485,Un batterista rock,Sbagliata,
3,1,485,Un trombettista jazz che rivoluzionò il genere con album come 'Kind of Blue',Corretta,1.0
4,1,485,Un chitarrista blues,Sbagliata,
1,2,485,Una tecnica vocale jazz in cui si usano sillabe senza senso invece di parole,Corretta,1.0
2,2,485,Un tipo di blues,Sbagliata,
3,2,485,Un genere di gospel,Sbagliata,
4,2,485,Una forma di opera jazz,Sbagliata,
1,3,485,Un tipo di opera lirica,Sbagliata,
2,3,485,Un genere musicale afroamericano con struttura a 12 battute e valore espressivo delle blue notes,Corretta,1.0
3,3,485,Un tipo di danza,Sbagliata,
4,3,485,Un genere classico,Sbagliata,
1,4,485,Contrabbasso,Sbagliata,
2,4,485,Sassofono,Sbagliata,
3,4,485,Pianoforte,Corretta,1.0
4,4,485,Tromba,Sbagliata,
1,1,486,La partitura musicale,Sbagliata,
2,1,486,Il contratto del tenore,Sbagliata,
3,1,486,"Il testo scritto dell'opera, comprensivo dei dialoghi e delle arie",Corretta,1.0
4,1,486,Il programma di sala,Sbagliata,
1,2,486,Il finale corale,Sbagliata,
2,2,486,Il preludio orchestrale,Sbagliata,
3,2,486,Un brano solistico in cui un personaggio esprime i propri sentimenti,Corretta,1.0
4,2,486,Il duetto tra due personaggi,Sbagliata,
1,3,486,Giuseppe Verdi,Corretta,1.0
2,3,486,Gaetano Donizetti,Sbagliata,
3,3,486,Gioachino Rossini,Sbagliata,
4,3,486,Giacomo Puccini,Sbagliata,
1,4,486,Gioachino Rossini,Corretta,1.0
2,4,486,Gaetano Donizetti,Sbagliata,
3,4,486,Vincenzo Bellini,Sbagliata,
4,4,486,Giovanni Paisiello,Sbagliata,
1,1,487,Un tipo di heavy metal,Sbagliata,
2,1,487,Un genere punk californiano,Sbagliata,
3,1,487,"Un sottogenere del rock alternativo degli anni '90 nato a Seattle, con band come Nirvana",Corretta,1.0
4,1,487,Un genere musicale inglese degli anni '70,Sbagliata,
1,2,487,Il glam rock,Sbagliata,
2,2,487,Il progressive rock,Sbagliata,
3,2,487,"Un genere musicale degli anni '70 caratterizzato da energia grezza, semplicità e atteggiamento anti-establishment",Corretta,1.0
4,2,487,Il folk rock,Sbagliata,
1,3,487,Concert for Bangladesh,Sbagliata,
2,3,487,Live Aid,Sbagliata,
3,3,487,Festival di Woodstock,Corretta,1.0
4,3,487,Festival di Glastonbury,Sbagliata,
1,4,487,Elton John,Sbagliata,
2,4,487,Freddie Mercury (Queen),Corretta,1.0
3,4,487,Led Zeppelin,Sbagliata,
4,4,487,David Bowie,Sbagliata,
1,1,488,Claude Monet,Corretta,1.0
2,1,488,Pierre-Auguste Renoir,Sbagliata,
3,1,488,Camille Pissarro,Sbagliata,
4,1,488,Edgar Degas,Sbagliata,
1,2,488,Vincent van Gogh,Sbagliata,
2,2,488,Paul Cézanne,Corretta,1.0
3,2,488,Georges Seurat,Sbagliata,
4,2,488,Paul Gauguin,Sbagliata,
1,1,489,La Venere di Milo,Sbagliata,
2,1,489,La Nike di Samotracia,Sbagliata,
3,1,489,Il Laocoonte,Sbagliata,
4,1,489,Il Discobolo di Mirone (o il Doriforo di Policleto),Corretta,1.0
1,2,489,La pratica di dipingere le sculture con colori vivaci,Corretta,1.0
2,2,489,L'uso di diversi materiali,Sbagliata,
3,2,489,La fusione a cera persa,Sbagliata,
4,2,489,La lavorazione a più mani,Sbagliata,
1,3,489,Marmo e bronzo,Corretta,1.0
2,3,489,Granito e basalto,Sbagliata,
3,3,489,Avorio e osso,Sbagliata,
4,3,489,Terracotta e argilla,Sbagliata,
1,1,490,L'architettura gotica,Sbagliata,
2,1,490,Un movimento del XX secolo che rifiuta lo storicismo e abbraccia funzionalismo e nuovi materiali,Corretta,1.0
3,1,490,Il barocco internazionale,Sbagliata,
4,1,490,Lo stile neoclassico del XIX secolo,Sbagliata,
1,2,490,Un tipo di arco strutturale,Sbagliata,
2,2,490,Una facciata non portante in vetro e metallo applicata alla struttura portante dell'edificio,Corretta,1.0
3,2,490,Una tecnica di isolamento termico,Sbagliata,
4,2,490,Un muro portante in mattoni,Sbagliata,
1,3,490,Le Corbusier,Sbagliata,
2,3,490,Frank Lloyd Wright,Corretta,1.0
3,3,490,Walter Gropius,Sbagliata,
4,3,490,Mies van der Rohe,Sbagliata,
1,1,491,Il prodotto finale,Sbagliata,
2,1,491,Il manuale d'uso,Sbagliata,
3,1,491,Il brevetto del prodotto,Sbagliata,
4,1,491,Un modello fisico o virtuale di un prodotto usato per testare e perfezionare il design prima della produzione,Corretta,1.0
1,2,491,Il design puramente decorativo,Sbagliata,
2,2,491,Il principio che la forma di un oggetto deve essere determinata dalla sua funzione,Corretta,1.0
3,2,491,Il design organico,Sbagliata,
4,2,491,Il neo-classicismo,Sbagliata,
1,3,491,Il creatore del logo Apple,Sbagliata,
2,3,491,Il fondatore del Bauhaus,Sbagliata,
3,3,491,Un pioniere del design industriale americano che ridisegnò la Coca-Cola e la locomotiva a vapore,Corretta,1.0
4,3,491,Il progettista della sedia Eames,Sbagliata,
1,1,492,La velocità dell'otturatore,Sbagliata,
2,1,492,La zona di distanza in cui i soggetti appaiono nitidi nell'immagine,Corretta,1.0
3,1,492,Il bilanciamento del bianco,Sbagliata,
4,1,492,La sensibilità ISO,Sbagliata,
1,2,492,L'elemento che mette a fuoco l'immagine,Sbagliata,
2,2,492,Il meccanismo che regola la quantità di luce che entra nell'obiettivo,Corretta,1.0
3,2,492,Il sensore fotografico,Sbagliata,
4,2,492,Il meccanismo dell'otturatore,Sbagliata,
1,3,492,Una regola sulla velocità dell'otturatore,Sbagliata,
2,3,492,Il rapporto ideale tra larghezza e altezza,Sbagliata,
3,3,492,Una tecnica di illuminazione,Sbagliata,
4,3,492,Una linea guida che divide l'immagine in nove parti uguali e posiziona i soggetti sui punti di intersezione,Corretta,1.0
1,1,493,La selezione e l'unione di riprese per creare il film finale,Corretta,1.0
2,1,493,La ripresa delle scene,Sbagliata,
3,1,493,La colonna sonora,Sbagliata,
4,1,493,La scenografia del film,Sbagliata,
1,2,493,Il cinema commerciale,Sbagliata,
2,2,493,Un tipo di cinema muto,Sbagliata,
3,2,493,Uno stile cinematografico documentaristico che usa telecamere a mano e situazioni reali,Corretta,1.0
4,2,493,Un genere di horror,Sbagliata,
1,3,493,Billy Wilder,Sbagliata,
2,3,493,John Ford,Sbagliata,
3,3,493,Orson Welles,Corretta,1.0
4,3,493,Alfred Hitchcock,Sbagliata,
1,1,494,Il surrealismo,Sbagliata,
2,1,494,Il romanzo storico,Sbagliata,
3,1,494,Uno stile letterario in cui elementi magici o fantastici sono presentati come parte della realtà quotidiana,Corretta,1.0
4,1,494,Il naturalismo,Sbagliata,
1,2,494,Pablo Neruda,Sbagliata,
2,2,494,Gabriel García Márquez,Corretta,1.0
3,2,494,Julio Cortázar,Sbagliata,
4,2,494,Jorge Luis Borges,Sbagliata,
1,1,495,Una forma poetica che usa visivamente le parole sulla pagina come elemento estetico,Corretta,1.0
2,1,495,La poesia tradizionale a rima,Sbagliata,
3,1,495,La poesia epica,Sbagliata,
4,1,495,La lirica romantica,Sbagliata,
1,2,495,T.S. Eliot,Corretta,1.0
2,2,495,W.B. Yeats,Sbagliata,
3,2,495,Dylan Thomas,Sbagliata,
4,2,495,W.H. Auden,Sbagliata,
1,3,495,Eugenio Montale,Corretta,1.0
2,3,495,Salvatore Quasimodo,Sbagliata,
3,3,495,Sandro Penna,Sbagliata,
4,3,495,Giuseppe Ungaretti,Sbagliata,
1,1,496,"Una corrente che mette in discussione le grandi narrazioni, usa l'ironia e la metafiction",Corretta,1.0
2,1,496,Il realismo magico,Sbagliata,
3,1,496,Il modernismo tardivo,Sbagliata,
4,1,496,Il neo-romanticismo,Sbagliata,
1,1,497,Il romanzo storico,Sbagliata,
2,1,497,La poesia narrativa,Sbagliata,
3,1,497,Il saggio letterario,Sbagliata,
4,1,497,"Un genere che mescola autobiografia e finzione, spesso in prima persona",Corretta,1.0
1,2,497,Cesare Pavese,Sbagliata,
2,2,497,Italo Calvino,Corretta,1.0
3,2,497,Elsa Morante,Sbagliata,
4,2,497,Umberto Eco,Sbagliata,
1,1,498,Un manga giapponese,Sbagliata,
2,1,498,Un graphic novel autobiografico di Marjane Satrapi sulla Rivoluzione Iraniana,Corretta,1.0
3,1,498,Un fumetto americano di supereroi,Sbagliata,
4,1,498,Un fumetto belga,Sbagliata,
1,2,498,Non c'è differenza,Sbagliata,
2,2,498,"Il graphic novel è tipicamente una storia completa e lunga, pubblicata come volume singolo",Corretta,1.0
3,2,498,Il graphic novel è in bianco e nero,Sbagliata,
4,2,498,Il fumetto ha più pagine,Sbagliata,
1,3,498,Neil Gaiman,Sbagliata,
2,3,498,Grant Morrison,Sbagliata,
3,3,498,Alan Moore (testi) e Dave Gibbons (disegni),Corretta,1.0
4,3,498,Frank Miller,Sbagliata,
1,1,499,Un fumettista e graphic novelist romano contemporaneo noto per 'Strappare lungo i bordi',Corretta,1.0
2,1,499,Il creatore di Tex,Sbagliata,
3,1,499,Un fumettista degli anni '70,Sbagliata,
4,1,499,Un disegnatore Disney,Sbagliata,
1,2,499,Hugo Pratt,Corretta,1.0
2,2,499,Guido Crepax,Sbagliata,
3,2,499,Sergio Bonelli,Sbagliata,
4,2,499,Magnus,Sbagliata,
1,1,500,Un disturbo del comportamento caratterizzato da uso problematico e compulsivo dei videogiochi,Corretta,1.0
2,1,500,Un disturbo visivo,Sbagliata,
3,1,500,Un tipo di dipendenza da social media,Sbagliata,
4,1,500,Una malattia genetica,Sbagliata,
1,2,500,Space Invaders (1978),Sbagliata,
2,2,500,Pac-Man (1980),Sbagliata,
3,2,500,Pong (1972) di Atari,Corretta,1.0
4,2,500,Donkey Kong (1981),Sbagliata,
1,3,500,Il protagonista di Halo,Sbagliata,
2,3,500,Un personaggio della Marvel,Sbagliata,
3,3,500,"Il personaggio mascotte di Nintendo, idraulico italiano protagonista di numerosi giochi",Corretta,1.0
4,3,500,Un personaggio Sony,Sbagliata,
1,1,501,Spagna,Sbagliata,
2,1,501,Giappone,Sbagliata,
3,1,501,Italia,Sbagliata,
4,1,501,Francia,Corretta,1.0
1,2,501,Un metodo di affumicatura,Sbagliata,
2,2,501,Una tecnica di fermentazione,Sbagliata,
3,2,501,Un tipo di frittura,Sbagliata,
4,2,501,Una tecnica di cottura in cui gli alimenti vengono cotti sottovuoto in acqua a temperatura controllata,Corretta,1.0
1,1,502,Montepulciano,Sbagliata,
2,1,502,Sangiovese grosso (Brunello),Corretta,1.0
3,1,502,Barbera,Sbagliata,
4,1,502,Nebbiolo,Sbagliata,
1,2,502,Piemonte (Langhe),Corretta,1.0
2,2,502,Sicilia,Sbagliata,
3,2,502,Toscana,Sbagliata,
4,2,502,Veneto,Sbagliata,
1,1,503,Sardegna,Corretta,1.0
2,1,503,Calabria,Sbagliata,
3,1,503,Toscana,Sbagliata,
4,1,503,Liguria,Sbagliata,
1,2,503,Dolcetto,Sbagliata,
2,2,503,Barbera,Sbagliata,
3,2,503,Sangiovese,Sbagliata,
4,2,503,Nebbiolo,Corretta,1.0
1,3,503,Un vino spumante veneto prodotto con uve Glera con il metodo Charmat,Corretta,1.0
2,3,503,Un vino bianco siciliano,Sbagliata,
3,3,503,Un vino fermo rosso piemontese,Sbagliata,
4,3,503,Un grappa veneta,Sbagliata,
1,1,504,70-75°C,Sbagliata,
2,1,504,60°C,Sbagliata,
3,1,504,100°C,Sbagliata,
4,1,504,88-96°C,Corretta,1.0
1,1,505,Il grado alcolico,Sbagliata,
2,1,505,L'intensità del colore,Sbagliata,
3,1,505,La durata del sapore e dell'aroma in bocca dopo aver ingoiato il vino,Corretta,1.0
4,1,505,Il contenuto zuccherino,Sbagliata,
1,2,505,Un bicchiere largo con bordo largo,Sbagliata,
2,2,505,Un bicchiere a tulipano di medie dimensioni con apertura più stretta,Corretta,1.0
3,2,505,Un calice ampio bordolese,Sbagliata,
4,2,505,Un flûte da champagne,Sbagliata,
1,3,505,La struttura tannica,Sbagliata,
2,3,505,Il colore del vino,Sbagliata,
3,3,505,"I profumi complessi che si sviluppano con l'invecchiamento, distinti dagli aromi primari dell'uva",Corretta,1.0
4,3,505,Il corpo del vino,Sbagliata,
1,1,506,Lo sci di fondo a stile libero,Sbagliata,
2,1,506,Il salto acrobatico,Sbagliata,
3,1,506,Una gara su una pista con dossi di neve (bolle) in cui si eseguono salti,Corretta,1.0
4,1,506,Lo halfpipe,Sbagliata,
1,2,506,1924 (Chamonix),Sbagliata,
2,2,506,1936 (Garmisch-Partenkirchen),Corretta,1.0
3,2,506,1948 (St. Moritz),Sbagliata,
4,2,506,1960 (Squaw Valley),Sbagliata,
1,1,507,Una gara di motonautica,Sbagliata,
2,1,507,Un torneo di windsurf,Sbagliata,
3,1,507,Un campionato europeo di canoa,Sbagliata,
4,1,507,"La più antica competizione sportiva internazionale (1851), una regata a vela tra yacht",Corretta,1.0
1,2,507,Kayak da mare,Sbagliata,
2,2,507,Canoa velocità,Sbagliata,
3,2,507,Canoa slalom (kayak/canoa),Corretta,1.0
4,2,507,Rafting olimpico,Sbagliata,
1,1,508,Una corsa campestre,Sbagliata,
2,1,508,"Una corsa su strada di 42,195 km",Corretta,1.0
3,1,508,Una corsa a ostacoli,Sbagliata,
4,1,508,Una corsa di 10.000 m in pista,Sbagliata,
1,2,508,Dal baricentro dell'atleta,Sbagliata,
2,2,508,Dal centro del cerchio di lancio,Sbagliata,
3,2,508,Dalla posizione dell'atleta al punto di atterraggio,Sbagliata,
4,2,508,Dalla linea di lancio al punto di prima caduta dell'attrezzo,Corretta,1.0
1,3,508,Una disciplina in cui almeno un piede deve essere sempre a contatto con il suolo,Corretta,1.0
2,3,508,Una corsa lenta,Sbagliata,
3,3,508,Una prova combinata,Sbagliata,
4,3,508,Un tipo di salto,Sbagliata,
1,4,508,Solo il salto con l'asta,Sbagliata,
2,4,508,Solo il salto in alto,Sbagliata,
3,4,508,Salto in alto e salto con l'asta,Corretta,1.0
4,4,508,Il salto in lungo,Sbagliata,
1,1,509,Un fallo di mano,Sbagliata,
2,1,509,Una punizione diretta,Sbagliata,
3,1,509,Una posizione irregolare in cui un attaccante si trova con meno di due avversari tra sé e la porta nel momento del passaggio,Corretta,1.0
4,1,509,Un calcio d'angolo,Sbagliata,
1,2,509,1934 (Italia),Sbagliata,
2,2,509,1926 (non si tenne),Sbagliata,
3,2,509,1920 (Belgio),Sbagliata,
4,2,509,1930 (Uruguay),Corretta,1.0
1,3,509,Ronaldo Fenomeno,Sbagliata,
2,3,509,Cristiano Ronaldo,Sbagliata,
3,3,509,Johan Cruyff,Sbagliata,
4,3,509,"Pelé, Maradona o Lionel Messi (dibattito aperto)",Corretta,1.0
1,4,509,Un tipo di formazione tattica,Sbagliata,
2,4,509,Un sistema di punteggio,Sbagliata,
3,4,509,Un protocollo anti-doping,Sbagliata,
4,4,509,Video Assistant Referee: sistema tecnologico per la revisione video delle decisioni arbitrali,Corretta,1.0
1,1,510,7,Sbagliata,
2,1,510,4,Sbagliata,
3,1,510,5,Corretta,1.0
4,1,510,6,Sbagliata,
1,2,510,20 secondi,Sbagliata,
2,2,510,15 secondi,Sbagliata,
3,2,510,30 secondi,Sbagliata,
4,2,510,24 secondi (shot clock),Corretta,1.0
1,3,510,Un tiro da tre punti,Sbagliata,
2,3,510,"Un lancio senza opposizione dalla linea dei tiri liberi, vale 1 punto",Corretta,1.0
3,3,510,Un tiro da sotto canestro,Sbagliata,
4,3,510,Un tiro in corsa,Sbagliata,
1,1,511,Si giocano al meglio dei cinque set (chi ne vince 3 vince il match),Corretta,1.0
2,1,511,Solo tre set,Sbagliata,
3,1,511,Cinque set sempre,Sbagliata,
4,1,511,Al meglio dei tre set,Sbagliata,
1,2,511,Un punto aggiuntivo,Sbagliata,
2,2,511,Un gioco supplementare per risolvere la parità a 6-6 in un set,Corretta,1.0
3,2,511,Il quinto set a Wimbledon,Sbagliata,
4,2,511,Un turno di servizio,Sbagliata,
1,3,511,Terra rossa,Sbagliata,
2,3,511,Cemento,Sbagliata,
3,3,511,Erba,Corretta,1.0
4,3,511,Cemento indoor,Sbagliata,
1,4,511,24 (record assoluto),Corretta,1.0
2,4,511,20,Sbagliata,
3,4,511,21,Sbagliata,
4,4,511,22,Sbagliata,
1,1,512,Il posto del campione in carica,Sbagliata,
2,1,512,"La posizione di partenza privilegiata (prima fila, lato interno) ottenuta dal pilota più veloce in qualifica",Corretta,1.0
3,1,512,La prima curva,Sbagliata,
4,1,512,La seconda posizione in griglia,Sbagliata,
1,2,512,Mugello,Sbagliata,
2,2,512,Autodromo Nazionale di Monza,Corretta,1.0
3,2,512,Imola,Sbagliata,
4,2,512,Misano,Sbagliata,
1,3,512,Un dispositivo per misurare la temperatura delle gomme,Sbagliata,
2,3,512,Un sistema di frenata automatica,Sbagliata,
3,3,512,Il sistema di sicurezza del pilota,Sbagliata,
4,3,512,Drag Reduction System: un alettone posteriore apribile per ridurre la resistenza aerodinamica e aumentare la velocità in rettilineo,Corretta,1.0
1,4,512,Un ritiro dalla gara,Sbagliata,
2,4,512,Un sorpasso in pista,Sbagliata,
3,4,512,La partenza dalla pole position,Sbagliata,
4,4,512,La sosta ai box per il cambio gomme e rifornimento (non più in gara dal 2010),Corretta,1.0
1,5,512,Il circuito cittadino di Monte-Carlo,Corretta,1.0
2,5,512,Monza,Sbagliata,
3,5,512,Spa-Francorchamps,Sbagliata,
4,5,512,Silverstone,Sbagliata,
1,1,513,Una penalità in gara in cui il pilota deve percorrere un tracciato aggiuntivo rallentando,Corretta,1.0
2,1,513,Un tempo di penalità ai box,Sbagliata,
3,1,513,Una bandiera di penalizzazione,Sbagliata,
4,1,513,Una retrocessione in griglia,Sbagliata,
1,2,513,Valentino Rossi (7 nella classe massima),Corretta,1.0
2,2,513,Marc Marquez,Sbagliata,
3,2,513,Mick Doohan,Sbagliata,
4,2,513,Giacomo Agostini,Sbagliata,
1,1,514,Una tecnica di pedalata,Sbagliata,
2,1,514,Un tipo di fuga in gruppo,Sbagliata,
3,1,514,Una breve ma ripida salita che mette alla prova gli scalatori durante una tappa,Corretta,1.0
4,1,514,Un sprint finale,Sbagliata,
1,2,514,Il gruppo principale di ciclisti che pedalano insieme sfruttando la scia per ridurre la resistenza,Corretta,1.0
2,2,514,Il gruppo dei capitani di squadra,Sbagliata,
3,2,514,I corridori in fuga,Sbagliata,
4,2,514,L'ammiraglia della squadra,Sbagliata,
1,3,514,Il vincitore della tappa,Sbagliata,
2,3,514,Il leader della classifica generale a tempo,Corretta,1.0
3,3,514,Il leader della classifica a punti,Sbagliata,
4,3,514,Il miglior scalatore,Sbagliata,
1,1,515,A forma di L: due caselle in una direzione e una nella direzione perpendicolare,Corretta,1.0
2,1,515,In linea retta,Sbagliata,
3,1,515,Può saltare qualsiasi pezzo,Sbagliata,
4,1,515,In diagonale,Sbagliata,
1,1,516,Una variante della briscola,Sbagliata,
2,1,516,"Un gioco di carte italiano per 4 giocatori in 2 coppie, senza atout fisso",Corretta,1.0
3,1,516,Un gioco con jolly,Sbagliata,
4,1,516,Una variante del poker,Sbagliata,
1,2,516,36,Sbagliata,
2,2,516,54,Sbagliata,
3,2,516,52 (più 2 jolly in alcuni giochi),Corretta,1.0
4,2,516,48,Sbagliata,
1,3,516,"Un gioco di carte con gare, licite e prese per 4 giocatori in 2 coppie",Corretta,1.0
2,3,516,Un gioco di carte americano,Sbagliata,
3,3,516,Un gioco di carte per 2 giocatori,Sbagliata,
4,3,516,Un tipo di poker,Sbagliata,
1,4,516,Un gioco di carte francese,Sbagliata,
2,4,516,Un gioco di carte italiano in cui si stabilisce un seme atout (briscola) e si fanno prese con carta vincente,Corretta,1.0
3,4,516,Un gioco con dadi,Sbagliata,
4,4,516,Un tipo di poker,Sbagliata,
1,1,517,La somma totale delle puntate nel piatto,Corretta,1.0
2,1,517,La cifra minima da puntare,Sbagliata,
3,1,517,Il valore iniziale della posta,Sbagliata,
4,1,517,Il premio del torneo,Sbagliata,
1,2,517,La quantità di fiches,Sbagliata,
2,2,517,Il numero di carte in mano,Sbagliata,
3,2,517,"La posizione al tavolo rispetto al dealer, che determina l'ordine di azione; una posizione tardiva è vantaggiosa",Corretta,1.0
4,2,517,Il tipo di mano,Sbagliata,
1,1,518,Un tipo di salto,Sbagliata,
2,1,518,Un movimento del busto,Sbagliata,
3,1,518,Una posizione delle braccia,Sbagliata,
4,1,518,"La tecnica di ballare sull'estremità delle dita dei piedi, sostenuta da speciali scarpette rigide",Corretta,1.0
1,2,518,Un danzatore russo che disertò l'URSS nel 1961 e divenne uno dei più grandi ballerini del XX secolo,Corretta,1.0
2,2,518,Il direttore del Bolshoi,Sbagliata,
3,2,518,Il fondatore del balletto moderno,Sbagliata,
4,2,518,Il coreografo di 'Lo Schiaccianoci',Sbagliata,
1,3,518,Lo Schiaccianoci,Sbagliata,
2,3,518,Il Lago dei Cigni,Corretta,1.0
3,3,518,La Bella Addormentata,Sbagliata,
4,3,518,La Bayadère,Sbagliata,
1,1,519,August Strindberg,Sbagliata,
2,1,519,Jon Fosse,Sbagliata,
3,1,519,Henrik Ibsen,Corretta,1.0
4,1,519,Lars Norén,Sbagliata,
1,2,519,Una tecnica di recitazione,Sbagliata,
2,2,519,Un effetto scenografico,Sbagliata,
3,2,519,Un tipo di coro greco,Sbagliata,
4,2,519,La purificazione emotiva del pubblico attraverso la visione della tragedia (secondo Aristotele),Corretta,1.0
1,3,519,Il teatro epico di Brecht,Sbagliata,
2,3,519,Un movimento teatrale del dopoguerra che rappresenta l'assurdità dell'esistenza attraverso situazioni illogiche,Corretta,1.0
3,3,519,Il teatro greco classico,Sbagliata,
4,3,519,Il teatro naturalista,Sbagliata,
1,4,519,Il sipario del teatro,Sbagliata,
2,4,519,La scenografia del fondo,Sbagliata,
3,4,519,La parete immaginaria tra il palcoscenico e il pubblico; 'rompere il quarto muro' significa che l'attore si rivolge direttamente agli spettatori,Corretta,1.0
4,4,519,Il fondale dipinto,Sbagliata,
1,1,520,Il teatro dell'assurdo,Sbagliata,
2,1,520,"Uno stile comico basato sul movimento del corpo, senza o con poco testo (Jacques Lecoq)",Corretta,1.0
3,1,520,Un tipo di stand-up comedy,Sbagliata,
4,1,520,Il slapstick cinematografico,Sbagliata,
1,2,520,Un festival di street art,Sbagliata,
2,2,520,"Un movimento contemporaneo che rinnova le arti circensi integrando danza, teatro e tecnologia",Corretta,1.0
3,2,520,Un tipo di magia da palcoscenico,Sbagliata,
4,2,520,Il circo classico con animali,Sbagliata,
1,3,520,Un genere di ginnastica ritmica,Sbagliata,
2,3,520,"Una disciplina circense eseguita in aria su attrezzi come trapezio, tessuto, cerchio o corda",Corretta,1.0
3,3,520,Una disciplina di parkour,Sbagliata,
4,3,520,Un tipo di danza contemporanea,Sbagliata,
1,4,520,Una scuola di arti circensi,Sbagliata,
2,4,520,Un festival itinerante europeo,Sbagliata,
3,4,520,Il più antico circo americano,Sbagliata,
4,4,520,Una compagnia canadese fondata nel 1984 che ha rivoluzionato il circo moderno senza animali,Corretta,1.0
1,1,521,Aristotele,Sbagliata,
2,1,521,Pitagora,Sbagliata,
3,1,521,Socrate,Corretta,1.0
4,1,521,Platone,Sbagliata,
1,2,521,Odeo,Sbagliata,
2,2,521,Agorà,Sbagliata,
3,2,521,Partenone,Corretta,1.0
4,2,521,Erario,Sbagliata,
1,1,522,CH₂O,Sbagliata,
2,1,522,C₂H₄,Sbagliata,
3,1,522,C₂H₆,Sbagliata,
4,1,522,CH₄,Corretta,1.0
1,2,522,Butano,Sbagliata,
2,2,522,Etilene,Sbagliata,
3,2,522,Acetilene,Sbagliata,
4,2,522,Benzene,Corretta,1.0
1,3,522,Alogenuro e borano,Sbagliata,
2,3,522,Carbonile e amminico,Corretta,1.0
3,3,522,Solfuro e nitrile,Sbagliata,
4,3,522,Carbonile e idrossile,Corretta,1.0
1,1,523,Dissipativa,Corretta,1.0
2,1,523,Gravitazionale,Sbagliata,
3,1,523,Centripeta,Sbagliata,
4,1,523,Conservativa,Sbagliata,
1,2,523,Joule,Sbagliata,
2,2,523,Pascal,Sbagliata,
3,2,523,Newton,Corretta,1.0
4,2,523,Watt,Sbagliata,
1,3,523,Conservazione dell'energia,Sbagliata,
2,3,523,Principio di Archimede,Sbagliata,
3,3,523,Terza legge di Newton (azione e reazione),Corretta,1.0
4,3,523,Prima legge di Newton,Sbagliata,
1,4,523,Costante,Sbagliata,
2,4,523,Negativa,Sbagliata,
3,4,523,Zero,Corretta,1.0
4,4,523,Variabile,Sbagliata,
1,1,524,Il castello,Sbagliata,
2,1,524,America,Sbagliata,
3,1,524,Il processo,Sbagliata,
4,1,524,La metamorfosi,Corretta,1.0
1,2,524,Luigi Pirandello,Sbagliata,
2,2,524,Eugenio Montale,Sbagliata,
3,2,524,Dario Fo,Corretta,1.0
4,2,524,Grazia Deledda,Sbagliata,
1,3,524,George Orwell,Corretta,1.0
2,3,524,Aldous Huxley,Sbagliata,
3,3,524,Ernest Hemingway,Sbagliata,
4,3,524,Franz Kafka,Sbagliata,
1,1,525,I = C / r,Sbagliata,
2,1,525,I = C × r × t,Corretta,1.0
3,1,525,I = C - r × t,Sbagliata,
4,1,525,I = C × (1+r)^t,Sbagliata,
1,2,525,La differenza tra valore attuale dei flussi e investimento iniziale,Corretta,1.0
2,2,525,Il tasso di profitto,Sbagliata,
3,2,525,Il costo del capitale,Sbagliata,
4,2,525,Il rendimento lordo,Sbagliata,
1,3,525,La rivalutazione del capitale,Sbagliata,
2,3,525,Il rimborso graduale di un debito nel tempo,Corretta,1.0
3,3,525,L'emissione di obbligazioni,Sbagliata,
4,3,525,Il calcolo degli interessi,Sbagliata,
1,4,525,La sensibilità del prezzo alle variazioni del tasso,Corretta,1.0
2,4,525,Il rendimento a scadenza,Sbagliata,
3,4,525,Il rating creditizio,Sbagliata,
4,4,525,Il valore nominale,Sbagliata,
1,5,525,Il valore attuale di una rendita,Sbagliata,
2,5,525,Il costo del debito,Sbagliata,
3,5,525,L'interesse composto sul tempo,Sbagliata,
4,5,525,L'interesse proporzionale al capitale e al tempo,Corretta,1.0
1,1,526,Strutture per la digestione cellulare,Sbagliata,
2,1,526,Organelli che sintetizzano le proteine,Corretta,1.0
3,1,526,Canali per il trasporto ionico,Sbagliata,
4,1,526,Organelli che producono energia,Sbagliata,
1,2,526,Vacuoli,Sbagliata,
2,2,526,Nuclei,Sbagliata,
3,2,526,Cloroplasti,Corretta,1.0
4,2,526,Mitocondri,Sbagliata,
1,3,526,DNA circolare,Sbagliata,
2,3,526,Proteine fibrose,Sbagliata,
3,3,526,Doppio strato fosfolipidico,Corretta,1.0
4,3,526,Polisaccaridi,Sbagliata,
1,4,526,Centrosoma,Sbagliata,
2,4,526,Cloroplasto,Corretta,1.0
3,4,526,Ribosoma,Sbagliata,
4,4,526,Mitocondrio,Sbagliata,
1,1,527,Mar Egeo,Sbagliata,
2,1,527,Mar Nero,Corretta,1.0
3,1,527,Mar Adriatico,Sbagliata,
4,1,527,Mar Baltico,Sbagliata,
1,2,527,Russia,Corretta,1.0
2,2,527,Spagna,Sbagliata,
3,2,527,Francia,Sbagliata,
4,2,527,Ucraina,Sbagliata,
1,3,527,Bratislava,Sbagliata,
2,3,527,Praga,Sbagliata,
3,3,527,Budapest,Corretta,1.0
4,3,527,Vienna,Sbagliata,
1,4,527,Austria,Sbagliata,
2,4,527,Norvegia,Corretta,1.0
3,4,527,Portogallo,Sbagliata,
4,4,527,Belgio,Sbagliata,
1,1,528,Urano,Sbagliata,
2,1,528,Giove,Sbagliata,
3,1,528,Nettuno,Sbagliata,
4,1,528,Saturno,Corretta,1.0
1,2,528,Stato stazionario,Sbagliata,
2,2,528,Creazione continua,Sbagliata,
3,2,528,Big Bang,Corretta,1.0
4,2,528,Universo oscillante,Sbagliata,
1,3,528,Una galassia lontana,Sbagliata,
2,3,528,Un satellite artificiale,Sbagliata,
3,3,528,Un buco nero in formazione,Sbagliata,
4,3,528,Una nube interstellare di gas e polveri,Corretta,1.0
1,1,529,Portoghese,Sbagliata,
2,1,529,Francese,Sbagliata,
3,1,529,Spagnolo,Corretta,1.0
4,1,529,Italiano,Sbagliata,
1,2,529,Solo parzialmente,Sbagliata,
2,2,529,No,Sbagliata,
3,2,529,È una lingua slava,Sbagliata,
4,2,529,Sì,Corretta,1.0
1,3,529,Aggiunta della -s finale,Sbagliata,
2,3,529,Cambio delle vocali toniche,Sbagliata,
3,3,529,Perdita delle consonanti iniziali,Sbagliata,
4,3,529,Caduta della -m finale,Corretta,1.0
1,1,530,Litografia,Sbagliata,
2,1,530,Incisione,Sbagliata,
3,1,530,Mosaico,Corretta,1.0
4,1,530,Affresco,Sbagliata,
1,2,530,Arcate semicircolari,Sbagliata,
2,2,530,Archi a sesto acuto e vetrate colorate,Corretta,1.0
3,2,530,Cupole e mosaici dorati,Sbagliata,
4,2,530,Colonne doriche e frontoni triangolari,Sbagliata,
1,1,531,Gli anni '70,Sbagliata,
2,1,531,La seconda guerra mondiale e il dopoguerra,Corretta,1.0
3,1,531,Gli anni '30,Sbagliata,
4,1,531,La prima guerra mondiale,Sbagliata,
1,2,531,Vittorio De Sica,Sbagliata,
2,2,531,Federico Fellini,Corretta,1.0
3,2,531,Mario Monicelli,Sbagliata,
4,2,531,Roberto Rossellini,Sbagliata,
1,3,531,Il settimo sigillo,Corretta,1.0
2,3,531,Sinfonia d'autunno,Sbagliata,
3,3,531,Luci d'inverno,Sbagliata,
4,3,531,Persona,Sbagliata,
1,1,532,Trentino,Sbagliata,
2,1,532,Piemonte,Corretta,1.0
3,1,532,Liguria,Sbagliata,
4,1,532,Veneto,Sbagliata,
1,2,532,Struffoli,Corretta,1.0
2,2,532,Colomba,Sbagliata,
3,2,532,Panettone,Sbagliata,
4,2,532,Pandoro,Sbagliata,
1,3,532,Pasta alla Norma,Corretta,1.0
2,3,532,Cacio e pepe,Sbagliata,
3,3,532,Amatriciana,Sbagliata,
4,3,532,Carbonara,Sbagliata,
1,1,533,Java,Sbagliata,
2,1,533,Python,Sbagliata,
3,1,533,HTML,Corretta,1.0
4,1,533,C++,Sbagliata,
1,2,533,Linux,Sbagliata,
2,2,533,Windows,Sbagliata,
3,2,533,macOS,Corretta,1.0
4,2,533,Android,Sbagliata,
1,1,534,Il Parlamento è composto da Camera e Senato con uguali poteri,Corretta,1.0
2,1,534,Il Governo nomina entrambe le camere,Sbagliata,
3,1,534,Solo la Camera può approvare leggi,Sbagliata,
4,1,534,Il Senato ha poteri superiori,Sbagliata,
1,2,534,Diritti fondamentali non eliminabili dallo Stato,Corretta,1.0
2,2,534,Diritti concessi dal Parlamento,Sbagliata,
3,2,534,Diritti acquisiti con la maggiore età,Sbagliata,
4,2,534,Privilegi riservati ai cittadini italiani,Sbagliata,
1,3,534,Corte Costituzionale,Corretta,1.0
2,3,534,Corte di Cassazione,Sbagliata,
3,3,534,Parlamento,Sbagliata,
4,3,534,Presidente della Repubblica,Sbagliata,
1,4,534,21 anni,Sbagliata,
2,4,534,25 anni,Sbagliata,
3,4,534,16 anni,Sbagliata,
4,4,534,18 anni,Corretta,1.0
1,1,535,La redditività del capitale proprio,Corretta,1.0
2,1,535,La redditività delle vendite,Sbagliata,
3,1,535,La liquidità aziendale,Sbagliata,
4,1,535,Il grado di indebitamento,Sbagliata,
1,2,535,Il punto in cui ricavi e costi totali si eguagliano,Corretta,1.0
2,2,535,Il punto di minimo costo,Sbagliata,
3,2,535,Il massimo profitto ottenibile,Sbagliata,
4,2,535,Il volume di vendita ottimale,Sbagliata,
1,3,535,Il costo medio ponderato del capitale,Corretta,1.0
2,3,535,Il fatturato annuo,Sbagliata,
3,3,535,Il rendimento dell'investimento,Sbagliata,
4,3,535,Il margine lordo,Sbagliata,
1,1,536,Georg Friedrich Handel,Sbagliata,
2,1,536,Arcangelo Corelli,Sbagliata,
3,1,536,Johann Sebastian Bach,Sbagliata,
4,1,536,Antonio Vivaldi,Corretta,1.0
1,2,536,Una tecnica di composizione sinfonica,Sbagliata,
2,2,536,Un metodo di improvvisazione jazzistica,Sbagliata,
3,2,536,Un genere di musica popolare,Sbagliata,
4,2,536,Uno stile vocale operistico italiano dell'800,Corretta,1.0
1,1,537,Il comportamento morale e la vita buona,Corretta,1.0
2,1,537,La struttura del cosmo,Sbagliata,
3,1,537,La conoscenza e la verità,Sbagliata,
4,1,537,Il linguaggio e la logica,Sbagliata,
1,2,537,L'aria è la sostanza di base,Sbagliata,
2,2,537,L'acqua è il principio di tutte le cose,Sbagliata,
3,2,537,Il fuoco è l'elemento primordiale,Sbagliata,
4,2,537,La realtà è composta da atomi indivisibili nel vuoto,Corretta,1.0
1,3,537,La ricerca della felicità,Sbagliata,
2,3,537,Purificazione emotiva attraverso la tragedia,Corretta,1.0
3,3,537,La virtù come abitudine,Sbagliata,
4,3,537,La conoscenza della forma,Sbagliata,
1,1,538,26,Sbagliata,
2,1,538,40,Sbagliata,
3,1,538,28,Sbagliata,
4,1,538,33-34,Corretta,1.0
1,2,538,Lobo frontale e temporale sinistro,Corretta,1.0
2,2,538,Cervelletto,Sbagliata,
3,2,538,Corpo calloso,Sbagliata,
4,2,538,Bulbo rachidiano,Sbagliata,
1,3,538,Omero,Sbagliata,
2,3,538,Femore,Corretta,1.0
3,3,538,Radio,Sbagliata,
4,3,538,Tibia,Sbagliata,
1,4,538,Tiroide,Sbagliata,
2,4,538,Reni,Sbagliata,
3,4,538,Pancreas,Corretta,1.0
4,4,538,Fegato,Sbagliata,
1,1,539,Il ciclo dell'acqua in natura,Sbagliata,
2,1,539,Il processo di fotosintesi,Sbagliata,
3,1,539,La distribuzione delle specie nel territorio,Sbagliata,
4,1,539,La sequenza di organismi che si nutrono l'uno dell'altro,Corretta,1.0
1,2,539,Convenzione di Vienna,Sbagliata,
2,2,539,Protocollo di Kyoto,Sbagliata,
3,2,539,Accordo di Parigi,Corretta,1.0
4,2,539,Trattato di Basilea,Sbagliata,
1,3,539,Una specie introdotta in un nuovo habitat dove causa danni,Corretta,1.0
2,3,539,Una specie in via di estinzione,Sbagliata,
3,3,539,Una specie endemica,Sbagliata,
4,3,539,Una specie adattata agli ambienti freddi,Sbagliata,
1,1,540,Nuoto artistico (ex sincronizzato),Corretta,1.0
2,1,540,Pallanuoto,Sbagliata,
3,1,540,Tuffi,Sbagliata,
4,1,540,Nuoto di fondo,Sbagliata,
1,2,540,"Forza, unità, gloria",Sbagliata,
2,2,540,"Più veloce, più alto, più forte",Corretta,1.0
3,2,540,"Pace, amicizia, rispetto",Sbagliata,
4,2,540,"Vincere, lottare, onorare",Sbagliata,
1,1,541,Un computer,Corretta,1.0
2,1,541,Una rete neurale biologica,Sbagliata,
3,1,541,Un fiume,Sbagliata,
4,1,541,Un edificio,Sbagliata,
1,2,541,La memoria a lungo termine,Sbagliata,
2,2,541,Il magazzino sensoriale,Sbagliata,
3,2,541,Un sistema a capacità limitata per il mantenimento temporaneo delle informazioni,Corretta,1.0
4,2,541,La memoria emotiva,Sbagliata,
1,3,541,Il comportamento osservabile,Sbagliata,
2,3,541,L'inconscio,Sbagliata,
3,3,541,"I processi mentali come percezione, memoria e pensiero",Corretta,1.0
4,3,541,Le emozioni primarie,Sbagliata,
1,4,541,La memoria procedurale,Sbagliata,
2,4,541,La creatività nel problem solving,Sbagliata,
3,4,541,L'intelligenza emotiva,Sbagliata,
4,4,541,La capacità di analizzare e valutare le informazioni in modo razionale,Corretta,1.0
1,1,542,La teoria economica,Sbagliata,
2,1,542,La storia medievale,Sbagliata,
3,1,542,La sociologia urbana e l'immigrazione nelle città industriali,Corretta,1.0
4,1,542,La psicologia comportamentale,Sbagliata,
1,2,542,La gestione dei rifiuti urbani,Sbagliata,
2,2,542,La separazione spaziale di gruppi sociali all'interno della città,Corretta,1.0
3,2,542,L'architettura degli spazi pubblici,Sbagliata,
4,2,542,La pianificazione del traffico,Sbagliata,
1,3,542,Città sottomarine,Sbagliata,
2,3,542,Agglomerazioni urbane di dimensioni enormi che connettono più metropoli,Corretta,1.0
3,3,542,Reti di città virtuali,Sbagliata,
4,3,542,Grandi isole abitate,Sbagliata,
1,4,542,Un quartiere ad alta densità,Sbagliata,
2,4,542,Un progetto di edilizia popolare,Sbagliata,
3,4,542,Il degrado del centro storico,Sbagliata,
4,4,542,L'espansione disordinata della città nelle aree periferiche,Corretta,1.0
1,1,543,Raffaello Sanzio,Sbagliata,
2,1,543,Michelangelo Buonarroti,Corretta,1.0
3,1,543,Leonardo da Vinci,Sbagliata,
4,1,543,Sandro Botticelli,Sbagliata,
1,2,543,La bussola magnetica,Sbagliata,
2,2,543,Il cannocchiale,Sbagliata,
3,2,543,La stampa a caratteri mobili,Corretta,1.0
4,2,543,Il telescopio,Sbagliata,
1,3,543,Lorenzo il Magnifico,Sbagliata,
2,3,543,Coluccio Salutati,Sbagliata,
3,3,543,Leonardo Bruni,Sbagliata,
4,3,543,Niccolò Machiavelli,Corretta,1.0
1,1,544,Robinson Crusoe,Sbagliata,
2,1,544,Tom Jones,Sbagliata,
3,1,544,Gulliver's Travels,Sbagliata,
4,1,544,Oliver Twist,Corretta,1.0
1,2,544,Mary Shelley,Sbagliata,
2,2,544,Jane Austen,Corretta,1.0
3,2,544,Charlotte Brontë,Sbagliata,
4,2,544,Virginia Woolf,Sbagliata,
1,3,544,1930,Sbagliata,
2,3,544,1915,Sbagliata,
3,3,544,1945,Sbagliata,
4,3,544,1922,Corretta,1.0
1,1,545,La teoria degli insiemi,Sbagliata,
2,1,545,Un sistema formale con proposizioni vere o false,Corretta,1.0
3,1,545,Il calcolo delle probabilità,Sbagliata,
4,1,545,Un ramo della geometria,Sbagliata,
1,2,545,Strutture matematiche fondamentalmente discrete (non continue),Corretta,1.0
2,2,545,Il calcolo integrale e differenziale,Sbagliata,
3,2,545,La geometria euclidea,Sbagliata,
4,2,545,Le equazioni differenziali,Sbagliata,
1,3,545,Il costo di algoritmi come Merge Sort,Corretta,1.0
2,3,545,Il costo dell'algoritmo della bolla,Sbagliata,
3,3,545,Il costo della ricerca lineare,Sbagliata,
4,3,545,Il costo dell'accesso diretto,Sbagliata,
1,1,546,Un identificatore univoco assegnato a ogni scheda di rete,Corretta,1.0
2,1,546,Un tipo di indirizzo IP,Sbagliata,
3,1,546,Un tipo di cavo di rete,Sbagliata,
4,1,546,Un protocollo di sicurezza,Sbagliata,
1,2,546,Non c'è differenza,Sbagliata,
2,2,546,TCP è più veloce di UDP,Sbagliata,
3,2,546,"TCP è orientato alla connessione e affidabile, UDP è senza connessione e non garantisce la consegna",Corretta,1.0
4,2,546,UDP è orientato alla connessione,Sbagliata,
1,3,546,Un server web,Sbagliata,
2,3,546,Un dispositivo che instrada i pacchetti tra reti diverse,Corretta,1.0
3,3,546,Un dispositivo per amplificare il segnale Wi-Fi,Sbagliata,
4,3,546,Un firewall hardware,Sbagliata,
1,1,547,Un ciclo infinito,Sbagliata,
2,1,547,Una funzione che chiama se stessa,Corretta,1.0
3,1,547,Un tipo di struttura dati,Sbagliata,
4,1,547,Un protocollo di rete,Sbagliata,
1,2,547,O(n),Sbagliata,
2,2,547,O(1),Sbagliata,
3,2,547,O(n²),Sbagliata,
4,2,547,O(log n),Corretta,1.0
1,3,547,Un tipo di albero bilanciato,Sbagliata,
2,3,547,Una struttura dati che mappa chiavi a valori tramite una funzione hash,Corretta,1.0
3,3,547,Una lista doppiamente concatenata,Sbagliata,
4,3,547,Una matrice di adiacenza,Sbagliata,
1,4,547,Il percorso più breve in un grafo con pesi non negativi,Corretta,1.0
2,4,547,L'ordinamento topologico,Sbagliata,
3,4,547,L'albero di copertura minimo,Sbagliata,
4,4,547,Il flusso massimo in una rete,Sbagliata,
1,5,547,Un grafo non orientato,Sbagliata,
2,5,547,Un albero in cui ogni nodo ha al più 2 figli e i valori sinistri sono minori di quelli destri,Corretta,1.0
3,5,547,Una lista ordinata,Sbagliata,
4,5,547,Un insieme di nodi senza gerarchia,Sbagliata,
1,1,548,Sales Execution Online,Sbagliata,
2,1,548,Social Engine Operations,Sbagliata,
3,1,548,System Engagement Outreach,Sbagliata,
4,1,548,Search Engine Optimization,Corretta,1.0
1,2,548,Un software di CRM,Sbagliata,
2,2,548,Un tipo di contenuto digitale,Sbagliata,
3,2,548,Una piattaforma di advertising,Sbagliata,
4,2,548,Un indicatore chiave di prestazione,Corretta,1.0
1,3,548,Il marketing via SMS,Sbagliata,
2,3,548,La pubblicità a pagamento online,Sbagliata,
3,3,548,La creazione di contenuti di valore per attrarre e coinvolgere il pubblico target,Corretta,1.0
4,3,548,La promozione tramite influencer,Sbagliata,
1,1,549,La pianificazione strategica a lungo termine,Sbagliata,
2,1,549,Un sistema in cui si fissano obiettivi condivisi tra manager e dipendenti,Corretta,1.0
3,1,549,La gestione finanziaria aziendale,Sbagliata,
4,1,549,Il controllo qualità dei prodotti,Sbagliata,
1,2,549,Un sistema di gestione delle scorte,Sbagliata,
2,2,549,Un modello che identifica le attività che creano valore in un'azienda,Corretta,1.0
3,2,549,Una misura della redditività aziendale,Sbagliata,
4,2,549,Un metodo di valutazione del personale,Sbagliata,
